{
	"type" : "FeatureCollection",
	"name" : "Coastline",
	"features" : [
		{
			"type" : "Feature",
			"geometry" : {
				"type" : "Polygon",
				"coordinates" : [
					[
						[ 114.2576456189, 22.4466073801 ],
						[ 114.2577554305, 22.4461978305 ],
						[ 114.2580508862, 22.4460321179 ],
						[ 114.2581706574, 22.4462953493 ],
						[ 114.2580309355, 22.4468724291 ],
						[ 114.2578997785, 22.4470609423 ],
						[ 114.2576598573, 22.4471882113 ],
						[ 114.2575358067, 22.4470169297 ],
						[ 114.2576456189, 22.4466073801 ]
					]
				]
			},
			"properties" : {
				"TYPE" : null
			}
		},
		{
			"type" : "Feature",
			"geometry" : {
				"type" : "Polygon",
				"coordinates" : [
					[
						[ 114.3772533581, 22.3592952622 ],
						[ 114.3772123096, 22.359037221 ],
						[ 114.3782941269, 22.3578486914 ],
						[ 114.3792994957, 22.3575033207 ],
						[ 114.379488358, 22.3576923459 ],
						[ 114.3792930278, 22.358146825 ],
						[ 114.3786319639, 22.3587636124 ],
						[ 114.3772533581, 22.3592952622 ]
					]
				]
			},
			"properties" : {
				"TYPE" : null
			}
		},
		{
			"type" : "Feature",
			"geometry" : {
				"type" : "Polygon",
				"coordinates" : [
					[
						[ 113.8613242809, 22.2464515066 ],
						[ 113.8613517514, 22.2465045243 ],
						[ 113.8613242809, 22.2464515066 ]
					]
				]
			},
			"properties" : {
				"TYPE" : null
			}
		},
		{
			"type" : "Feature",
			"geometry" : {
				"type" : "Polygon",
				"coordinates" : [
					[
						[ 114.2822144696, 22.3867589762 ],
						[ 114.2821862325, 22.3865673582 ],
						[ 114.2824018262, 22.3867844014 ],
						[ 114.2822144696, 22.3867589762 ]
					]
				]
			},
			"properties" : {
				"TYPE" : null
			}
		},
		{
			"type" : "Feature",
			"geometry" : {
				"type" : "Polygon",
				"coordinates" : [
					[
						[ 113.9834648765, 22.3386605568 ],
						[ 113.9835321243, 22.3396494264 ],
						[ 113.9833001409, 22.340175169 ],
						[ 113.9830807692, 22.3403120265 ],
						[ 113.9819664531, 22.3393597208 ],
						[ 113.9817801451, 22.3385610167 ],
						[ 113.9813666634, 22.3380256308 ],
						[ 113.9804698454, 22.3355765036 ],
						[ 113.980324667, 22.3349043291 ],
						[ 113.9805260237, 22.3340203931 ],
						[ 113.9808854765, 22.3341142039 ],
						[ 113.9825862658, 22.3363385316 ],
						[ 113.9834648765, 22.3386605568 ]
					]
				]
			},
			"properties" : {
				"TYPE" : null
			}
		},
		{
			"type" : "Feature",
			"geometry" : {
				"type" : "Polygon",
				"coordinates" : [
					[
						[ 113.9671174429, 22.3291975718 ],
						[ 113.9687281122, 22.3308826152 ],
						[ 113.9688500464, 22.3313027098 ],
						[ 113.9686490083, 22.3314804345 ],
						[ 113.9678669262, 22.3314080507 ],
						[ 113.9677908462, 22.3316480385 ],
						[ 113.966485167, 22.3322257303 ],
						[ 113.9663151234, 22.3326588849 ],
						[ 113.96597432, 22.3330051422 ],
						[ 113.965989062, 22.3334719045 ],
						[ 113.9662471042, 22.3338314476 ],
						[ 113.9660411047, 22.3339859902 ],
						[ 113.9653427907, 22.333533635 ],
						[ 113.9650714194, 22.3330999053 ],
						[ 113.9648356736, 22.3301934443 ],
						[ 113.9650770524, 22.3293682693 ],
						[ 113.965293535, 22.3291905601 ],
						[ 113.9666026648, 22.3289503171 ],
						[ 113.9671174429, 22.3291975718 ]
					]
				]
			},
			"properties" : {
				"TYPE" : null
			}
		},
		{
			"type" : "Feature",
			"geometry" : {
				"type" : "Polygon",
				"coordinates" : [
					[
						[ 113.9788699845, 22.327015563 ],
						[ 113.978793642, 22.3270095457 ],
						[ 113.9787108819, 22.3270390648 ],
						[ 113.9785911148, 22.327127806 ],
						[ 113.9785582542, 22.3269796378 ],
						[ 113.9785825986, 22.326862424 ],
						[ 113.978730291, 22.326808042 ],
						[ 113.978838568, 22.3267311617 ],
						[ 113.9789087114, 22.3266246147 ],
						[ 113.9789300971, 22.3264095242 ],
						[ 113.9790871898, 22.32639971 ],
						[ 113.9792425889, 22.3264483213 ],
						[ 113.9793516043, 22.3266257689 ],
						[ 113.9791376728, 22.3266959826 ],
						[ 113.9790611468, 22.326820294 ],
						[ 113.9789634761, 22.327064424 ],
						[ 113.9788699845, 22.327015563 ]
					]
				]
			},
			"properties" : {
				"TYPE" : null
			}
		},
		{
			"type" : "Feature",
			"geometry" : {
				"type" : "Polygon",
				"coordinates" : [
					[
						[ 114.0669602316, 22.3490802422 ],
						[ 114.0672599931, 22.3486488031 ],
						[ 114.0675922525, 22.3484944516 ],
						[ 114.067994413, 22.3485218772 ],
						[ 114.0682661225, 22.3487313245 ],
						[ 114.0683975437, 22.3494285619 ],
						[ 114.0680991442, 22.3499087599 ],
						[ 114.0676592763, 22.3501147128 ],
						[ 114.0676469029, 22.3502710051 ],
						[ 114.0674001722, 22.3502454989 ],
						[ 114.067425115, 22.3500803561 ],
						[ 114.0669514962, 22.3496351906 ],
						[ 114.0669602316, 22.3490802422 ]
					]
				]
			},
			"properties" : {
				"TYPE" : null
			}
		},
		{
			"type" : "Feature",
			"geometry" : {
				"type" : "Polygon",
				"coordinates" : [
					[
						[ 114.0334410477, 22.2889599463 ],
						[ 114.0338883325, 22.2891167871 ],
						[ 114.033570763, 22.2900511117 ],
						[ 114.0321091754, 22.289648504 ],
						[ 114.0317527754, 22.2891363491 ],
						[ 114.0318405705, 22.2889910348 ],
						[ 114.0322063712, 22.2890055392 ],
						[ 114.0324880107, 22.2887268254 ],
						[ 114.0334410477, 22.2889599463 ]
					]
				]
			},
			"properties" : {
				"TYPE" : null
			}
		},
		{
			"type" : "Feature",
			"geometry" : {
				"type" : "Polygon",
				"coordinates" : [
					[
						[ 114.0589001343, 22.2897517443 ],
						[ 114.058517786, 22.2897804272 ],
						[ 114.058363266, 22.2892448352 ],
						[ 114.0578255512, 22.2889973824 ],
						[ 114.0574755292, 22.289093464 ],
						[ 114.0574163163, 22.2892648215 ],
						[ 114.0569317713, 22.2892325501 ],
						[ 114.0569383112, 22.2890055975 ],
						[ 114.0571789804, 22.2890465574 ],
						[ 114.0570883655, 22.2888077121 ],
						[ 114.0576918761, 22.2886018879 ],
						[ 114.0580703366, 22.2886689466 ],
						[ 114.0581822571, 22.2885005895 ],
						[ 114.0580015004, 22.2882179435 ],
						[ 114.0573957209, 22.2880927861 ],
						[ 114.0574957039, 22.2877784317 ],
						[ 114.0579047446, 22.2877237625 ],
						[ 114.0579204305, 22.2879477784 ],
						[ 114.058052025, 22.2877965668 ],
						[ 114.0582456603, 22.2878812259 ],
						[ 114.0583030213, 22.2876371703 ],
						[ 114.059002233, 22.2876631005 ],
						[ 114.0601646451, 22.2881911384 ],
						[ 114.0602832608, 22.2883708967 ],
						[ 114.0606643317, 22.2883563958 ],
						[ 114.0605324407, 22.2888687255 ],
						[ 114.0602826287, 22.289133333 ],
						[ 114.0589001343, 22.2897517443 ]
					]
				]
			},
			"properties" : {
				"TYPE" : null
			}
		},
		{
			"type" : "Feature",
			"geometry" : {
				"type" : "Polygon",
				"coordinates" : [
					[
						[ 114.0581855595, 22.329703894 ],
						[ 114.0583979188, 22.329500735 ],
						[ 114.0591919709, 22.3295592354 ],
						[ 114.0589414912, 22.3297665036 ],
						[ 114.0584535914, 22.32977088 ],
						[ 114.0581855595, 22.329703894 ]
					]
				]
			},
			"properties" : {
				"TYPE" : null
			}
		},
		{
			"type" : "Feature",
			"geometry" : {
				"type" : "Polygon",
				"coordinates" : [
					[
						[ 114.0619085079, 22.3401586231 ],
						[ 114.0620065017, 22.3401259478 ],
						[ 114.0619446012, 22.3396832169 ],
						[ 114.0621667643, 22.3391603153 ],
						[ 114.0625613512, 22.3390961701 ],
						[ 114.0626370957, 22.3389195044 ],
						[ 114.0634673297, 22.3390908914 ],
						[ 114.0639363349, 22.3397106249 ],
						[ 114.0638884606, 22.3399848316 ],
						[ 114.0633039205, 22.3400334771 ],
						[ 114.0628537932, 22.340422649 ],
						[ 114.0627499009, 22.3408327529 ],
						[ 114.0626132637, 22.3408746216 ],
						[ 114.0622273918, 22.3411609971 ],
						[ 114.0619620511, 22.3408729782 ],
						[ 114.0614804225, 22.340936464 ],
						[ 114.0612708674, 22.3408074757 ],
						[ 114.0616585259, 22.3404862639 ],
						[ 114.061718442, 22.3404366204 ],
						[ 114.0616722299, 22.3402415455 ],
						[ 114.0617904479, 22.3401807545 ],
						[ 114.0618597052, 22.3401748977 ],
						[ 114.0619085079, 22.3401586231 ]
					]
				]
			},
			"properties" : {
				"TYPE" : null
			}
		},
		{
			"type" : "Feature",
			"geometry" : {
				"type" : "Polygon",
				"coordinates" : [
					[
						[ 113.9905742717, 22.3654451001 ],
						[ 113.9896257969, 22.3663969593 ],
						[ 113.9896953884, 22.3656225112 ],
						[ 113.9886001731, 22.3653018323 ],
						[ 113.9879592609, 22.3653122024 ],
						[ 113.9878602301, 22.3650587811 ],
						[ 113.9879577281, 22.3647641571 ],
						[ 113.990507684, 22.3646880591 ],
						[ 113.9908373582, 22.3653073441 ],
						[ 113.9905742717, 22.3654451001 ]
					]
				]
			},
			"properties" : {
				"TYPE" : null
			}
		},
		{
			"type" : "Feature",
			"geometry" : {
				"type" : "Polygon",
				"coordinates" : [
					[
						[ 113.8747759432, 22.3564815446 ],
						[ 113.8743775297, 22.3567866807 ],
						[ 113.8741120822, 22.3567232604 ],
						[ 113.8741459231, 22.3564279282 ],
						[ 113.8744347829, 22.3560928689 ],
						[ 113.8747609832, 22.3561569889 ],
						[ 113.8747759432, 22.3564815446 ]
					]
				]
			},
			"properties" : {
				"TYPE" : null
			}
		},
		{
			"type" : "Feature",
			"geometry" : {
				"type" : "Polygon",
				"coordinates" : [
					[
						[ 113.8863038628, 22.3525815078 ],
						[ 113.8858123283, 22.3522121459 ],
						[ 113.8859125583, 22.3514577485 ],
						[ 113.8860550602, 22.3512206926 ],
						[ 113.886712502, 22.3511171181 ],
						[ 113.8880983994, 22.3522329169 ],
						[ 113.888454633, 22.3529770035 ],
						[ 113.8882262137, 22.3533186619 ],
						[ 113.8876836363, 22.3535322942 ],
						[ 113.8868235471, 22.353315226 ],
						[ 113.886606434, 22.3527706879 ],
						[ 113.8863038628, 22.3525815078 ]
					]
				]
			},
			"properties" : {
				"TYPE" : null
			}
		},
		{
			"type" : "Feature",
			"geometry" : {
				"type" : "Polygon",
				"coordinates" : [
					[
						[ 113.885695685, 22.3483987366 ],
						[ 113.8857342503, 22.3487839739 ],
						[ 113.8854181324, 22.3488862987 ],
						[ 113.8852853472, 22.3487650875 ],
						[ 113.8853256236, 22.3483271547 ],
						[ 113.8851447169, 22.3481034241 ],
						[ 113.885695685, 22.3483987366 ]
					]
				]
			},
			"properties" : {
				"TYPE" : null
			}
		},
		{
			"type" : "Feature",
			"geometry" : {
				"type" : "Polygon",
				"coordinates" : [
					[
						[ 113.8871142495, 22.3479150701 ],
						[ 113.8868929806, 22.3484161818 ],
						[ 113.8865418335, 22.3483520506 ],
						[ 113.8865482412, 22.3476674795 ],
						[ 113.8863966709, 22.3474716077 ],
						[ 113.8865004305, 22.3471751515 ],
						[ 113.8869313931, 22.3474313143 ],
						[ 113.8873335555, 22.3474000566 ],
						[ 113.8871142495, 22.3479150701 ]
					]
				]
			},
			"properties" : {
				"TYPE" : null
			}
		},
		{
			"type" : "Feature",
			"geometry" : {
				"type" : "Polygon",
				"coordinates" : [
					[
						[ 113.8882840998, 22.3466815899 ],
						[ 113.8882975227, 22.3464000344 ],
						[ 113.8888086947, 22.3461634153 ],
						[ 113.8895357012, 22.3443709182 ],
						[ 113.8894860257, 22.3435570841 ],
						[ 113.8899526604, 22.3431479451 ],
						[ 113.8902238879, 22.3425499838 ],
						[ 113.8905329653, 22.3426065916 ],
						[ 113.8906813158, 22.3432864249 ],
						[ 113.8903494266, 22.3441074229 ],
						[ 113.8905406221, 22.3446899111 ],
						[ 113.8911240622, 22.3450939265 ],
						[ 113.8912484145, 22.3454431559 ],
						[ 113.8917211238, 22.3457517565 ],
						[ 113.8915590137, 22.3458381457 ],
						[ 113.8914503724, 22.3461158765 ],
						[ 113.8912692545, 22.3462163104 ],
						[ 113.8908911944, 22.3464028996 ],
						[ 113.8907919582, 22.3466900924 ],
						[ 113.8905326249, 22.3465617085 ],
						[ 113.8902312498, 22.3465273383 ],
						[ 113.8899979819, 22.3465653953 ],
						[ 113.889100722, 22.3465137481 ],
						[ 113.8882840998, 22.3466815899 ]
					]
				]
			},
			"properties" : {
				"TYPE" : null
			}
		},
		{
			"type" : "Feature",
			"geometry" : {
				"type" : "Polygon",
				"coordinates" : [
					[
						[ 113.8905819933, 22.341662613 ],
						[ 113.8902414955, 22.3415155456 ],
						[ 113.8902741759, 22.3411234905 ],
						[ 113.8909431648, 22.3411974401 ],
						[ 113.890888649, 22.3415445029 ],
						[ 113.8905819933, 22.341662613 ]
					]
				]
			},
			"properties" : {
				"TYPE" : null
			}
		},
		{
			"type" : "Feature",
			"geometry" : {
				"type" : "Polygon",
				"coordinates" : [
					[
						[ 114.3060285137, 22.1885876326 ],
						[ 114.3051555525, 22.1880175448 ],
						[ 114.3054710986, 22.1877185776 ],
						[ 114.3051575346, 22.1874881261 ],
						[ 114.305130651, 22.1866829949 ],
						[ 114.3047463147, 22.1862081094 ],
						[ 114.3051444539, 22.1861218599 ],
						[ 114.3049181972, 22.1858416971 ],
						[ 114.3045749438, 22.1844173242 ],
						[ 114.3041810773, 22.1843225029 ],
						[ 114.303947909, 22.1840285632 ],
						[ 114.303991192, 22.1838745736 ],
						[ 114.3046466276, 22.1834806821 ],
						[ 114.3048844467, 22.18344924 ],
						[ 114.305054815, 22.1835980046 ],
						[ 114.3052450951, 22.1844664302 ],
						[ 114.3055078431, 22.1847194445 ],
						[ 114.3058332426, 22.1854930934 ],
						[ 114.306137429, 22.1857368805 ],
						[ 114.3061401776, 22.186048917 ],
						[ 114.3058244025, 22.1860808742 ],
						[ 114.3057855356, 22.1862164833 ],
						[ 114.3063690416, 22.18701244 ],
						[ 114.3064375071, 22.187409909 ],
						[ 114.3063937022, 22.1875321837 ],
						[ 114.3061123799, 22.1874827744 ],
						[ 114.3060398728, 22.188061882 ],
						[ 114.3063809293, 22.1886719164 ],
						[ 114.3060285137, 22.1885876326 ]
					]
				]
			},
			"properties" : {
				"TYPE" : null
			}
		},
		{
			"type" : "Feature",
			"geometry" : {
				"type" : "Polygon",
				"coordinates" : [
					[
						[ 114.3038570311, 22.1822905708 ],
						[ 114.3041159307, 22.1821106753 ],
						[ 114.3045878696, 22.1828837518 ],
						[ 114.3042923703, 22.1835213992 ],
						[ 114.3039451919, 22.1837459396 ],
						[ 114.3035735187, 22.1836354673 ],
						[ 114.3030923759, 22.1830522029 ],
						[ 114.302890491, 22.1829733133 ],
						[ 114.3027691924, 22.1830772695 ],
						[ 114.3022685573, 22.1827587175 ],
						[ 114.3020763644, 22.1824877176 ],
						[ 114.3020517781, 22.1820217418 ],
						[ 114.3022868467, 22.1811221994 ],
						[ 114.3030949741, 22.1809896722 ],
						[ 114.3036490136, 22.1814281264 ],
						[ 114.3038570311, 22.1822905708 ]
					]
				]
			},
			"properties" : {
				"TYPE" : null
			}
		},
		{
			"type" : "Feature",
			"geometry" : {
				"type" : "Polygon",
				"coordinates" : [
					[
						[ 113.905622896, 22.1847066853 ],
						[ 113.90591845, 22.1843823529 ],
						[ 113.9058875193, 22.1840225015 ],
						[ 113.906293601, 22.1832529774 ],
						[ 113.90637251, 22.1828077247 ],
						[ 113.9063811765, 22.1826669509 ],
						[ 113.9061216168, 22.1825123934 ],
						[ 113.9060575102, 22.1816790448 ],
						[ 113.9054273576, 22.1805392555 ],
						[ 113.9052719373, 22.1794076156 ],
						[ 113.90576351, 22.1788756422 ],
						[ 113.9060355725, 22.1789483219 ],
						[ 113.9057260218, 22.1793623604 ],
						[ 113.9058038893, 22.1794600302 ],
						[ 113.9065862062, 22.1793007551 ],
						[ 113.9073191123, 22.1791501361 ],
						[ 113.9078739502, 22.1796290917 ],
						[ 113.9086985378, 22.1798448569 ],
						[ 113.9088874887, 22.1802390135 ],
						[ 113.9089755355, 22.1812242335 ],
						[ 113.9096554814, 22.181651399 ],
						[ 113.9099486397, 22.1820636691 ],
						[ 113.9101045429, 22.1819125522 ],
						[ 113.9108071354, 22.1821189049 ],
						[ 113.9121564159, 22.1820557653 ],
						[ 113.9131932523, 22.1815844645 ],
						[ 113.9134102934, 22.1812323843 ],
						[ 113.9134532615, 22.1801742208 ],
						[ 113.9132326107, 22.1798163665 ],
						[ 113.9129073804, 22.1796437695 ],
						[ 113.9132569389, 22.1784278304 ],
						[ 113.9137776301, 22.1784245357 ],
						[ 113.9138956536, 22.1787104479 ],
						[ 113.9145498317, 22.1789171668 ],
						[ 113.9145053065, 22.1792202912 ],
						[ 113.9147923488, 22.1792074147 ],
						[ 113.914811002, 22.1795382566 ],
						[ 113.9151511763, 22.1796427825 ],
						[ 113.9154975944, 22.1790452093 ],
						[ 113.9157089249, 22.1780314929 ],
						[ 113.9162975429, 22.1776247899 ],
						[ 113.9167812066, 22.1776030128 ],
						[ 113.9172429463, 22.17795665 ],
						[ 113.9169642472, 22.1785382243 ],
						[ 113.9167333626, 22.1786376992 ],
						[ 113.9167227813, 22.1792873405 ],
						[ 113.9163595974, 22.1796037734 ],
						[ 113.9165071405, 22.179959204 ],
						[ 113.9169397109, 22.1800597376 ],
						[ 113.917430139, 22.1806678504 ],
						[ 113.9178573856, 22.1807067117 ],
						[ 113.9185681901, 22.1804814768 ],
						[ 113.9189137874, 22.1800559747 ],
						[ 113.919200951, 22.179977284 ],
						[ 113.9202345993, 22.1809685874 ],
						[ 113.9200398159, 22.1813170365 ],
						[ 113.9189615025, 22.1820597776 ],
						[ 113.9180060682, 22.1820628594 ],
						[ 113.9178403447, 22.1819208866 ],
						[ 113.9174904276, 22.1820013082 ],
						[ 113.9167308524, 22.1826838011 ],
						[ 113.9164599582, 22.1833173852 ],
						[ 113.9154547261, 22.1837910602 ],
						[ 113.9143844357, 22.1839186228 ],
						[ 113.913832285, 22.1830325096 ],
						[ 113.9133973419, 22.1828799742 ],
						[ 113.9128963526, 22.1829063096 ],
						[ 113.9121447567, 22.1832694872 ],
						[ 113.9114186024, 22.1840293027 ],
						[ 113.9111249198, 22.1849435048 ],
						[ 113.9106235646, 22.1854225672 ],
						[ 113.9103379815, 22.1859659364 ],
						[ 113.9090501345, 22.1866972235 ],
						[ 113.9082407641, 22.1875553488 ],
						[ 113.9072005179, 22.187708687 ],
						[ 113.9067789279, 22.1880594983 ],
						[ 113.9063955956, 22.1877791285 ],
						[ 113.9062092442, 22.1873173339 ],
						[ 113.9062617438, 22.1854429885 ],
						[ 113.9057323828, 22.1850593075 ],
						[ 113.905622896, 22.1847066853 ]
					]
				]
			},
			"properties" : {
				"TYPE" : null
			}
		},
		{
			"type" : "Feature",
			"geometry" : {
				"type" : "Polygon",
				"coordinates" : [
					[
						[ 113.9200472281, 22.1799537764 ],
						[ 113.9195950359, 22.1797809836 ],
						[ 113.9190369873, 22.1791368913 ],
						[ 113.9189378252, 22.1787907328 ],
						[ 113.9193152827, 22.1787729342 ],
						[ 113.9199121065, 22.1792836583 ],
						[ 113.9209834036, 22.1796653911 ],
						[ 113.9208034212, 22.1800295055 ],
						[ 113.9200472281, 22.1799537764 ]
					]
				]
			},
			"properties" : {
				"TYPE" : null
			}
		},
		{
			"type" : "Feature",
			"geometry" : {
				"type" : "Polygon",
				"coordinates" : [
					[
						[ 113.9242924677, 22.1784568107 ],
						[ 113.9243777411, 22.1780088041 ],
						[ 113.9249846689, 22.1775698945 ],
						[ 113.9251766872, 22.1773760223 ],
						[ 113.9254023529, 22.1774260665 ],
						[ 113.9261916915, 22.178029548 ],
						[ 113.9260718091, 22.1784936041 ],
						[ 113.9262607702, 22.1789084484 ],
						[ 113.9259457407, 22.1793832397 ],
						[ 113.9250365979, 22.1794770841 ],
						[ 113.9244724352, 22.1797568671 ],
						[ 113.9244064622, 22.1799085978 ],
						[ 113.9246143036, 22.1799839195 ],
						[ 113.924217839, 22.1804084338 ],
						[ 113.9237466326, 22.1803672091 ],
						[ 113.9234411588, 22.1796374795 ],
						[ 113.9235446321, 22.1792345919 ],
						[ 113.9237170364, 22.1792371626 ],
						[ 113.9240170828, 22.1785833732 ],
						[ 113.9242890963, 22.1786831777 ],
						[ 113.9242924677, 22.1784568107 ]
					]
				]
			},
			"properties" : {
				"TYPE" : null
			}
		},
		{
			"type" : "Feature",
			"geometry" : {
				"type" : "Polygon",
				"coordinates" : [
					[
						[ 113.9247442461, 22.1772042043 ],
						[ 113.9242992987, 22.1771188528 ],
						[ 113.9242437982, 22.1769397876 ],
						[ 113.9244312838, 22.1767974473 ],
						[ 113.9247373855, 22.1768973039 ],
						[ 113.9245748533, 22.1766237566 ],
						[ 113.9249108357, 22.1763114081 ],
						[ 113.9250832291, 22.1763181134 ],
						[ 113.9252383789, 22.1765723321 ],
						[ 113.9247442461, 22.1772042043 ]
					]
				]
			},
			"properties" : {
				"TYPE" : null
			}
		},
		{
			"type" : "Feature",
			"geometry" : {
				"type" : "Polygon",
				"coordinates" : [
					[
						[ 113.9257622566, 22.1761631918 ],
						[ 113.9255478009, 22.1764734267 ],
						[ 113.9252733641, 22.1760699547 ],
						[ 113.925527254, 22.1758030289 ],
						[ 113.925626213, 22.1759932052 ],
						[ 113.9258232773, 22.1760137466 ],
						[ 113.9257622566, 22.1761631918 ]
					]
				]
			},
			"properties" : {
				"TYPE" : null
			}
		},
		{
			"type" : "Feature",
			"geometry" : {
				"type" : "Polygon",
				"coordinates" : [
					[
						[ 113.9049862213, 22.1748779293 ],
						[ 113.9041596273, 22.1746998722 ],
						[ 113.9041074681, 22.1740791063 ],
						[ 113.9037631312, 22.1735807045 ],
						[ 113.905218062, 22.1729946692 ],
						[ 113.9057941628, 22.1731943935 ],
						[ 113.9059631931, 22.1736635114 ],
						[ 113.9052389193, 22.1747403166 ],
						[ 113.9049862213, 22.1748779293 ]
					]
				]
			},
			"properties" : {
				"TYPE" : null
			}
		},
		{
			"type" : "Feature",
			"geometry" : {
				"type" : "Polygon",
				"coordinates" : [
					[
						[ 113.906993358, 22.173201314 ],
						[ 113.907005153, 22.1730767733 ],
						[ 113.9072750115, 22.1729980839 ],
						[ 113.9075589688, 22.1730459463 ],
						[ 113.90772405, 22.1732546471 ],
						[ 113.9077017193, 22.1735711538 ],
						[ 113.9069888162, 22.1738690442 ],
						[ 113.9066343789, 22.1737396253 ],
						[ 113.9065741622, 22.1734584093 ],
						[ 113.906993358, 22.173201314 ]
					]
				]
			},
			"properties" : {
				"TYPE" : null
			}
		},
		{
			"type" : "Feature",
			"geometry" : {
				"type" : "Polygon",
				"coordinates" : [
					[
						[ 113.9103602473, 22.1780858689 ],
						[ 113.9102096477, 22.1780492741 ],
						[ 113.910297548, 22.1778051109 ],
						[ 113.9106573509, 22.1777132158 ],
						[ 113.910664303, 22.1779552403 ],
						[ 113.9103602473, 22.1780858689 ]
					]
				]
			},
			"properties" : {
				"TYPE" : null
			}
		},
		{
			"type" : "Feature",
			"geometry" : {
				"type" : "Polygon",
				"coordinates" : [
					[
						[ 113.9003003418, 22.1717837031 ],
						[ 113.9006909005, 22.1721285245 ],
						[ 113.9009437953, 22.172138155 ],
						[ 113.9012771165, 22.171943638 ],
						[ 113.9013022878, 22.1714504518 ],
						[ 113.9014606205, 22.1713149882 ],
						[ 113.9018348863, 22.1714034977 ],
						[ 113.9019363755, 22.1718002783 ],
						[ 113.9022472047, 22.1719931197 ],
						[ 113.9021806755, 22.1724208993 ],
						[ 113.9023509616, 22.1724911198 ],
						[ 113.90276192, 22.1722544037 ],
						[ 113.9030804358, 22.1723092314 ],
						[ 113.9029024682, 22.1726305421 ],
						[ 113.9024714384, 22.1727724477 ],
						[ 113.9024389427, 22.1732297247 ],
						[ 113.9022300817, 22.1731815284 ],
						[ 113.9017482066, 22.173556618 ],
						[ 113.9012626726, 22.1732755939 ],
						[ 113.9012200178, 22.1726005597 ],
						[ 113.9009236817, 22.1723193938 ],
						[ 113.9005735677, 22.1722599117 ],
						[ 113.9002190734, 22.1724175822 ],
						[ 113.8994626929, 22.1724641504 ],
						[ 113.8984669506, 22.1718960668 ],
						[ 113.8978908293, 22.171965476 ],
						[ 113.8977932484, 22.1718539697 ],
						[ 113.8980717169, 22.1714224095 ],
						[ 113.8989958351, 22.1712289065 ],
						[ 113.8993342741, 22.1709465246 ],
						[ 113.8996380186, 22.1709718848 ],
						[ 113.899644885, 22.1712479554 ],
						[ 113.900244618, 22.1714776491 ],
						[ 113.9003003418, 22.1717837031 ]
					]
				]
			},
			"properties" : {
				"TYPE" : null
			}
		},
		{
			"type" : "Feature",
			"geometry" : {
				"type" : "Polygon",
				"coordinates" : [
					[
						[ 113.9171270854, 22.1627681336 ],
						[ 113.9165232439, 22.1634324713 ],
						[ 113.9162947784, 22.1633055863 ],
						[ 113.9159676986, 22.162813676 ],
						[ 113.9160443031, 22.1622543105 ],
						[ 113.9162166908, 22.1622545861 ],
						[ 113.9162781496, 22.1618746454 ],
						[ 113.9166961243, 22.1618210202 ],
						[ 113.9171697842, 22.1621070369 ],
						[ 113.9172741517, 22.1622972271 ],
						[ 113.9171270854, 22.1627681336 ]
					]
				]
			},
			"properties" : {
				"TYPE" : null
			}
		},
		{
			"type" : "Feature",
			"geometry" : {
				"type" : "Polygon",
				"coordinates" : [
					[
						[ 113.924201127, 22.154921204 ],
						[ 113.9236439076, 22.1560669061 ],
						[ 113.9229886959, 22.1556605442 ],
						[ 113.922516671, 22.155845688 ],
						[ 113.9223351817, 22.1554175117 ],
						[ 113.9219734639, 22.1552356644 ],
						[ 113.9218304136, 22.1548572347 ],
						[ 113.9219888349, 22.1546513653 ],
						[ 113.9219044693, 22.1543250171 ],
						[ 113.922306443, 22.1538186155 ],
						[ 113.9225520103, 22.1537670087 ],
						[ 113.9229137431, 22.1539442491 ],
						[ 113.9235057028, 22.1546357843 ],
						[ 113.9235152093, 22.1548437583 ],
						[ 113.9238192153, 22.1547062048 ],
						[ 113.924201127, 22.154921204 ]
					]
				]
			},
			"properties" : {
				"TYPE" : null
			}
		},
		{
			"type" : "Feature",
			"geometry" : {
				"type" : "Polygon",
				"coordinates" : [
					[
						[ 113.9224573542, 22.1536693204 ],
						[ 113.92219732, 22.1535285864 ],
						[ 113.9222780346, 22.1534109248 ],
						[ 113.9225258294, 22.1534950441 ],
						[ 113.9224573542, 22.1536693204 ]
					]
				]
			},
			"properties" : {
				"TYPE" : null
			}
		},
		{
			"type" : "Feature",
			"geometry" : {
				"type" : "Polygon",
				"coordinates" : [
					[
						[ 113.8807044501, 22.37196966 ],
						[ 113.880789338, 22.3712269525 ],
						[ 113.8804577092, 22.3707509104 ],
						[ 113.8805009, 22.3704695826 ],
						[ 113.8816056123, 22.3700299582 ],
						[ 113.8826107342, 22.3701838613 ],
						[ 113.882702065, 22.3705423466 ],
						[ 113.8833209855, 22.3708417821 ],
						[ 113.8834859897, 22.3716193141 ],
						[ 113.8831397601, 22.3721232535 ],
						[ 113.8839854914, 22.3730133011 ],
						[ 113.8842934558, 22.3731315519 ],
						[ 113.8846197806, 22.3734595855 ],
						[ 113.884610023, 22.3736314445 ],
						[ 113.8836420375, 22.3736838764 ],
						[ 113.883091516, 22.3745143023 ],
						[ 113.8828384216, 22.3745196674 ],
						[ 113.8828281547, 22.3752333791 ],
						[ 113.883425406, 22.3754209057 ],
						[ 113.8842258168, 22.3761191894 ],
						[ 113.8842284732, 22.3763487481 ],
						[ 113.8837954657, 22.3770016875 ],
						[ 113.8835333376, 22.3771270609 ],
						[ 113.8835265815, 22.3773624362 ],
						[ 113.8836552385, 22.3775520197 ],
						[ 113.8842566008, 22.3775758378 ],
						[ 113.8842404832, 22.3777937133 ],
						[ 113.8848938277, 22.378127575 ],
						[ 113.8848805301, 22.3784975283 ],
						[ 113.8853233458, 22.3791491327 ],
						[ 113.8849889116, 22.3799974275 ],
						[ 113.8850776247, 22.3801176111 ],
						[ 113.8844323392, 22.3804205825 ],
						[ 113.8835689462, 22.3804621312 ],
						[ 113.8831996051, 22.3803268716 ],
						[ 113.8829369379, 22.3807056912 ],
						[ 113.882553718, 22.3809135798 ],
						[ 113.8821502572, 22.3809157623 ],
						[ 113.8812951058, 22.3806164689 ],
						[ 113.8808772289, 22.3806174569 ],
						[ 113.8797365234, 22.3820352491 ],
						[ 113.8793116401, 22.3820915678 ],
						[ 113.878510079, 22.38192404 ],
						[ 113.8779017081, 22.3822410323 ],
						[ 113.8775725472, 22.3820656396 ],
						[ 113.8773109503, 22.381640996 ],
						[ 113.8771127846, 22.3805621691 ],
						[ 113.8772870397, 22.3799373237 ],
						[ 113.8782254335, 22.3796809503 ],
						[ 113.8783613748, 22.3793893012 ],
						[ 113.8794277983, 22.3793161046 ],
						[ 113.8801808134, 22.3790308337 ],
						[ 113.8803693151, 22.3787643296 ],
						[ 113.8810542418, 22.3786799294 ],
						[ 113.882348755, 22.3773888422 ],
						[ 113.8826539303, 22.3758582312 ],
						[ 113.88251536, 22.3744276108 ],
						[ 113.8813389799, 22.3737804854 ],
						[ 113.8813203411, 22.3725184644 ],
						[ 113.8807044501, 22.37196966 ]
					]
				]
			},
			"properties" : {
				"TYPE" : null
			}
		},
		{
			"type" : "Feature",
			"geometry" : {
				"type" : "Polygon",
				"coordinates" : [
					[
						[ 113.9829484958, 22.1965531054 ],
						[ 113.9826202414, 22.1957951204 ],
						[ 113.9826552964, 22.1949353499 ],
						[ 113.9824180302, 22.1946050491 ],
						[ 113.9823878695, 22.1941908745 ],
						[ 113.9827981758, 22.1936586612 ],
						[ 113.9831201124, 22.1935334545 ],
						[ 113.9832111996, 22.1932074102 ],
						[ 113.9834577983, 22.1929041904 ],
						[ 113.9838493033, 22.192812361 ],
						[ 113.9838777824, 22.1926289813 ],
						[ 113.9848035216, 22.1926528598 ],
						[ 113.9851008996, 22.1921356879 ],
						[ 113.9857502845, 22.1915155453 ],
						[ 113.9866637255, 22.1913559762 ],
						[ 113.9868707085, 22.1916096914 ],
						[ 113.9873735196, 22.1915115985 ],
						[ 113.9875564533, 22.1907390271 ],
						[ 113.9883696012, 22.1900553976 ],
						[ 113.9886570386, 22.1894523435 ],
						[ 113.9890064998, 22.1893709738 ],
						[ 113.9895256319, 22.1885701689 ],
						[ 113.9902432676, 22.1884851285 ],
						[ 113.9909409072, 22.1888130272 ],
						[ 113.9912596442, 22.1891609733 ],
						[ 113.9919529886, 22.1893076076 ],
						[ 113.9919743239, 22.1894987395 ],
						[ 113.9926815197, 22.1896812383 ],
						[ 113.9936723955, 22.1902512807 ],
						[ 113.994332057, 22.1908583244 ],
						[ 113.9943928168, 22.1914080462 ],
						[ 113.9946669086, 22.191902215 ],
						[ 113.9943476154, 22.1928968964 ],
						[ 113.9946443654, 22.192839983 ],
						[ 113.9948289356, 22.1931988346 ],
						[ 113.9947438063, 22.1932643926 ],
						[ 113.9950494319, 22.1934169555 ],
						[ 113.995009764, 22.1940243793 ],
						[ 113.9949447283, 22.1943601765 ],
						[ 113.9946729724, 22.1944866187 ],
						[ 113.9945860321, 22.1947826651 ],
						[ 113.9937732152, 22.195212834 ],
						[ 113.9933325778, 22.1952563628 ],
						[ 113.9930239127, 22.1950309155 ],
						[ 113.9921642056, 22.194479811 ],
						[ 113.991783585, 22.1950576597 ],
						[ 113.9911502886, 22.1950947956 ],
						[ 113.9913346779, 22.1955868265 ],
						[ 113.9916673088, 22.1959119669 ],
						[ 113.9917501065, 22.1963921961 ],
						[ 113.9915910996, 22.1966344263 ],
						[ 113.991601525, 22.1968114217 ],
						[ 113.9918486324, 22.1968292221 ],
						[ 113.9919280111, 22.1970477738 ],
						[ 113.9923940584, 22.1970366166 ],
						[ 113.9925638841, 22.1971606467 ],
						[ 113.992545328, 22.1974392407 ],
						[ 113.9922303223, 22.1975364336 ],
						[ 113.9922231559, 22.1982262621 ],
						[ 113.9919817457, 22.1986401178 ],
						[ 113.9921974373, 22.1991835858 ],
						[ 113.9908371499, 22.1998597371 ],
						[ 113.9907708174, 22.2000219067 ],
						[ 113.991000763, 22.2009993894 ],
						[ 113.9906753073, 22.2014102302 ],
						[ 113.9900733871, 22.2016940076 ],
						[ 113.9898326109, 22.201627139 ],
						[ 113.9895754859, 22.2020637573 ],
						[ 113.9885636421, 22.2021145802 ],
						[ 113.9882071151, 22.2018279489 ],
						[ 113.9878131032, 22.2018923323 ],
						[ 113.9875629942, 22.202233745 ],
						[ 113.9873096411, 22.2021878905 ],
						[ 113.9867726535, 22.2017614496 ],
						[ 113.9863789376, 22.2011459184 ],
						[ 113.9851202425, 22.2005322961 ],
						[ 113.9848405896, 22.1995331362 ],
						[ 113.9847649943, 22.1993064129 ],
						[ 113.9845113633, 22.199013474 ],
						[ 113.9841720673, 22.1989815287 ],
						[ 113.9837004479, 22.1984669522 ],
						[ 113.9832286854, 22.197606589 ],
						[ 113.9829484958, 22.1965531054 ]
					]
				]
			},
			"properties" : {
				"TYPE" : null
			}
		},
		{
			"type" : "Feature",
			"geometry" : {
				"type" : "Polygon",
				"coordinates" : [
					[
						[ 113.9459333928, 22.2153101116 ],
						[ 113.9451088074, 22.2146303039 ],
						[ 113.9451579618, 22.2141863726 ],
						[ 113.945664094, 22.2140987544 ],
						[ 113.9464375167, 22.2143400214 ],
						[ 113.9466154873, 22.2145896459 ],
						[ 113.9467765915, 22.2148815819 ],
						[ 113.9466883678, 22.21534799 ],
						[ 113.9465085202, 22.2153385333 ],
						[ 113.9465226124, 22.2154811834 ],
						[ 113.9459333928, 22.2153101116 ]
					]
				]
			},
			"properties" : {
				"TYPE" : null
			}
		},
		{
			"type" : "Feature",
			"geometry" : {
				"type" : "Polygon",
				"coordinates" : [
					[
						[ 114.4063599388, 22.4131129644 ],
						[ 114.4061016662, 22.413290436 ],
						[ 114.4057669088, 22.4132909105 ],
						[ 114.4058394186, 22.4129452941 ],
						[ 114.4062205849, 22.4126869345 ],
						[ 114.4063931488, 22.4128016651 ],
						[ 114.4063599388, 22.4131129644 ]
					]
				]
			},
			"properties" : {
				"TYPE" : null
			}
		},
		{
			"type" : "Feature",
			"geometry" : {
				"type" : "Polygon",
				"coordinates" : [
					[
						[ 114.3878271513, 22.4056565747 ],
						[ 114.3878125113, 22.4058853804 ],
						[ 114.3875876589, 22.4058711618 ],
						[ 114.3875629005, 22.4056052381 ],
						[ 114.3878271513, 22.4056565747 ]
					]
				]
			},
			"properties" : {
				"TYPE" : null
			}
		},
		{
			"type" : "Feature",
			"geometry" : {
				"type" : "Polygon",
				"coordinates" : [
					[
						[ 114.3862381853, 22.4021872514 ],
						[ 114.3856028969, 22.4020701984 ],
						[ 114.3857492983, 22.401412664 ],
						[ 114.3861180611, 22.4012008111 ],
						[ 114.3869323663, 22.4011800144 ],
						[ 114.3867799704, 22.4020001511 ],
						[ 114.3862381853, 22.4021872514 ]
					]
				]
			},
			"properties" : {
				"TYPE" : null
			}
		},
		{
			"type" : "Feature",
			"geometry" : {
				"type" : "Polygon",
				"coordinates" : [
					[
						[ 114.3863191076, 22.4032596943 ],
						[ 114.3864991967, 22.4034179905 ],
						[ 114.3863916692, 22.4037555079 ],
						[ 114.3859687263, 22.4040702072 ],
						[ 114.3854271733, 22.4040023927 ],
						[ 114.3850517757, 22.40353425 ],
						[ 114.3849831136, 22.4027190505 ],
						[ 114.3856035118, 22.4024819054 ],
						[ 114.3864885186, 22.4025405689 ],
						[ 114.3866076759, 22.4028737376 ],
						[ 114.386299552, 22.4031261591 ],
						[ 114.3863191076, 22.4032596943 ]
					]
				]
			},
			"properties" : {
				"TYPE" : null
			}
		},
		{
			"type" : "Feature",
			"geometry" : {
				"type" : "Polygon",
				"coordinates" : [
					[
						[ 114.3160373762, 22.3842612337 ],
						[ 114.3160383474, 22.3842614225 ],
						[ 114.3163677616, 22.3843267092 ],
						[ 114.3168044065, 22.3845063551 ],
						[ 114.3170384985, 22.3850607156 ],
						[ 114.3173770778, 22.3852090819 ],
						[ 114.3175492872, 22.3856949719 ],
						[ 114.3179648664, 22.3860290906 ],
						[ 114.3179094106, 22.3861458582 ],
						[ 114.317863486, 22.3864315962 ],
						[ 114.3182202353, 22.3866252419 ],
						[ 114.3184481908, 22.3872765841 ],
						[ 114.3182857622, 22.3878254826 ],
						[ 114.3180156849, 22.3881201309 ],
						[ 114.3172626224, 22.3875040845 ],
						[ 114.3168191151, 22.3873471035 ],
						[ 114.3165925803, 22.3874785396 ],
						[ 114.3166327334, 22.387672453 ],
						[ 114.3168813964, 22.3878098627 ],
						[ 114.3167897617, 22.3879702153 ],
						[ 114.3160277078, 22.3877194276 ],
						[ 114.3154116483, 22.3867252289 ],
						[ 114.3155184966, 22.3861595389 ],
						[ 114.3150815814, 22.3857197482 ],
						[ 114.315041408, 22.3855025989 ],
						[ 114.3154582543, 22.3839761774 ],
						[ 114.3158117483, 22.3840501952 ],
						[ 114.3158576781, 22.3844014785 ],
						[ 114.3160456219, 22.3843897036 ],
						[ 114.3160374353, 22.3842621367 ],
						[ 114.3160373762, 22.3842612337 ]
					]
				]
			},
			"properties" : {
				"TYPE" : null
			}
		},
		{
			"type" : "Feature",
			"geometry" : {
				"type" : "Polygon",
				"coordinates" : [
					[
						[ 114.3137732827, 22.389412927 ],
						[ 114.313561231, 22.3896842833 ],
						[ 114.31351541, 22.3900762998 ],
						[ 114.3129752363, 22.3900483003 ],
						[ 114.3132386452, 22.3892937518 ],
						[ 114.3137697164, 22.388964051 ],
						[ 114.3137732827, 22.389412927 ]
					]
				]
			},
			"properties" : {
				"TYPE" : null
			}
		},
		{
			"type" : "Feature",
			"geometry" : {
				"type" : "Polygon",
				"coordinates" : [
					[
						[ 114.2732734322, 22.4153813073 ],
						[ 114.273971416, 22.4153204031 ],
						[ 114.27397146, 22.4153836164 ],
						[ 114.2726060663, 22.4155053134 ],
						[ 114.2722434702, 22.4158969178 ],
						[ 114.2719486506, 22.4158657288 ],
						[ 114.2718192509, 22.4156828925 ],
						[ 114.2721018153, 22.4151624171 ],
						[ 114.2727046955, 22.415430925 ],
						[ 114.2732734322, 22.4153813073 ]
					]
				]
			},
			"properties" : {
				"TYPE" : null
			}
		},
		{
			"type" : "Feature",
			"geometry" : {
				"type" : "Polygon",
				"coordinates" : [
					[
						[ 114.2956971501, 22.3742356154 ],
						[ 114.2954417882, 22.3742410224 ],
						[ 114.2949520365, 22.3739516183 ],
						[ 114.2948112127, 22.3735556785 ],
						[ 114.2949219932, 22.3731212387 ],
						[ 114.2951492651, 22.3731297871 ],
						[ 114.2955241814, 22.373480836 ],
						[ 114.2958677926, 22.3729834986 ],
						[ 114.2962063475, 22.3731522374 ],
						[ 114.2963602881, 22.3735655771 ],
						[ 114.2962844177, 22.3739198643 ],
						[ 114.2956971501, 22.3742356154 ]
					]
				]
			},
			"properties" : {
				"TYPE" : null
			}
		},
		{
			"type" : "Feature",
			"geometry" : {
				"type" : "Polygon",
				"coordinates" : [
					[
						[ 114.2965310809, 22.3710434879 ],
						[ 114.2963826981, 22.3712915487 ],
						[ 114.2957559326, 22.3714006025 ],
						[ 114.2948467653, 22.3720301626 ],
						[ 114.2945307598, 22.3719299372 ],
						[ 114.294558845, 22.3711738452 ],
						[ 114.2955150307, 22.3700512397 ],
						[ 114.2958685232, 22.3701769921 ],
						[ 114.2964190083, 22.3706736625 ],
						[ 114.2965310809, 22.3710434879 ]
					]
				]
			},
			"properties" : {
				"TYPE" : null
			}
		},
		{
			"type" : "Feature",
			"geometry" : {
				"type" : "Polygon",
				"coordinates" : [
					[
						[ 114.293364156, 22.3270638847 ],
						[ 114.293652146, 22.3261178693 ],
						[ 114.2941599848, 22.3255709541 ],
						[ 114.2946186198, 22.3253381926 ],
						[ 114.2949648424, 22.323800711 ],
						[ 114.2952538664, 22.3233644136 ],
						[ 114.2954153859, 22.3235230801 ],
						[ 114.2957310029, 22.3230867624 ],
						[ 114.2962793772, 22.3229644014 ],
						[ 114.296300131, 22.3226473857 ],
						[ 114.2972072411, 22.3226357877 ],
						[ 114.2976145224, 22.3223881012 ],
						[ 114.2981057363, 22.3226742386 ],
						[ 114.2982934883, 22.3224111818 ],
						[ 114.2985224125, 22.3225617395 ],
						[ 114.2989146884, 22.3221276608 ],
						[ 114.2998498417, 22.3223662823 ],
						[ 114.3001606775, 22.3221520305 ],
						[ 114.3003678928, 22.3222278109 ],
						[ 114.3005814366, 22.3224687012 ],
						[ 114.3010193556, 22.3226070218 ],
						[ 114.3013245739, 22.3230313693 ],
						[ 114.3013341296, 22.3233431787 ],
						[ 114.3007833752, 22.3235696992 ],
						[ 114.3008140089, 22.3239551278 ],
						[ 114.3011674045, 22.3243058033 ],
						[ 114.3016360837, 22.324263442 ],
						[ 114.3017395629, 22.3245038375 ],
						[ 114.3020135469, 22.3245628848 ],
						[ 114.3019835035, 22.3248430905 ],
						[ 114.302232772, 22.3249194139 ],
						[ 114.3020079275, 22.3251945867 ],
						[ 114.3021150444, 22.3253440774 ],
						[ 114.3016491552, 22.3257552104 ],
						[ 114.3006272048, 22.3259826705 ],
						[ 114.3007065555, 22.3262144608 ],
						[ 114.3003900914, 22.3263734869 ],
						[ 114.3003254679, 22.3267175738 ],
						[ 114.3005093772, 22.3270050844 ],
						[ 114.2998979177, 22.3271269387 ],
						[ 114.2995477206, 22.3268976561 ],
						[ 114.2992755461, 22.3275036688 ],
						[ 114.2989855179, 22.3274952544 ],
						[ 114.2989183822, 22.3278013691 ],
						[ 114.2983187673, 22.3280440285 ],
						[ 114.298432072, 22.3282010032 ],
						[ 114.2992533255, 22.3282573409 ],
						[ 114.2992151703, 22.3284702293 ],
						[ 114.2980885937, 22.3285918959 ],
						[ 114.2980973569, 22.3287132783 ],
						[ 114.298396103, 22.3287987727 ],
						[ 114.2981891747, 22.3290647245 ],
						[ 114.2972701374, 22.328912378 ],
						[ 114.2973466115, 22.3293932802 ],
						[ 114.2968872452, 22.3295075328 ],
						[ 114.2969524029, 22.329764648 ],
						[ 114.29669894, 22.3298528566 ],
						[ 114.2966744061, 22.3300968085 ],
						[ 114.2960541246, 22.3300460626 ],
						[ 114.2958022002, 22.3304846367 ],
						[ 114.2952453053, 22.3308054942 ],
						[ 114.2949958358, 22.33123601 ],
						[ 114.2937179662, 22.3316413796 ],
						[ 114.2938875688, 22.3311010396 ],
						[ 114.2933945243, 22.3301325684 ],
						[ 114.2932668396, 22.3290297927 ],
						[ 114.2928262229, 22.3278743038 ],
						[ 114.2929470387, 22.3274151211 ],
						[ 114.293364156, 22.3270638847 ]
					]
				]
			},
			"properties" : {
				"TYPE" : null
			}
		},
		{
			"type" : "Feature",
			"geometry" : {
				"type" : "Polygon",
				"coordinates" : [
					[
						[ 114.3016400009, 22.3224143926 ],
						[ 114.3011108205, 22.3225563263 ],
						[ 114.3010164799, 22.322154249 ],
						[ 114.3013353941, 22.3219785403 ],
						[ 114.3014030293, 22.3222442762 ],
						[ 114.3015597577, 22.321876539 ],
						[ 114.3019775592, 22.3216495406 ],
						[ 114.3021447666, 22.3219324658 ],
						[ 114.3016400009, 22.3224143926 ]
					]
				]
			},
			"properties" : {
				"TYPE" : null
			}
		},
		{
			"type" : "Feature",
			"geometry" : {
				"type" : "Polygon",
				"coordinates" : [
					[
						[ 114.3115522672, 22.3038388556 ],
						[ 114.3111508209, 22.3042810283 ],
						[ 114.3111269451, 22.3045330288 ],
						[ 114.3107250227, 22.3044792858 ],
						[ 114.3106728502, 22.3042359724 ],
						[ 114.3110031535, 22.3030948555 ],
						[ 114.311396414, 22.3031371 ],
						[ 114.3115522672, 22.3038388556 ]
					]
				]
			},
			"properties" : {
				"TYPE" : null
			}
		},
		{
			"type" : "Feature",
			"geometry" : {
				"type" : "Polygon",
				"coordinates" : [
					[
						[ 114.3116749674, 22.3022025633 ],
						[ 114.3111765887, 22.3027805917 ],
						[ 114.3111423054, 22.3018405531 ],
						[ 114.3114680732, 22.3017890887 ],
						[ 114.3117899206, 22.3015057662 ],
						[ 114.3121618158, 22.301839137 ],
						[ 114.3121434731, 22.3020600678 ],
						[ 114.3116749674, 22.3022025633 ]
					]
				]
			},
			"properties" : {
				"TYPE" : null
			}
		},
		{
			"type" : "Feature",
			"geometry" : {
				"type" : "Polygon",
				"coordinates" : [
					[
						[ 113.8381429724, 22.2172462054 ],
						[ 113.8373226347, 22.217275778 ],
						[ 113.8362608875, 22.2178261323 ],
						[ 113.8355997083, 22.2178339494 ],
						[ 113.8353348706, 22.2176180774 ],
						[ 113.8350664016, 22.2170718404 ],
						[ 113.8352723051, 22.2165196998 ],
						[ 113.8356430286, 22.2160631412 ],
						[ 113.8358471862, 22.216027221 ],
						[ 113.8360816653, 22.2155119478 ],
						[ 113.8359857562, 22.2151220498 ],
						[ 113.8364132532, 22.2152950225 ],
						[ 113.8367301149, 22.214833743 ],
						[ 113.8373668972, 22.2151042294 ],
						[ 113.8373944381, 22.2147467926 ],
						[ 113.8375475899, 22.214758617 ],
						[ 113.8375518837, 22.2150259406 ],
						[ 113.8377758092, 22.2149923619 ],
						[ 113.8379283744, 22.2152484893 ],
						[ 113.8379199424, 22.2156740566 ],
						[ 113.8385658565, 22.2168753316 ],
						[ 113.8384655542, 22.2172827641 ],
						[ 113.8381429724, 22.2172462054 ]
					]
				]
			},
			"properties" : {
				"TYPE" : null
			}
		},
		{
			"type" : "Feature",
			"geometry" : {
				"type" : "Polygon",
				"coordinates" : [
					[
						[ 114.1107664754, 22.2839180609 ],
						[ 114.1108370166, 22.2833669231 ],
						[ 114.1111772034, 22.2829252917 ],
						[ 114.1114058504, 22.2828733675 ],
						[ 114.1120992304, 22.2831236585 ],
						[ 114.1122433133, 22.2833010232 ],
						[ 114.1123804351, 22.2834234247 ],
						[ 114.1128083544, 22.2836883721 ],
						[ 114.1134156216, 22.2835096685 ],
						[ 114.1144817886, 22.2836269016 ],
						[ 114.1151020771, 22.2840415181 ],
						[ 114.1152644877, 22.2844340329 ],
						[ 114.1146485995, 22.2855620849 ],
						[ 114.1145482993, 22.2854603887 ],
						[ 114.1141550362, 22.2857971249 ],
						[ 114.1137612739, 22.2858147086 ],
						[ 114.1133235762, 22.2861053241 ],
						[ 114.1119479203, 22.2862448542 ],
						[ 114.1111542777, 22.2857847136 ],
						[ 114.1111448371, 22.2855955723 ],
						[ 114.1108477337, 22.2853424949 ],
						[ 114.1109111066, 22.2842898836 ],
						[ 114.1107664754, 22.2839180609 ]
					]
				]
			},
			"properties" : {
				"TYPE" : null
			}
		},
		{
			"type" : "Feature",
			"geometry" : {
				"type" : "Polygon",
				"coordinates" : [
					[
						[ 114.1074302635, 22.534443482 ],
						[ 114.107173359, 22.5343462586 ],
						[ 114.1069920368, 22.5343034484 ],
						[ 114.107057882, 22.5342732885 ],
						[ 114.1081375645, 22.5336049021 ],
						[ 114.1086423859, 22.5330757577 ],
						[ 114.1090087052, 22.5325791077 ],
						[ 114.1093237773, 22.5320756264 ],
						[ 114.1095660872, 22.531673236 ],
						[ 114.1095756631, 22.5317716709 ],
						[ 114.1095812752, 22.5318451713 ],
						[ 114.1095501569, 22.5319501452 ],
						[ 114.1095247176, 22.5320105024 ],
						[ 114.1094992833, 22.5320603664 ],
						[ 114.1094851298, 22.5321207284 ],
						[ 114.1094822764, 22.5321915974 ],
						[ 114.1094850509, 22.5322834644 ],
						[ 114.1094990835, 22.5324724484 ],
						[ 114.1095384603, 22.5327777901 ],
						[ 114.109572183, 22.5331163973 ],
						[ 114.109608713, 22.5334797217 ],
						[ 114.1096424983, 22.5336897185 ],
						[ 114.1096621905, 22.5338550905 ],
						[ 114.1096761237, 22.5342304338 ],
						[ 114.1096873229, 22.534429919 ],
						[ 114.1096900411, 22.5346386295 ],
						[ 114.1096955836, 22.534856489 ],
						[ 114.1096983426, 22.5350008494 ],
						[ 114.1096954427, 22.5351478352 ],
						[ 114.1096840905, 22.5352646651 ],
						[ 114.1096812079, 22.5353959019 ],
						[ 114.1096726787, 22.5355245177 ],
						[ 114.1096584779, 22.535681992 ],
						[ 114.109624532, 22.5358027136 ],
						[ 114.109588062, 22.5358964333 ],
						[ 114.1095428214, 22.5360145224 ],
						[ 114.1094665106, 22.5361562308 ],
						[ 114.109381744, 22.5362743032 ],
						[ 114.1092743861, 22.5363713795 ],
						[ 114.1091952979, 22.5364264675 ],
						[ 114.109116205, 22.5364710532 ],
						[ 114.1090455927, 22.536507768 ],
						[ 114.108977813, 22.5365366094 ],
						[ 114.1088987328, 22.5365549528 ],
						[ 114.1088140196, 22.5365627915 ],
						[ 114.108743429, 22.5365548872 ],
						[ 114.1086700174, 22.5365312327 ],
						[ 114.1085909791, 22.5364839524 ],
						[ 114.1085204106, 22.536431429 ],
						[ 114.1084667865, 22.5363579173 ],
						[ 114.1084196652, 22.5362660315 ],
						[ 114.1083858365, 22.5361662679 ],
						[ 114.108354825, 22.5360507656 ],
						[ 114.1083266424, 22.5359352645 ],
						[ 114.1083125806, 22.5358276438 ],
						[ 114.1082928735, 22.5357147741 ],
						[ 114.1082647072, 22.5355664567 ],
						[ 114.108219594, 22.5354246971 ],
						[ 114.1081462668, 22.5352514367 ],
						[ 114.1080785779, 22.5350781695 ],
						[ 114.1079967704, 22.5349127798 ],
						[ 114.107915774, 22.5347980326 ],
						[ 114.107848051, 22.5347140123 ],
						[ 114.107735142, 22.5346168515 ],
						[ 114.1076081203, 22.5345354244 ],
						[ 114.1074302635, 22.534443482 ]
					]
				]
			},
			"properties" : {
				"TYPE" : null
			}
		},
		{
			"type" : "Feature",
			"geometry" : {
				"type" : "Polygon",
				"coordinates" : [
					[
						[ 114.2592344604, 22.2064704668 ],
						[ 114.2587895961, 22.2061378825 ],
						[ 114.2582743643, 22.2051667794 ],
						[ 114.2597447418, 22.2048727015 ],
						[ 114.2602251723, 22.20532876 ],
						[ 114.2599148531, 22.2057581305 ],
						[ 114.2601627764, 22.2065305903 ],
						[ 114.2592344604, 22.2064704668 ]
					]
				]
			},
			"properties" : {
				"TYPE" : null
			}
		},
		{
			"type" : "Feature",
			"geometry" : {
				"type" : "Polygon",
				"coordinates" : [
					[
						[ 114.2226910259, 22.4610813614 ],
						[ 114.2227595519, 22.4614662552 ],
						[ 114.2224656667, 22.4621760585 ],
						[ 114.2226915746, 22.4627493186 ],
						[ 114.2224710318, 22.463368941 ],
						[ 114.222044991, 22.4630823989 ],
						[ 114.2219422358, 22.462603887 ],
						[ 114.2213053293, 22.4620879564 ],
						[ 114.2208669333, 22.4620377952 ],
						[ 114.2205368128, 22.4622407446 ],
						[ 114.2203651636, 22.462151787 ],
						[ 114.2202913515, 22.4607473937 ],
						[ 114.220947325, 22.460633938 ],
						[ 114.2211530585, 22.4603651358 ],
						[ 114.2218719061, 22.4604805264 ],
						[ 114.2223164501, 22.4603295573 ],
						[ 114.2224433284, 22.4604196813 ],
						[ 114.2224142185, 22.4607716598 ],
						[ 114.2226910259, 22.4610813614 ]
					]
				]
			},
			"properties" : {
				"TYPE" : null
			}
		},
		{
			"type" : "Feature",
			"geometry" : {
				"type" : "Polygon",
				"coordinates" : [
					[
						[ 114.218330213, 22.4567375286 ],
						[ 114.2173272747, 22.4567799736 ],
						[ 114.2171464212, 22.4570845975 ],
						[ 114.2164904898, 22.4572986009 ],
						[ 114.2164978103, 22.4568027195 ],
						[ 114.2173251436, 22.4558650821 ],
						[ 114.2180850547, 22.4561555976 ],
						[ 114.2186202763, 22.4556913675 ],
						[ 114.2190555068, 22.4556230563 ],
						[ 114.2197047492, 22.455937289 ],
						[ 114.2199100054, 22.4561510752 ],
						[ 114.2198808354, 22.4563262013 ],
						[ 114.2193157357, 22.4566794774 ],
						[ 114.218330213, 22.4567375286 ]
					]
				]
			},
			"properties" : {
				"TYPE" : null
			}
		},
		{
			"type" : "Feature",
			"geometry" : {
				"type" : "Polygon",
				"coordinates" : [
					[
						[ 114.2274967704, 22.5319464455 ],
						[ 114.2276331452, 22.5323782071 ],
						[ 114.2272050834, 22.5322781227 ],
						[ 114.2268866409, 22.5315236094 ],
						[ 114.2271118278, 22.5314875171 ],
						[ 114.2274967704, 22.5319464455 ]
					]
				]
			},
			"properties" : {
				"TYPE" : null
			}
		},
		{
			"type" : "Feature",
			"geometry" : {
				"type" : "Polygon",
				"coordinates" : [
					[
						[ 114.2884828599, 22.5328299113 ],
						[ 114.2881156288, 22.532855875 ],
						[ 114.2880540512, 22.5324963834 ],
						[ 114.2888351475, 22.5326680324 ],
						[ 114.2888279201, 22.5329031334 ],
						[ 114.2884828599, 22.5328299113 ]
					]
				]
			},
			"properties" : {
				"TYPE" : null
			}
		},
		{
			"type" : "Feature",
			"geometry" : {
				"type" : "Polygon",
				"coordinates" : [
					[
						[ 114.3004884815, 22.5146122606 ],
						[ 114.3002759466, 22.5145816572 ],
						[ 114.3002926395, 22.5144553728 ],
						[ 114.3005989003, 22.5142902975 ],
						[ 114.3006963832, 22.5144279717 ],
						[ 114.3004884815, 22.5146122606 ]
					]
				]
			},
			"properties" : {
				"TYPE" : null
			}
		},
		{
			"type" : "Feature",
			"geometry" : {
				"type" : "Polygon",
				"coordinates" : [
					[
						[ 114.2108112182, 22.5282280845 ],
						[ 114.2102280352, 22.5279367968 ],
						[ 114.2104182919, 22.5273645664 ],
						[ 114.2112479291, 22.527200445 ],
						[ 114.2113797977, 22.527714425 ],
						[ 114.2108112182, 22.5282280845 ]
					]
				]
			},
			"properties" : {
				"TYPE" : null
			}
		},
		{
			"type" : "Feature",
			"geometry" : {
				"type" : "Polygon",
				"coordinates" : [
					[
						[ 114.1395293193, 22.2436570447 ],
						[ 114.1385323111, 22.2434249955 ],
						[ 114.1379523735, 22.2435625756 ],
						[ 114.1384835733, 22.2431091541 ],
						[ 114.1391734642, 22.243013834 ],
						[ 114.1396660718, 22.2430639863 ],
						[ 114.1401970659, 22.2433735068 ],
						[ 114.1408864269, 22.2434168092 ],
						[ 114.1411240334, 22.2436968848 ],
						[ 114.140425274, 22.2437917507 ],
						[ 114.1395293193, 22.2436570447 ]
					]
				]
			},
			"properties" : {
				"TYPE" : null
			}
		},
		{
			"type" : "Feature",
			"geometry" : {
				"type" : "Polygon",
				"coordinates" : [
					[
						[ 114.1619373391, 22.229927632 ],
						[ 114.1616755095, 22.2300460363 ],
						[ 114.1618352047, 22.2305248494 ],
						[ 114.1613647613, 22.2310669449 ],
						[ 114.1615096901, 22.2313965608 ],
						[ 114.1613932881, 22.2317807786 ],
						[ 114.1615415982, 22.2326910863 ],
						[ 114.1608641013, 22.2327888055 ],
						[ 114.1597190958, 22.2334974628 ],
						[ 114.1589010996, 22.2333550691 ],
						[ 114.1588311046, 22.2331994445 ],
						[ 114.1590254058, 22.2329690208 ],
						[ 114.1591852565, 22.2322373085 ],
						[ 114.1589717948, 22.231888863 ],
						[ 114.1590300137, 22.2315822233 ],
						[ 114.160401403, 22.2302809545 ],
						[ 114.1604907107, 22.2296818944 ],
						[ 114.1607629316, 22.2292866751 ],
						[ 114.1610538318, 22.2293321551 ],
						[ 114.1613743695, 22.2288937908 ],
						[ 114.162361979, 22.2288667985 ],
						[ 114.162509874, 22.2290251829 ],
						[ 114.1624733697, 22.2292574582 ],
						[ 114.1619373391, 22.229927632 ]
					]
				]
			},
			"properties" : {
				"TYPE" : null
			}
		},
		{
			"type" : "Feature",
			"geometry" : {
				"type" : "Polygon",
				"coordinates" : [
					[
						[ 114.1855791817, 22.2357369246 ],
						[ 114.1854431018, 22.2358048787 ],
						[ 114.1851280135, 22.235696554 ],
						[ 114.1842325951, 22.2361914608 ],
						[ 114.1828669663, 22.2363822454 ],
						[ 114.1825284838, 22.236087776 ],
						[ 114.182222738, 22.2354634769 ],
						[ 114.1823196501, 22.2349053862 ],
						[ 114.1819490533, 22.2348221896 ],
						[ 114.1819776411, 22.2343342154 ],
						[ 114.182329683, 22.2339862424 ],
						[ 114.1829193966, 22.2337016102 ],
						[ 114.1837614989, 22.2321568678 ],
						[ 114.1852461458, 22.2323440852 ],
						[ 114.1856638009, 22.2325584426 ],
						[ 114.1860228034, 22.2332497582 ],
						[ 114.1860469911, 22.2337790455 ],
						[ 114.1864498311, 22.2335843837 ],
						[ 114.1872170605, 22.2336385026 ],
						[ 114.1875666156, 22.2331817257 ],
						[ 114.1879546831, 22.2332881985 ],
						[ 114.1891968212, 22.2341823366 ],
						[ 114.1895272106, 22.2345532286 ],
						[ 114.1895415376, 22.2347680676 ],
						[ 114.1893305095, 22.2349663888 ],
						[ 114.1896239505, 22.2355222861 ],
						[ 114.1895031672, 22.235775227 ],
						[ 114.1886659218, 22.2359855426 ],
						[ 114.1877773558, 22.2356468187 ],
						[ 114.1876086597, 22.2358985242 ],
						[ 114.1872216619, 22.235791003 ],
						[ 114.1872314977, 22.2355247506 ],
						[ 114.1869159179, 22.2354728982 ],
						[ 114.1855791817, 22.2357369246 ]
					]
				]
			},
			"properties" : {
				"TYPE" : null
			}
		},
		{
			"type" : "Feature",
			"geometry" : {
				"type" : "Polygon",
				"coordinates" : [
					[
						[ 114.1916069866, 22.2246857105 ],
						[ 114.1910064281, 22.2244117093 ],
						[ 114.1911370462, 22.2240862315 ],
						[ 114.1916641007, 22.2239847334 ],
						[ 114.1920881422, 22.2241972316 ],
						[ 114.1922341155, 22.2244386807 ],
						[ 114.1920980664, 22.2247503972 ],
						[ 114.1918313353, 22.2248748199 ],
						[ 114.1916069866, 22.2246857105 ]
					]
				]
			},
			"properties" : {
				"TYPE" : null
			}
		},
		{
			"type" : "Feature",
			"geometry" : {
				"type" : "Polygon",
				"coordinates" : [
					[
						[ 114.1927178016, 22.2245703831 ],
						[ 114.1925590337, 22.2245015394 ],
						[ 114.1926270534, 22.2243078153 ],
						[ 114.1928765456, 22.2244271406 ],
						[ 114.1927178016, 22.2245703831 ]
					]
				]
			},
			"properties" : {
				"TYPE" : null
			}
		},
		{
			"type" : "Feature",
			"geometry" : {
				"type" : "Polygon",
				"coordinates" : [
					[
						[ 114.1938005187, 22.2244004243 ],
						[ 114.1936659347, 22.2246056338 ],
						[ 114.1934228282, 22.2242760654 ],
						[ 114.1936777189, 22.2241947809 ],
						[ 114.1938005187, 22.2244004243 ]
					]
				]
			},
			"properties" : {
				"TYPE" : null
			}
		},
		{
			"type" : "Feature",
			"geometry" : {
				"type" : "Polygon",
				"coordinates" : [
					[
						[ 114.2237936347, 22.2441324142 ],
						[ 114.2240313418, 22.2441883536 ],
						[ 114.2239825905, 22.2444054923 ],
						[ 114.2236892726, 22.2446539297 ],
						[ 114.2237936347, 22.2441324142 ]
					]
				]
			},
			"properties" : {
				"TYPE" : null
			}
		},
		{
			"type" : "Feature",
			"geometry" : {
				"type" : "Polygon",
				"coordinates" : [
					[
						[ 114.287530729, 22.4592916817 ],
						[ 114.287267643, 22.4594446388 ],
						[ 114.2872933733, 22.4592156276 ],
						[ 114.2873851628, 22.4590635194 ],
						[ 114.2876300527, 22.4589743566 ],
						[ 114.2877334182, 22.4589752248 ],
						[ 114.2878367836, 22.4589761019 ],
						[ 114.2879410692, 22.4590344028 ],
						[ 114.2879937381, 22.4591443932 ],
						[ 114.2877938047, 22.4591387243 ],
						[ 114.287530729, 22.4592916817 ]
					]
				]
			},
			"properties" : {
				"TYPE" : null
			}
		},
		{
			"type" : "Feature",
			"geometry" : {
				"type" : "Polygon",
				"coordinates" : [
					[
						[ 114.261764349, 22.5455495448 ],
						[ 114.2620809938, 22.5457542486 ],
						[ 114.2622245419, 22.5460659538 ],
						[ 114.2621738987, 22.5465200982 ],
						[ 114.2617651076, 22.5467894275 ],
						[ 114.2608286412, 22.5465232714 ],
						[ 114.2599423795, 22.5452144685 ],
						[ 114.2592885048, 22.5450762615 ],
						[ 114.2593354005, 22.5453514821 ],
						[ 114.2596338756, 22.5456284156 ],
						[ 114.2594978032, 22.5458935711 ],
						[ 114.2590373776, 22.5458199208 ],
						[ 114.2586750423, 22.5451652436 ],
						[ 114.2587380775, 22.5449837107 ],
						[ 114.2594990836, 22.5446969966 ],
						[ 114.2602380968, 22.5450420527 ],
						[ 114.2612941392, 22.5451177088 ],
						[ 114.261764349, 22.5455495448 ]
					]
				]
			},
			"properties" : {
				"TYPE" : null
			}
		},
		{
			"type" : "Feature",
			"geometry" : {
				"type" : "Polygon",
				"coordinates" : [
					[
						[ 114.2655895283, 22.5423737772 ],
						[ 114.2651218818, 22.5423359265 ],
						[ 114.2651266994, 22.5421458261 ],
						[ 114.2653563654, 22.5418353001 ],
						[ 114.2659366016, 22.5417027396 ],
						[ 114.2660657073, 22.5418468464 ],
						[ 114.2660318246, 22.5422045569 ],
						[ 114.2658762549, 22.5424213712 ],
						[ 114.2655895283, 22.5423737772 ]
					]
				]
			},
			"properties" : {
				"TYPE" : null
			}
		},
		{
			"type" : "Feature",
			"geometry" : {
				"type" : "Polygon",
				"coordinates" : [
					[
						[ 114.2676210515, 22.5384439851 ],
						[ 114.267075566, 22.5387735201 ],
						[ 114.2670536837, 22.5385792988 ],
						[ 114.2673959243, 22.5380956039 ],
						[ 114.2676440543, 22.5380908676 ],
						[ 114.2676210515, 22.5384439851 ]
					]
				]
			},
			"properties" : {
				"TYPE" : null
			}
		},
		{
			"type" : "Feature",
			"geometry" : {
				"type" : "Polygon",
				"coordinates" : [
					[
						[ 114.2730228397, 22.5328697382 ],
						[ 114.2729030362, 22.5333133624 ],
						[ 114.272689482, 22.5332753817 ],
						[ 114.2725252502, 22.5330803336 ],
						[ 114.2724863116, 22.5325201681 ],
						[ 114.2728440815, 22.532402407 ],
						[ 114.2730228397, 22.5328697382 ]
					]
				]
			},
			"properties" : {
				"TYPE" : null
			}
		},
		{
			"type" : "Feature",
			"geometry" : {
				"type" : "Polygon",
				"coordinates" : [
					[
						[ 114.2764756976, 22.5326215156 ],
						[ 114.2771424825, 22.5333172057 ],
						[ 114.2771159065, 22.5334797685 ],
						[ 114.2768120494, 22.5336516877 ],
						[ 114.2764910505, 22.5333584818 ],
						[ 114.2756444583, 22.5335169535 ],
						[ 114.275157884, 22.5339194902 ],
						[ 114.2750894492, 22.5329029226 ],
						[ 114.275227319, 22.5321612753 ],
						[ 114.2754629741, 22.5320031812 ],
						[ 114.2758134167, 22.5320029661 ],
						[ 114.2764756976, 22.5326215156 ]
					]
				]
			},
			"properties" : {
				"TYPE" : null
			}
		},
		{
			"type" : "Feature",
			"geometry" : {
				"type" : "Polygon",
				"coordinates" : [
					[
						[ 114.2802597047, 22.5323789846 ],
						[ 114.2807495738, 22.5324314785 ],
						[ 114.2807857539, 22.5325604807 ],
						[ 114.2802753758, 22.5328505482 ],
						[ 114.2800439582, 22.5327143205 ],
						[ 114.2802597047, 22.5323789846 ]
					]
				]
			},
			"properties" : {
				"TYPE" : null
			}
		},
		{
			"type" : "Feature",
			"geometry" : {
				"type" : "Polygon",
				"coordinates" : [
					[
						[ 114.2617679962, 22.5515099777 ],
						[ 114.2626050437, 22.5514665041 ],
						[ 114.2624372077, 22.5518555026 ],
						[ 114.2617682691, 22.5519557869 ],
						[ 114.260640725, 22.5514916324 ],
						[ 114.2607977712, 22.5513871779 ],
						[ 114.2617679962, 22.5515099777 ]
					]
				]
			},
			"properties" : {
				"TYPE" : null
			}
		},
		{
			"type" : "Feature",
			"geometry" : {
				"type" : "Polygon",
				"coordinates" : [
					[
						[ 114.2701855938, 22.5503882793 ],
						[ 114.2703232088, 22.5499258194 ],
						[ 114.270614858, 22.5499095757 ],
						[ 114.2709851473, 22.5506798451 ],
						[ 114.2708791184, 22.5510527604 ],
						[ 114.2696532366, 22.551932322 ],
						[ 114.2693080144, 22.5524160226 ],
						[ 114.2688993011, 22.5525879868 ],
						[ 114.268379761, 22.5533753033 ],
						[ 114.268021464, 22.5535334563 ],
						[ 114.2679417817, 22.5534021824 ],
						[ 114.2683814762, 22.55298363 ],
						[ 114.2688184686, 22.551469952 ],
						[ 114.2700516837, 22.551200635 ],
						[ 114.2703297514, 22.5508345105 ],
						[ 114.2701855938, 22.5503882793 ]
					]
				]
			},
			"properties" : {
				"TYPE" : null
			}
		},
		{
			"type" : "Feature",
			"geometry" : {
				"type" : "Polygon",
				"coordinates" : [
					[
						[ 114.1172020566, 22.2849532858 ],
						[ 114.1174029041, 22.2852224902 ],
						[ 114.1174418871, 22.2857653356 ],
						[ 114.1172211067, 22.286253342 ],
						[ 114.1167897005, 22.2864356378 ],
						[ 114.1165251324, 22.2861572881 ],
						[ 114.1161428492, 22.2860841601 ],
						[ 114.1161626572, 22.2856052011 ],
						[ 114.1167265887, 22.2850032846 ],
						[ 114.1170599728, 22.2848255043 ],
						[ 114.1172020566, 22.2849532858 ]
					]
				]
			},
			"properties" : {
				"TYPE" : null
			}
		},
		{
			"type" : "Feature",
			"geometry" : {
				"type" : "Polygon",
				"coordinates" : [
					[
						[ 114.2227954265, 22.2073910137 ],
						[ 114.2220421818, 22.2075078203 ],
						[ 114.2219129569, 22.20730909 ],
						[ 114.2219981992, 22.207171348 ],
						[ 114.2227231646, 22.2064954218 ],
						[ 114.2236208972, 22.2065268369 ],
						[ 114.2236500226, 22.2066489328 ],
						[ 114.2227954265, 22.2073910137 ]
					]
				]
			},
			"properties" : {
				"TYPE" : null
			}
		},
		{
			"type" : "Feature",
			"geometry" : {
				"type" : "Polygon",
				"coordinates" : [
					[
						[ 114.2560321981, 22.2299436601 ],
						[ 114.256213815, 22.22987129 ],
						[ 114.2571171206, 22.2298938026 ],
						[ 114.2578204821, 22.229472958 ],
						[ 114.2581578307, 22.2296421873 ],
						[ 114.2584682799, 22.2293211533 ],
						[ 114.2589726029, 22.2291946594 ],
						[ 114.2592617314, 22.2295241152 ],
						[ 114.2598268055, 22.2295651342 ],
						[ 114.2600454101, 22.2298624933 ],
						[ 114.2598524199, 22.2311910872 ],
						[ 114.2590417216, 22.2310381761 ],
						[ 114.2580863183, 22.2304570348 ],
						[ 114.2575490158, 22.230711164 ],
						[ 114.2566782276, 22.2306528312 ],
						[ 114.2565084935, 22.2304357806 ],
						[ 114.2561002166, 22.2304157875 ],
						[ 114.2560321981, 22.2299436601 ]
					]
				]
			},
			"properties" : {
				"TYPE" : null
			}
		},
		{
			"type" : "Feature",
			"geometry" : {
				"type" : "Polygon",
				"coordinates" : [
					[
						[ 114.2574908947, 22.2265071904 ],
						[ 114.2568209013, 22.2266158534 ],
						[ 114.2560058022, 22.2264670562 ],
						[ 114.2558744802, 22.2261733336 ],
						[ 114.2561587221, 22.2257370941 ],
						[ 114.2570294238, 22.2256801982 ],
						[ 114.2574661026, 22.2254045552 ],
						[ 114.2581888913, 22.2253592044 ],
						[ 114.2585215909, 22.2251712896 ],
						[ 114.2590151853, 22.2252683557 ],
						[ 114.2591115664, 22.2256796189 ],
						[ 114.2588476905, 22.2263614429 ],
						[ 114.2574908947, 22.2265071904 ]
					]
				]
			},
			"properties" : {
				"TYPE" : null
			}
		},
		{
			"type" : "Feature",
			"geometry" : {
				"type" : "Polygon",
				"coordinates" : [
					[
						[ 114.2449384276, 22.1808829418 ],
						[ 114.2449145865, 22.1804854094 ],
						[ 114.2444093565, 22.1794325446 ],
						[ 114.244316892, 22.1788225019 ],
						[ 114.2444281296, 22.1785020359 ],
						[ 114.2449837022, 22.1786753303 ],
						[ 114.2457677994, 22.1795270061 ],
						[ 114.2457051997, 22.1805213446 ],
						[ 114.245409841, 22.1813073696 ],
						[ 114.2455745718, 22.1815221415 ],
						[ 114.2459846997, 22.1815940423 ],
						[ 114.2473988132, 22.1815732342 ],
						[ 114.2476387903, 22.181455613 ],
						[ 114.2477573911, 22.181075918 ],
						[ 114.2485576906, 22.1807592839 ],
						[ 114.2500664049, 22.1807044463 ],
						[ 114.2501441553, 22.1804514693 ],
						[ 114.2504880609, 22.1801979115 ],
						[ 114.2504294123, 22.1792761609 ],
						[ 114.2510169586, 22.1793098591 ],
						[ 114.2532537081, 22.1802668788 ],
						[ 114.2537414841, 22.1808363356 ],
						[ 114.2543966256, 22.180982919 ],
						[ 114.2559475758, 22.1824144307 ],
						[ 114.2568263392, 22.1840179331 ],
						[ 114.256653638, 22.1845771469 ],
						[ 114.2568463997, 22.1855043465 ],
						[ 114.2568134393, 22.1864784811 ],
						[ 114.2563000304, 22.1886128756 ],
						[ 114.2561064541, 22.1888617756 ],
						[ 114.2557860817, 22.1889069224 ],
						[ 114.2551271357, 22.1899603142 ],
						[ 114.2544789876, 22.1900528915 ],
						[ 114.2540111144, 22.1898929087 ],
						[ 114.2539599902, 22.1901389842 ],
						[ 114.2535982376, 22.1902387641 ],
						[ 114.2529532133, 22.1897263109 ],
						[ 114.2523735502, 22.1897554972 ],
						[ 114.2519993197, 22.189568373 ],
						[ 114.2512209696, 22.1895324719 ],
						[ 114.2507111857, 22.1893431128 ],
						[ 114.2500901587, 22.189451726 ],
						[ 114.2493357288, 22.1889370047 ],
						[ 114.2482760016, 22.1890462663 ],
						[ 114.2471401193, 22.1886625389 ],
						[ 114.2451077455, 22.1885458776 ],
						[ 114.2436347096, 22.1881328808 ],
						[ 114.2435856126, 22.1875140968 ],
						[ 114.2441388229, 22.1868087582 ],
						[ 114.2442135985, 22.1864906016 ],
						[ 114.2440096197, 22.1856409747 ],
						[ 114.2440668325, 22.183648192 ],
						[ 114.2437220915, 22.1832237085 ],
						[ 114.2435423386, 22.1825099562 ],
						[ 114.2439641187, 22.1811633715 ],
						[ 114.2442622067, 22.1809396923 ],
						[ 114.244836992, 22.1810817599 ],
						[ 114.2449384276, 22.1808829418 ]
					]
				]
			},
			"properties" : {
				"TYPE" : null
			}
		},
		{
			"type" : "Feature",
			"geometry" : {
				"type" : "Polygon",
				"coordinates" : [
					[
						[ 114.2369207401, 22.175579873 ],
						[ 114.2364805647, 22.175479965 ],
						[ 114.2364129547, 22.1752743325 ],
						[ 114.2371161087, 22.1748586232 ],
						[ 114.237351232, 22.1749150053 ],
						[ 114.2374489012, 22.1750985913 ],
						[ 114.2371986961, 22.1755095382 ],
						[ 114.2369207401, 22.175579873 ]
					]
				]
			},
			"properties" : {
				"TYPE" : null
			}
		},
		{
			"type" : "Feature",
			"geometry" : {
				"type" : "Polygon",
				"coordinates" : [
					[
						[ 114.2505597401, 22.1645505026 ],
						[ 114.2505625114, 22.164194274 ],
						[ 114.2509891936, 22.1639774054 ],
						[ 114.2534832616, 22.1654805777 ],
						[ 114.2536991044, 22.1654354938 ],
						[ 114.2541743513, 22.1648141605 ],
						[ 114.2545455619, 22.1648778224 ],
						[ 114.2542275055, 22.1646805522 ],
						[ 114.2537392081, 22.1639623593 ],
						[ 114.2536211791, 22.1635180473 ],
						[ 114.2534451746, 22.1633978584 ],
						[ 114.2535840333, 22.1631903023 ],
						[ 114.2533074754, 22.1630430773 ],
						[ 114.2533699871, 22.1628943113 ],
						[ 114.2530913221, 22.1624877145 ],
						[ 114.2526088607, 22.1625219132 ],
						[ 114.252152668, 22.1628379574 ],
						[ 114.2519879241, 22.1625763671 ],
						[ 114.2521187994, 22.1621760091 ],
						[ 114.2517160181, 22.1619076469 ],
						[ 114.2525693345, 22.1614192753 ],
						[ 114.2527320287, 22.161529375 ],
						[ 114.2527292018, 22.161771753 ],
						[ 114.2530835775, 22.1618436621 ],
						[ 114.2534687479, 22.1614372146 ],
						[ 114.253570513, 22.1609648036 ],
						[ 114.2542282202, 22.1614864347 ],
						[ 114.2548370801, 22.1609912857 ],
						[ 114.2573906966, 22.1606443734 ],
						[ 114.2575599475, 22.1601430009 ],
						[ 114.2582456515, 22.1596138274 ],
						[ 114.2576200665, 22.1592776523 ],
						[ 114.2572268089, 22.158421703 ],
						[ 114.2571173123, 22.1582633844 ],
						[ 114.2568990359, 22.1583383116 ],
						[ 114.2566490344, 22.1580809038 ],
						[ 114.2566903306, 22.1579023092 ],
						[ 114.2562486448, 22.1576808015 ],
						[ 114.2562534048, 22.1573870103 ],
						[ 114.2558505525, 22.1569809388 ],
						[ 114.2559206877, 22.1563795369 ],
						[ 114.2553458553, 22.1559914555 ],
						[ 114.2549862788, 22.1554132165 ],
						[ 114.2556362832, 22.1553881142 ],
						[ 114.2565679114, 22.1557994373 ],
						[ 114.2565581993, 22.1560610996 ],
						[ 114.2572619177, 22.1560405612 ],
						[ 114.2581831608, 22.1563651125 ],
						[ 114.2611043669, 22.1585730693 ],
						[ 114.2614156708, 22.1591421353 ],
						[ 114.2613793786, 22.1594272282 ],
						[ 114.2606201607, 22.159793032 ],
						[ 114.2600671939, 22.1597529206 ],
						[ 114.2599849756, 22.1598929756 ],
						[ 114.2608412317, 22.1602767595 ],
						[ 114.2615315832, 22.1609877375 ],
						[ 114.261898604, 22.1611728667 ],
						[ 114.262904181, 22.1621360386 ],
						[ 114.264744984, 22.1645496106 ],
						[ 114.2650831297, 22.1640411497 ],
						[ 114.2656979808, 22.1642057986 ],
						[ 114.2659749936, 22.1645585965 ],
						[ 114.2662181689, 22.1644628727 ],
						[ 114.2663165497, 22.1632105053 ],
						[ 114.2660248312, 22.1630116724 ],
						[ 114.2659322753, 22.1625411301 ],
						[ 114.2661581147, 22.1623420137 ],
						[ 114.2666051736, 22.1624277049 ],
						[ 114.2670707836, 22.1622151346 ],
						[ 114.2674715571, 22.162465832 ],
						[ 114.2680882432, 22.1624153943 ],
						[ 114.2688523247, 22.1629319758 ],
						[ 114.2690861588, 22.1621230127 ],
						[ 114.269407248, 22.1619835763 ],
						[ 114.2699599766, 22.1622043165 ],
						[ 114.2700964611, 22.1626840247 ],
						[ 114.2712274629, 22.1622219651 ],
						[ 114.2720096969, 22.1625694023 ],
						[ 114.2721551738, 22.1624700512 ],
						[ 114.2720918608, 22.1622343312 ],
						[ 114.2733496513, 22.1624918711 ],
						[ 114.2740738438, 22.1623691913 ],
						[ 114.2744209092, 22.1626902261 ],
						[ 114.2744239118, 22.1634728569 ],
						[ 114.2737295493, 22.1639254863 ],
						[ 114.2739970654, 22.1648072347 ],
						[ 114.2737935845, 22.1652237189 ],
						[ 114.273813137, 22.1656717863 ],
						[ 114.2735272311, 22.1660561515 ],
						[ 114.2730901316, 22.1661106399 ],
						[ 114.2731196099, 22.1666579585 ],
						[ 114.2725879976, 22.1670424671 ],
						[ 114.2731081628, 22.1672324206 ],
						[ 114.2731616123, 22.1674718214 ],
						[ 114.2724499919, 22.1679883299 ],
						[ 114.2721208688, 22.1686668406 ],
						[ 114.2717514183, 22.1688251485 ],
						[ 114.2717778151, 22.1691941658 ],
						[ 114.2714848072, 22.1693004927 ],
						[ 114.2715439295, 22.1706442251 ],
						[ 114.2723305532, 22.1715780604 ],
						[ 114.2727007625, 22.1725291421 ],
						[ 114.2726807986, 22.1729294327 ],
						[ 114.2721823121, 22.1734435205 ],
						[ 114.2721505243, 22.1738681738 ],
						[ 114.2717597974, 22.1739547991 ],
						[ 114.271930251, 22.1742846651 ],
						[ 114.2717068635, 22.1744837878 ],
						[ 114.2717124789, 22.1754971245 ],
						[ 114.270963411, 22.1768955543 ],
						[ 114.2705618699, 22.177064444 ],
						[ 114.2701160676, 22.177443386 ],
						[ 114.2698925504, 22.1774568341 ],
						[ 114.2697418747, 22.1771811844 ],
						[ 114.2691839235, 22.1781089048 ],
						[ 114.2687245656, 22.1781551219 ],
						[ 114.2682674686, 22.1778745862 ],
						[ 114.2682125902, 22.1784628525 ],
						[ 114.267960667, 22.17880124 ],
						[ 114.2674719934, 22.1785280708 ],
						[ 114.267265762, 22.1785709188 ],
						[ 114.2667764505, 22.1803850954 ],
						[ 114.2664564722, 22.180801634 ],
						[ 114.2661115883, 22.1808601891 ],
						[ 114.2654556172, 22.1805530957 ],
						[ 114.2645742645, 22.1804304115 ],
						[ 114.2640835578, 22.1800667 ],
						[ 114.2637985115, 22.1795273198 ],
						[ 114.2637766344, 22.1792557319 ],
						[ 114.2639463136, 22.1791513181 ],
						[ 114.2638127915, 22.1786720647 ],
						[ 114.2639095313, 22.1779169525 ],
						[ 114.2633316053, 22.1777228646 ],
						[ 114.2631808385, 22.1772776295 ],
						[ 114.2627664713, 22.1774511034 ],
						[ 114.2622241305, 22.1773479865 ],
						[ 114.2620609649, 22.1776081845 ],
						[ 114.2615414478, 22.1774549237 ],
						[ 114.2608709249, 22.1770754468 ],
						[ 114.2601557798, 22.1771166692 ],
						[ 114.2597815565, 22.1769020187 ],
						[ 114.259208796, 22.1768366648 ],
						[ 114.2578233823, 22.1761097611 ],
						[ 114.2569259199, 22.1753541324 ],
						[ 114.2566582801, 22.1744614027 ],
						[ 114.2564355294, 22.1745042091 ],
						[ 114.2561874435, 22.1750836526 ],
						[ 114.2558246668, 22.1750489431 ],
						[ 114.2555233972, 22.1748145061 ],
						[ 114.2553385775, 22.1739515717 ],
						[ 114.2545981703, 22.1728313732 ],
						[ 114.2530672725, 22.171811161 ],
						[ 114.2523950933, 22.1710521955 ],
						[ 114.2521035226, 22.1705055905 ],
						[ 114.2519668293, 22.1692588586 ],
						[ 114.2508701095, 22.1680754554 ],
						[ 114.250828835, 22.1673703617 ],
						[ 114.2500520845, 22.1663860347 ],
						[ 114.2500104325, 22.1658980764 ],
						[ 114.2503935042, 22.1652024361 ],
						[ 114.2502980941, 22.164646103 ],
						[ 114.2505597401, 22.1645505026 ]
					]
				]
			},
			"properties" : {
				"TYPE" : null
			}
		},
		{
			"type" : "Feature",
			"geometry" : {
				"type" : "Polygon",
				"coordinates" : [
					[
						[ 114.2502474078, 22.1609865267 ],
						[ 114.2494888357, 22.16075688 ],
						[ 114.2491366862, 22.1602328007 ],
						[ 114.2491291553, 22.1599523174 ],
						[ 114.2495583347, 22.1598235917 ],
						[ 114.2511473406, 22.160116673 ],
						[ 114.2513950054, 22.1606247301 ],
						[ 114.2510799362, 22.1612712238 ],
						[ 114.2502474078, 22.1609865267 ]
					]
				]
			},
			"properties" : {
				"TYPE" : null
			}
		},
		{
			"type" : "Feature",
			"geometry" : {
				"type" : "Polygon",
				"coordinates" : [
					[
						[ 114.2839005142, 22.1827359725 ],
						[ 114.2838685967, 22.1822925211 ],
						[ 114.2841912685, 22.1822426759 ],
						[ 114.2838874575, 22.181781929 ],
						[ 114.2840765376, 22.1812565229 ],
						[ 114.2847931607, 22.1814440153 ],
						[ 114.2855371135, 22.1812449889 ],
						[ 114.2859508695, 22.1809299099 ],
						[ 114.2877037605, 22.1805486679 ],
						[ 114.287986042, 22.1805981085 ],
						[ 114.2885977016, 22.180955226 ],
						[ 114.2892592358, 22.1819860356 ],
						[ 114.289207397, 22.1838132958 ],
						[ 114.2889984424, 22.184152598 ],
						[ 114.2889652952, 22.1846728451 ],
						[ 114.2885987499, 22.1847815561 ],
						[ 114.2888634482, 22.1850483769 ],
						[ 114.2889827196, 22.1854784466 ],
						[ 114.2894345234, 22.1858485484 ],
						[ 114.2893889168, 22.1862102516 ],
						[ 114.2895589069, 22.1865088525 ],
						[ 114.2893798421, 22.1872102667 ],
						[ 114.2896426642, 22.1875850858 ],
						[ 114.2895262328, 22.1882281001 ],
						[ 114.2889735447, 22.1888479714 ],
						[ 114.2886987471, 22.1889272063 ],
						[ 114.2887157434, 22.1892056932 ],
						[ 114.2878619538, 22.1897127116 ],
						[ 114.2876382293, 22.1901149841 ],
						[ 114.2872864005, 22.1901267101 ],
						[ 114.2868030357, 22.1898080991 ],
						[ 114.2860541982, 22.1888499552 ],
						[ 114.2861367792, 22.1884385953 ],
						[ 114.2858493023, 22.18807205 ],
						[ 114.2858823321, 22.1867558443 ],
						[ 114.2854115677, 22.1867515621 ],
						[ 114.2849893409, 22.1869692127 ],
						[ 114.2845230372, 22.1869915837 ],
						[ 114.2843046283, 22.1872499978 ],
						[ 114.284100311, 22.1872184256 ],
						[ 114.2836802056, 22.1870017926 ],
						[ 114.2829945955, 22.1860789751 ],
						[ 114.2827245343, 22.1852427426 ],
						[ 114.2829554608, 22.1852288114 ],
						[ 114.2835496149, 22.1846222534 ],
						[ 114.2834660862, 22.1831296452 ],
						[ 114.2835631214, 22.1829007248 ],
						[ 114.2839005142, 22.1827359725 ]
					]
				]
			},
			"properties" : {
				"TYPE" : null
			}
		},
		{
			"type" : "Feature",
			"geometry" : {
				"type" : "Polygon",
				"coordinates" : [
					[
						[ 114.2906661258, 22.1888307135 ],
						[ 114.2908679586, 22.1894436322 ],
						[ 114.2906686673, 22.189529708 ],
						[ 114.2905914762, 22.1898872974 ],
						[ 114.2902806002, 22.1899008436 ],
						[ 114.2896974691, 22.1894761544 ],
						[ 114.2894383901, 22.1888384574 ],
						[ 114.2899171843, 22.187768725 ],
						[ 114.290235623, 22.1879651929 ],
						[ 114.2906661258, 22.1888307135 ]
					]
				]
			},
			"properties" : {
				"TYPE" : null
			}
		},
		{
			"type" : "Feature",
			"geometry" : {
				"type" : "Polygon",
				"coordinates" : [
					[
						[ 114.2903307587, 22.5099695425 ],
						[ 114.2903876934, 22.5096238468 ],
						[ 114.2906594209, 22.5096103624 ],
						[ 114.2910028804, 22.5098627168 ],
						[ 114.2910747765, 22.5103279737 ],
						[ 114.2907171833, 22.5102883398 ],
						[ 114.2903307587, 22.5099695425 ]
					]
				]
			},
			"properties" : {
				"TYPE" : null
			}
		},
		{
			"type" : "Feature",
			"geometry" : {
				"type" : "Polygon",
				"coordinates" : [
					[
						[ 114.3045444554, 22.5016540288 ],
						[ 114.3041676324, 22.5013641269 ],
						[ 114.3039968139, 22.5009978452 ],
						[ 114.3045606999, 22.5010451518 ],
						[ 114.3049454084, 22.5013180514 ],
						[ 114.3051137405, 22.5016618394 ],
						[ 114.3045444554, 22.5016540288 ]
					]
				]
			},
			"properties" : {
				"TYPE" : null
			}
		},
		{
			"type" : "Feature",
			"geometry" : {
				"type" : "Polygon",
				"coordinates" : [
					[
						[ 114.2750086126, 22.26362129 ],
						[ 114.2750726521, 22.2632818073 ],
						[ 114.2754222915, 22.2629985479 ],
						[ 114.2768615863, 22.2626616829 ],
						[ 114.2772202534, 22.2629094161 ],
						[ 114.2774542303, 22.2633873629 ],
						[ 114.2774670022, 22.2639626704 ],
						[ 114.2771321864, 22.2642280985 ],
						[ 114.2750086126, 22.26362129 ]
					]
				]
			},
			"properties" : {
				"TYPE" : null
			}
		},
		{
			"type" : "Feature",
			"geometry" : {
				"type" : "Polygon",
				"coordinates" : [
					[
						[ 114.2891510456, 22.2544307388 ],
						[ 114.2886534681, 22.2541025015 ],
						[ 114.2868021548, 22.2537729539 ],
						[ 114.2861863301, 22.2542508834 ],
						[ 114.2859276897, 22.2546773674 ],
						[ 114.2854538201, 22.2549032074 ],
						[ 114.2851743126, 22.2547049092 ],
						[ 114.2847422904, 22.2547109492 ],
						[ 114.2842177395, 22.2541244756 ],
						[ 114.2837745714, 22.2540913996 ],
						[ 114.2825474477, 22.2528805864 ],
						[ 114.2820874183, 22.2517768509 ],
						[ 114.2815853431, 22.2514711082 ],
						[ 114.2810984883, 22.250859865 ],
						[ 114.2811044269, 22.2505342336 ],
						[ 114.2805776168, 22.2501974291 ],
						[ 114.2806083192, 22.249931619 ],
						[ 114.2803646868, 22.2497505471 ],
						[ 114.2807341479, 22.2479127522 ],
						[ 114.2809467212, 22.2467243252 ],
						[ 114.2808780137, 22.2461128848 ],
						[ 114.2805895095, 22.2458502046 ],
						[ 114.2805027142, 22.2452946483 ],
						[ 114.2825505815, 22.2435231019 ],
						[ 114.2828072781, 22.2435050179 ],
						[ 114.2829161637, 22.2432278318 ],
						[ 114.2833900569, 22.2432077628 ],
						[ 114.2836445387, 22.2428794665 ],
						[ 114.2838855674, 22.2430401532 ],
						[ 114.2841232608, 22.242718306 ],
						[ 114.2843272707, 22.2428900429 ],
						[ 114.2845412535, 22.2425415523 ],
						[ 114.2848035718, 22.2427858656 ],
						[ 114.2850802032, 22.2423785159 ],
						[ 114.2852265258, 22.2426408225 ],
						[ 114.2854440536, 22.2424145765 ],
						[ 114.2857753652, 22.2425094839 ],
						[ 114.2856773595, 22.2421703937 ],
						[ 114.2862921779, 22.2424480172 ],
						[ 114.2867298602, 22.242210125 ],
						[ 114.2867463705, 22.2418617739 ],
						[ 114.287470609, 22.241924696 ],
						[ 114.2878538602, 22.2415177295 ],
						[ 114.2877924462, 22.2406312758 ],
						[ 114.2871748799, 22.2399846395 ],
						[ 114.2866809094, 22.2389357906 ],
						[ 114.2867678464, 22.238378747 ],
						[ 114.2869356382, 22.2383225711 ],
						[ 114.2871080331, 22.238471352 ],
						[ 114.2872319413, 22.2384781583 ],
						[ 114.2872149329, 22.2381886465 ],
						[ 114.2875301876, 22.2379577346 ],
						[ 114.2877346005, 22.2380164211 ],
						[ 114.2877106381, 22.2382967676 ],
						[ 114.2878784063, 22.2382111687 ],
						[ 114.2878019287, 22.2376321832 ],
						[ 114.287923736, 22.2374850355 ],
						[ 114.2889585625, 22.237689746 ],
						[ 114.2892210091, 22.2380967398 ],
						[ 114.2891805604, 22.2387438244 ],
						[ 114.2893916829, 22.2385534202 ],
						[ 114.2896271519, 22.2385560204 ],
						[ 114.2898366544, 22.2388021955 ],
						[ 114.2899852624, 22.2394399646 ],
						[ 114.289723309, 22.2402719527 ],
						[ 114.2891798356, 22.2409373116 ],
						[ 114.2887667481, 22.2410598356 ],
						[ 114.2887135598, 22.2412184237 ],
						[ 114.2891970922, 22.2415324298 ],
						[ 114.2896299293, 22.2414075881 ],
						[ 114.2897053762, 22.2419231598 ],
						[ 114.2899380505, 22.2415066391 ],
						[ 114.290176434, 22.2414481079 ],
						[ 114.2903347587, 22.2418956116 ],
						[ 114.2898393567, 22.24217169 ],
						[ 114.2902772511, 22.2428202837 ],
						[ 114.2912997227, 22.2429533021 ],
						[ 114.2912873047, 22.2422474288 ],
						[ 114.2915452807, 22.241994027 ],
						[ 114.2918313099, 22.2422516325 ],
						[ 114.2916894016, 22.242575726 ],
						[ 114.2917661359, 22.2428399181 ],
						[ 114.2926594278, 22.2419615214 ],
						[ 114.2928707963, 22.242069829 ],
						[ 114.2929348967, 22.2425743808 ],
						[ 114.2931511876, 22.2426629254 ],
						[ 114.2935002541, 22.2421332614 ],
						[ 114.2938303537, 22.2419427661 ],
						[ 114.293848428, 22.2417115951 ],
						[ 114.2942965769, 22.2416078708 ],
						[ 114.2945153838, 22.2417478775 ],
						[ 114.2950691181, 22.2415801917 ],
						[ 114.2952149831, 22.2412767816 ],
						[ 114.2957370426, 22.2415921127 ],
						[ 114.2959977481, 22.2422486319 ],
						[ 114.2958355662, 22.242516221 ],
						[ 114.2957571661, 22.2420456903 ],
						[ 114.2955892723, 22.2419819301 ],
						[ 114.2955657807, 22.2428146741 ],
						[ 114.2961200486, 22.2432623338 ],
						[ 114.2960842008, 22.2440716431 ],
						[ 114.2963927254, 22.2440622323 ],
						[ 114.296466049, 22.2443654823 ],
						[ 114.2966872263, 22.2443878418 ],
						[ 114.2963837848, 22.2451523123 ],
						[ 114.2964746684, 22.2457993014 ],
						[ 114.2958121643, 22.2463710222 ],
						[ 114.2956966929, 22.2467142086 ],
						[ 114.29594975, 22.2470335823 ],
						[ 114.2959563961, 22.2475853057 ],
						[ 114.2961754731, 22.2479280392 ],
						[ 114.2965896159, 22.2480151784 ],
						[ 114.2969391813, 22.2477289918 ],
						[ 114.2976085213, 22.247762433 ],
						[ 114.2981380065, 22.2475756369 ],
						[ 114.2983136823, 22.247756155 ],
						[ 114.2983874453, 22.2487301106 ],
						[ 114.2981898255, 22.2488999805 ],
						[ 114.2981537982, 22.2494097339 ],
						[ 114.2984671836, 22.249454951 ],
						[ 114.2984766022, 22.2496332904 ],
						[ 114.2983122559, 22.2496903696 ],
						[ 114.298334419, 22.250304221 ],
						[ 114.2978717657, 22.2505933666 ],
						[ 114.2966864149, 22.2506396964 ],
						[ 114.2963517448, 22.2510081498 ],
						[ 114.2962792071, 22.2514638539 ],
						[ 114.2965896295, 22.2516592295 ],
						[ 114.2964899352, 22.2521684603 ],
						[ 114.2961465596, 22.2524690272 ],
						[ 114.2958905723, 22.252321934 ],
						[ 114.2957208393, 22.2525993626 ],
						[ 114.295732676, 22.2527040553 ],
						[ 114.2959638086, 22.2526900782 ],
						[ 114.2959911548, 22.2528712853 ],
						[ 114.2956062605, 22.2537771159 ],
						[ 114.2957848952, 22.2538028761 ],
						[ 114.296244409, 22.2534320295 ],
						[ 114.2963886544, 22.2537121085 ],
						[ 114.2960836067, 22.2540258769 ],
						[ 114.2962551226, 22.2543968295 ],
						[ 114.295603496, 22.2548932344 ],
						[ 114.2959658397, 22.2550908759 ],
						[ 114.2962849582, 22.2546067974 ],
						[ 114.2972613028, 22.2543880317 ],
						[ 114.2974562344, 22.2546824489 ],
						[ 114.2976478067, 22.2546564157 ],
						[ 114.2977358605, 22.254987739 ],
						[ 114.2972440461, 22.2558994053 ],
						[ 114.2962954555, 22.2560479553 ],
						[ 114.2958577333, 22.2566143899 ],
						[ 114.2953575925, 22.2564611441 ],
						[ 114.2951523401, 22.2571361361 ],
						[ 114.2955111453, 22.2575265223 ],
						[ 114.2951343494, 22.2577897154 ],
						[ 114.2960534849, 22.2578655603 ],
						[ 114.2961386748, 22.2584828059 ],
						[ 114.2960232416, 22.2586526126 ],
						[ 114.2957223953, 22.2588311793 ],
						[ 114.2948069578, 22.258741522 ],
						[ 114.2945603841, 22.2580530506 ],
						[ 114.2939147752, 22.2576352626 ],
						[ 114.2930919583, 22.2578855057 ],
						[ 114.292248154, 22.2572486878 ],
						[ 114.2914354363, 22.2572970171 ],
						[ 114.2913956499, 22.2570111167 ],
						[ 114.2902241118, 22.2558595731 ],
						[ 114.2893875369, 22.2554240645 ],
						[ 114.2891950766, 22.2551187087 ],
						[ 114.2891510456, 22.2544307388 ]
					]
				]
			},
			"properties" : {
				"TYPE" : null
			}
		},
		{
			"type" : "Feature",
			"geometry" : {
				"type" : "Polygon",
				"coordinates" : [
					[
						[ 114.2841809971, 22.3902639219 ],
						[ 114.2838913154, 22.3903442506 ],
						[ 114.2836762334, 22.3899808789 ],
						[ 114.284063103, 22.3896124582 ],
						[ 114.2845738611, 22.3895720504 ],
						[ 114.2844442122, 22.3898752637 ],
						[ 114.2846539981, 22.3898408623 ],
						[ 114.2847672277, 22.3901067441 ],
						[ 114.2841809971, 22.3902639219 ]
					]
				]
			},
			"properties" : {
				"TYPE" : null
			}
		},
		{
			"type" : "Feature",
			"geometry" : {
				"type" : "Polygon",
				"coordinates" : [
					[
						[ 114.2796489897, 22.381049171 ],
						[ 114.2796736408, 22.3799217405 ],
						[ 114.2799198266, 22.380164893 ],
						[ 114.279969411, 22.3805132859 ],
						[ 114.2804608291, 22.3805327126 ],
						[ 114.2811053191, 22.3789888025 ],
						[ 114.2813386708, 22.3787662484 ],
						[ 114.2821497063, 22.3786913923 ],
						[ 114.2827831874, 22.3791485732 ],
						[ 114.2826293202, 22.3796225231 ],
						[ 114.2829713495, 22.3802622196 ],
						[ 114.2825663892, 22.3806254212 ],
						[ 114.2820345409, 22.3808174045 ],
						[ 114.2819360527, 22.38104045 ],
						[ 114.2814446262, 22.3810123133 ],
						[ 114.281149587, 22.381424223 ],
						[ 114.2794478641, 22.3819792973 ],
						[ 114.2792326175, 22.3813708582 ],
						[ 114.2796489897, 22.381049171 ]
					]
				]
			},
			"properties" : {
				"TYPE" : null
			}
		},
		{
			"type" : "Feature",
			"geometry" : {
				"type" : "Polygon",
				"coordinates" : [
					[
						[ 114.3317731833, 22.4786706174 ],
						[ 114.3317164593, 22.4800895093 ],
						[ 114.3312455789, 22.4805284768 ],
						[ 114.3309026413, 22.4804929903 ],
						[ 114.3307696655, 22.4790894239 ],
						[ 114.3306072206, 22.4787415204 ],
						[ 114.3307899711, 22.4777945362 ],
						[ 114.3307022553, 22.4771076958 ],
						[ 114.3309301601, 22.4767869803 ],
						[ 114.3311490544, 22.4767977881 ],
						[ 114.3314484138, 22.477202036 ],
						[ 114.3317731833, 22.4786706174 ]
					]
				]
			},
			"properties" : {
				"TYPE" : null
			}
		},
		{
			"type" : "Feature",
			"geometry" : {
				"type" : "Polygon",
				"coordinates" : [
					[
						[ 114.3341605442, 22.4799342404 ],
						[ 114.3341050458, 22.480231837 ],
						[ 114.3338082535, 22.480367582 ],
						[ 114.3334068525, 22.4801893602 ],
						[ 114.3333891317, 22.4798119341 ],
						[ 114.3337875009, 22.4794910401 ],
						[ 114.3341719434, 22.4795223531 ],
						[ 114.3341605442, 22.4799342404 ]
					]
				]
			},
			"properties" : {
				"TYPE" : null
			}
		},
		{
			"type" : "Feature",
			"geometry" : {
				"type" : "Polygon",
				"coordinates" : [
					[
						[ 114.3316881482, 22.4755143409 ],
						[ 114.3313907146, 22.4755118719 ],
						[ 114.3311957129, 22.4752090076 ],
						[ 114.3314747218, 22.4746416583 ],
						[ 114.3321711755, 22.4749096072 ],
						[ 114.3320472143, 22.4754024161 ],
						[ 114.3316881482, 22.4755143409 ]
					]
				]
			},
			"properties" : {
				"TYPE" : null
			}
		},
		{
			"type" : "Feature",
			"geometry" : {
				"type" : "Polygon",
				"coordinates" : [
					[
						[ 114.3536510085, 22.4805385775 ],
						[ 114.3541652534, 22.4803285711 ],
						[ 114.3543398615, 22.4800932819 ],
						[ 114.3551813898, 22.4801603159 ],
						[ 114.355546145, 22.479868339 ],
						[ 114.3559887237, 22.4786179792 ],
						[ 114.356772859, 22.4774921276 ],
						[ 114.3566695025, 22.4770349079 ],
						[ 114.3563804421, 22.476633459 ],
						[ 114.3563774679, 22.4762408662 ],
						[ 114.3573770291, 22.4755142578 ],
						[ 114.3575423543, 22.4746035384 ],
						[ 114.3574928283, 22.4737495266 ],
						[ 114.357861521, 22.4730796451 ],
						[ 114.3576172331, 22.4721491746 ],
						[ 114.3577620454, 22.4718101376 ],
						[ 114.3585015901, 22.4717661501 ],
						[ 114.3587110577, 22.4721300375 ],
						[ 114.360001153, 22.4733352817 ],
						[ 114.3609085014, 22.4735192904 ],
						[ 114.3612364744, 22.4734514225 ],
						[ 114.361340702, 22.4730605493 ],
						[ 114.3613207438, 22.4729136296 ],
						[ 114.3608907464, 22.4727965813 ],
						[ 114.3607659942, 22.4722291816 ],
						[ 114.3602020955, 22.4724736443 ],
						[ 114.3597367716, 22.4721646921 ],
						[ 114.3590564118, 22.4702424489 ],
						[ 114.3588141492, 22.4693546824 ],
						[ 114.3585904913, 22.4690886101 ],
						[ 114.3587215028, 22.4687808149 ],
						[ 114.3583851287, 22.4684560996 ],
						[ 114.3583311408, 22.4679680583 ],
						[ 114.3579918316, 22.4672893267 ],
						[ 114.3581478498, 22.4672110927 ],
						[ 114.3582709636, 22.4665244904 ],
						[ 114.3582826258, 22.4664594403 ],
						[ 114.359385591, 22.4654492294 ],
						[ 114.3605545365, 22.4651136241 ],
						[ 114.3612670852, 22.4652257633 ],
						[ 114.3619942335, 22.4655390076 ],
						[ 114.3626111636, 22.4665576587 ],
						[ 114.3636600799, 22.4673471398 ],
						[ 114.3640599542, 22.4685937919 ],
						[ 114.3639802528, 22.4692096399 ],
						[ 114.3634641456, 22.4700766951 ],
						[ 114.3637570386, 22.4711209737 ],
						[ 114.3642495411, 22.4718027296 ],
						[ 114.3653241884, 22.4718533658 ],
						[ 114.3657864652, 22.4720925186 ],
						[ 114.3660592606, 22.4725100439 ],
						[ 114.3667118228, 22.4728077404 ],
						[ 114.366532262, 22.4733727303 ],
						[ 114.3662018613, 22.4734681634 ],
						[ 114.366664973, 22.4746784585 ],
						[ 114.3665056231, 22.4752167938 ],
						[ 114.3669069044, 22.4756502405 ],
						[ 114.3666089638, 22.4763600184 ],
						[ 114.3667966756, 22.4766963689 ],
						[ 114.3664996677, 22.4770084925 ],
						[ 114.3650113182, 22.4779754218 ],
						[ 114.3640473528, 22.4783328557 ],
						[ 114.3635586603, 22.4786686212 ],
						[ 114.3633069317, 22.4792272702 ],
						[ 114.3632543473, 22.4805442316 ],
						[ 114.3634742493, 22.4813080378 ],
						[ 114.3637174009, 22.4817196408 ],
						[ 114.3644822673, 22.4820842481 ],
						[ 114.3645903568, 22.4830965993 ],
						[ 114.3640718201, 22.4844030853 ],
						[ 114.3635717224, 22.4850901275 ],
						[ 114.3633920754, 22.4852492069 ],
						[ 114.3627678944, 22.4851548833 ],
						[ 114.3620360868, 22.4850115918 ],
						[ 114.3617928243, 22.4850072295 ],
						[ 114.3615754931, 22.4851091878 ],
						[ 114.3607579542, 22.4859694624 ],
						[ 114.3603787228, 22.4861567782 ],
						[ 114.3594588568, 22.4862859369 ],
						[ 114.3589221439, 22.4858296611 ],
						[ 114.3582181006, 22.4855007738 ],
						[ 114.3573536363, 22.4845282964 ],
						[ 114.357179301, 22.4838342268 ],
						[ 114.3568882112, 22.4834837219 ],
						[ 114.3566772352, 22.483022514 ],
						[ 114.3562668042, 22.482380586 ],
						[ 114.3546096872, 22.4820655908 ],
						[ 114.3543010066, 22.481781248 ],
						[ 114.3535410096, 22.4809436296 ],
						[ 114.3534922681, 22.4806906787 ],
						[ 114.3536510085, 22.4805385775 ]
					]
				]
			},
			"properties" : {
				"TYPE" : null
			}
		},
		{
			"type" : "Feature",
			"geometry" : {
				"type" : "Polygon",
				"coordinates" : [
					[
						[ 114.3707444934, 22.4835383864 ],
						[ 114.370252198, 22.4837722324 ],
						[ 114.3700765706, 22.4836140321 ],
						[ 114.3701541314, 22.4832479831 ],
						[ 114.3704842945, 22.4829670312 ],
						[ 114.3713056943, 22.4827561946 ],
						[ 114.3713692467, 22.4829797371 ],
						[ 114.3707444934, 22.4835383864 ]
					]
				]
			},
			"properties" : {
				"TYPE" : null
			}
		},
		{
			"type" : "Feature",
			"geometry" : {
				"type" : "Polygon",
				"coordinates" : [
					[
						[ 114.3957389183, 22.448166018 ],
						[ 114.3960074893, 22.4481313922 ],
						[ 114.3960329888, 22.4484576983 ],
						[ 114.3958600371, 22.4485148427 ],
						[ 114.3957897835, 22.4483320181 ],
						[ 114.3951624082, 22.4482271851 ],
						[ 114.3949946325, 22.4491960041 ],
						[ 114.3946199597, 22.4492911578 ],
						[ 114.3945575434, 22.4489254113 ],
						[ 114.3942041051, 22.4486198653 ],
						[ 114.3942458578, 22.4481511942 ],
						[ 114.3946459719, 22.4479508932 ],
						[ 114.3948360793, 22.4476759677 ],
						[ 114.3949437702, 22.4478326081 ],
						[ 114.3954103776, 22.4478041091 ],
						[ 114.3954725716, 22.4480270127 ],
						[ 114.3957429992, 22.4479807717 ],
						[ 114.3957389183, 22.448166018 ]
					]
				]
			},
			"properties" : {
				"TYPE" : null
			}
		},
		{
			"type" : "Feature",
			"geometry" : {
				"type" : "Polygon",
				"coordinates" : [
					[
						[ 114.392245554, 22.440869116 ],
						[ 114.3919935175, 22.4410784971 ],
						[ 114.3917997894, 22.440621753 ],
						[ 114.3922576773, 22.440629857 ],
						[ 114.392245554, 22.440869116 ]
					]
				]
			},
			"properties" : {
				"TYPE" : null
			}
		},
		{
			"type" : "Feature",
			"geometry" : {
				"type" : "Polygon",
				"coordinates" : [
					[
						[ 114.4022927906, 22.4358719109 ],
						[ 114.4020264891, 22.4361295319 ],
						[ 114.4015895686, 22.4359524492 ],
						[ 114.4014309113, 22.4355670892 ],
						[ 114.4015450053, 22.4350443131 ],
						[ 114.4018548673, 22.43506653 ],
						[ 114.4023109424, 22.4355089531 ],
						[ 114.4022927906, 22.4358719109 ]
					]
				]
			},
			"properties" : {
				"TYPE" : null
			}
		},
		{
			"type" : "Feature",
			"geometry" : {
				"type" : "Polygon",
				"coordinates" : [
					[
						[ 114.4017447814, 22.4338141282 ],
						[ 114.4014258593, 22.4335927489 ],
						[ 114.4013942893, 22.4333814178 ],
						[ 114.4015669703, 22.4331692336 ],
						[ 114.4018949171, 22.4331745835 ],
						[ 114.4022252926, 22.4335289189 ],
						[ 114.4020839602, 22.4338142335 ],
						[ 114.4017447814, 22.4338141282 ]
					]
				]
			},
			"properties" : {
				"TYPE" : null
			}
		},
		{
			"type" : "Feature",
			"geometry" : {
				"type" : "Polygon",
				"coordinates" : [
					[
						[ 114.2870129071, 22.3633588999 ],
						[ 114.287214455, 22.3640103066 ],
						[ 114.2870485574, 22.3642334106 ],
						[ 114.2868456576, 22.3642335486 ],
						[ 114.2862580186, 22.3632543055 ],
						[ 114.2862890583, 22.3630307156 ],
						[ 114.2868286425, 22.3624473295 ],
						[ 114.2870968713, 22.3629529383 ],
						[ 114.2870129071, 22.3633588999 ]
					]
				]
			},
			"properties" : {
				"TYPE" : null
			}
		},
		{
			"type" : "Feature",
			"geometry" : {
				"type" : "Polygon",
				"coordinates" : [
					[
						[ 114.2863874658, 22.3746922215 ],
						[ 114.2862341255, 22.375023321 ],
						[ 114.2864000292, 22.3755963578 ],
						[ 114.2848911413, 22.3750973976 ],
						[ 114.2845315747, 22.375195194 ],
						[ 114.2845004047, 22.3744484358 ],
						[ 114.2848198645, 22.3741572956 ],
						[ 114.2853785379, 22.3739739996 ],
						[ 114.2862787217, 22.3737678225 ],
						[ 114.2864602851, 22.3744018229 ],
						[ 114.2863874658, 22.3746922215 ]
					]
				]
			},
			"properties" : {
				"TYPE" : null
			}
		},
		{
			"type" : "Feature",
			"geometry" : {
				"type" : "Polygon",
				"coordinates" : [
					[
						[ 114.2893550349, 22.3792411061 ],
						[ 114.2890643229, 22.3795664969 ],
						[ 114.2882591326, 22.3799230273 ],
						[ 114.2877499428, 22.3803281249 ],
						[ 114.2875650027, 22.3801685559 ],
						[ 114.2874816983, 22.3798480657 ],
						[ 114.2884950784, 22.3790332324 ],
						[ 114.2888847287, 22.3782983847 ],
						[ 114.2890758223, 22.3783348349 ],
						[ 114.2893922045, 22.3788781438 ],
						[ 114.2893550349, 22.3792411061 ]
					]
				]
			},
			"properties" : {
				"TYPE" : null
			}
		},
		{
			"type" : "Feature",
			"geometry" : {
				"type" : "Polygon",
				"coordinates" : [
					[
						[ 114.2898538566, 22.3760597045 ],
						[ 114.2896968348, 22.3756823564 ],
						[ 114.2900442363, 22.3752169787 ],
						[ 114.2903758425, 22.3752963053 ],
						[ 114.2905842324, 22.3751022014 ],
						[ 114.2906725602, 22.3754575264 ],
						[ 114.2906365772, 22.3757461581 ],
						[ 114.290278132, 22.3756790511 ],
						[ 114.2902196589, 22.3759543423 ],
						[ 114.2898538566, 22.3760597045 ]
					]
				]
			},
			"properties" : {
				"TYPE" : null
			}
		},
		{
			"type" : "Feature",
			"geometry" : {
				"type" : "Polygon",
				"coordinates" : [
					[
						[ 114.2820016011, 22.3860071081 ],
						[ 114.2824929935, 22.3859667195 ],
						[ 114.2824906728, 22.3861984168 ],
						[ 114.2821680273, 22.3864413583 ],
						[ 114.2820016011, 22.3860071081 ]
					]
				]
			},
			"properties" : {
				"TYPE" : null
			}
		},
		{
			"type" : "Feature",
			"geometry" : {
				"type" : "Polygon",
				"coordinates" : [
					[
						[ 114.2857191814, 22.3928864806 ],
						[ 114.2861763889, 22.3929009551 ],
						[ 114.286328471, 22.3926619232 ],
						[ 114.28667767, 22.3928225377 ],
						[ 114.2865518162, 22.3931832381 ],
						[ 114.2862846126, 22.3930546352 ],
						[ 114.2860878319, 22.39317193 ],
						[ 114.2857191814, 22.3928864806 ]
					]
				]
			},
			"properties" : {
				"TYPE" : null
			}
		},
		{
			"type" : "Feature",
			"geometry" : {
				"type" : "Polygon",
				"coordinates" : [
					[
						[ 114.2991001806, 22.3801660569 ],
						[ 114.2992046041, 22.3796224495 ],
						[ 114.2994130481, 22.3795078931 ],
						[ 114.2994572968, 22.3801170038 ],
						[ 114.2991001806, 22.3801660569 ]
					]
				]
			},
			"properties" : {
				"TYPE" : null
			}
		},
		{
			"type" : "Feature",
			"geometry" : {
				"type" : "Polygon",
				"coordinates" : [
					[
						[ 114.3144512642, 22.3848056853 ],
						[ 114.3142722802, 22.3843999343 ],
						[ 114.3143462078, 22.3840166079 ],
						[ 114.3146862577, 22.383750939 ],
						[ 114.3148924957, 22.3839365929 ],
						[ 114.3147488314, 22.3845191468 ],
						[ 114.3144512642, 22.3848056853 ]
					]
				]
			},
			"properties" : {
				"TYPE" : null
			}
		},
		{
			"type" : "Feature",
			"geometry" : {
				"type" : "Polygon",
				"coordinates" : [
					[
						[ 114.2798709369, 22.2650346994 ],
						[ 114.2798710776, 22.2652268534 ],
						[ 114.2794880065, 22.2654284612 ],
						[ 114.2794846861, 22.2651195159 ],
						[ 114.2791136601, 22.2648873283 ],
						[ 114.2791042879, 22.2647406223 ],
						[ 114.279505354, 22.2646437233 ],
						[ 114.2798709369, 22.2650346994 ]
					]
				]
			},
			"properties" : {
				"TYPE" : null
			}
		},
		{
			"type" : "Feature",
			"geometry" : {
				"type" : "Polygon",
				"coordinates" : [
					[
						[ 114.2224433154, 22.4394649977 ],
						[ 114.2224835549, 22.4408399278 ],
						[ 114.2224052477, 22.4409306879 ],
						[ 114.2221503109, 22.4408353981 ],
						[ 114.2219148709, 22.4395061805 ],
						[ 114.221302103, 22.4383186643 ],
						[ 114.2212191768, 22.4375679307 ],
						[ 114.2215225999, 22.4376626308 ],
						[ 114.2219443336, 22.438331779 ],
						[ 114.2226146802, 22.4387685202 ],
						[ 114.2226787988, 22.4390187541 ],
						[ 114.2224433154, 22.4394649977 ]
					]
				]
			},
			"properties" : {
				"TYPE" : null
			}
		},
		{
			"type" : "Feature",
			"geometry" : {
				"type" : "Polygon",
				"coordinates" : [
					[
						[ 114.2731737864, 22.4265132487 ],
						[ 114.2727536619, 22.4261017184 ],
						[ 114.2726783094, 22.4257818227 ],
						[ 114.2725544031, 22.4253239792 ],
						[ 114.2726026055, 22.4249347013 ],
						[ 114.2727248587, 22.4246828232 ],
						[ 114.2731192065, 22.424681505 ],
						[ 114.273687229, 22.4250467098 ],
						[ 114.2738115942, 22.4253209718 ],
						[ 114.2738372809, 22.4257332785 ],
						[ 114.2734196737, 22.4263063493 ],
						[ 114.2731737864, 22.4265132487 ]
					]
				]
			},
			"properties" : {
				"TYPE" : null
			}
		},
		{
			"type" : "Feature",
			"geometry" : {
				"type" : "Polygon",
				"coordinates" : [
					[
						[ 114.2720495649, 22.4328741969 ],
						[ 114.2713812312, 22.4319954201 ],
						[ 114.2721071273, 22.4321030069 ],
						[ 114.2720705696, 22.4325373845 ],
						[ 114.2726304286, 22.4328117239 ],
						[ 114.2727317569, 22.4330003823 ],
						[ 114.2724770101, 22.4331544214 ],
						[ 114.2720495649, 22.4328741969 ]
					]
				]
			},
			"properties" : {
				"TYPE" : null
			}
		},
		{
			"type" : "Feature",
			"geometry" : {
				"type" : "Polygon",
				"coordinates" : [
					[
						[ 114.4272462451, 22.5421747283 ],
						[ 114.4275227879, 22.541753694 ],
						[ 114.4278058243, 22.5408225192 ],
						[ 114.4279010654, 22.5407319142 ],
						[ 114.4282212571, 22.5406680487 ],
						[ 114.4286767847, 22.5408165709 ],
						[ 114.4289565618, 22.5408207201 ],
						[ 114.4299259291, 22.5405684994 ],
						[ 114.4308235267, 22.5399954227 ],
						[ 114.4313049451, 22.5399808819 ],
						[ 114.4316695195, 22.5398581703 ],
						[ 114.4335740714, 22.5385309053 ],
						[ 114.434236573, 22.5383397504 ],
						[ 114.4348527501, 22.5379594915 ],
						[ 114.4351713738, 22.5378574979 ],
						[ 114.4372147395, 22.538096189 ],
						[ 114.4382361892, 22.5379586181 ],
						[ 114.4392176037, 22.538350073 ],
						[ 114.4396794921, 22.53846227 ],
						[ 114.4401378608, 22.5388095658 ],
						[ 114.4404750376, 22.5396226602 ],
						[ 114.4408261789, 22.5399811556 ],
						[ 114.4413931906, 22.5402672066 ],
						[ 114.4416443216, 22.5405381534 ],
						[ 114.4415259116, 22.5409180806 ],
						[ 114.4410622363, 22.5414248454 ],
						[ 114.440930841, 22.541475116 ],
						[ 114.4401963757, 22.541512134 ],
						[ 114.4397345201, 22.5416846182 ],
						[ 114.4391514028, 22.5420290276 ],
						[ 114.438699235, 22.542097717 ],
						[ 114.4379156885, 22.5420604221 ],
						[ 114.4375312976, 22.5418962066 ],
						[ 114.4373167026, 22.5415980944 ],
						[ 114.4367026273, 22.5415168937 ],
						[ 114.4360740925, 22.541636376 ],
						[ 114.4354652379, 22.5419725418 ],
						[ 114.4344947008, 22.5429245814 ],
						[ 114.4335343036, 22.5434844589 ],
						[ 114.4329586443, 22.5444060045 ],
						[ 114.4324765624, 22.5443429543 ],
						[ 114.4319217058, 22.5444811224 ],
						[ 114.4311341652, 22.5452418339 ],
						[ 114.4308052185, 22.5459292689 ],
						[ 114.4308793504, 22.5467336052 ],
						[ 114.4306668215, 22.5475563102 ],
						[ 114.4306773186, 22.5478951638 ],
						[ 114.4304903321, 22.5483647262 ],
						[ 114.4303575161, 22.5487180375 ],
						[ 114.4301744926, 22.5497353788 ],
						[ 114.4302495474, 22.5507743563 ],
						[ 114.4305577451, 22.5517050543 ],
						[ 114.4306659368, 22.5524781188 ],
						[ 114.4305649399, 22.552938822 ],
						[ 114.4303996931, 22.553136069 ],
						[ 114.4301905641, 22.5531226274 ],
						[ 114.429212112, 22.5527788662 ],
						[ 114.428982966, 22.5526318335 ],
						[ 114.4287877046, 22.5523630735 ],
						[ 114.4280177785, 22.5519643449 ],
						[ 114.4272349312, 22.5520693325 ],
						[ 114.4262242854, 22.5514069518 ],
						[ 114.4260214696, 22.5510527826 ],
						[ 114.4256743974, 22.549927443 ],
						[ 114.4257213019, 22.5490687264 ],
						[ 114.4256382843, 22.5488071302 ],
						[ 114.4253650185, 22.5485880717 ],
						[ 114.4248810577, 22.5485842314 ],
						[ 114.4245816424, 22.5483927632 ],
						[ 114.4245221715, 22.5480264331 ],
						[ 114.4246292393, 22.5479183654 ],
						[ 114.42485807, 22.5478904614 ],
						[ 114.4253691029, 22.5481109957 ],
						[ 114.4256152642, 22.548102804 ],
						[ 114.4257702049, 22.5479478305 ],
						[ 114.4261095245, 22.5472383467 ],
						[ 114.4262566109, 22.5465599356 ],
						[ 114.426134312, 22.5461757964 ],
						[ 114.4261131596, 22.5451321452 ],
						[ 114.4259274075, 22.5446438765 ],
						[ 114.4259659085, 22.5443370943 ],
						[ 114.426120927, 22.5442280302 ],
						[ 114.4262617469, 22.5439160414 ],
						[ 114.4260921742, 22.5433529047 ],
						[ 114.4262432415, 22.5429715564 ],
						[ 114.4265663068, 22.5425780121 ],
						[ 114.4272462451, 22.5421747283 ]
					]
				]
			},
			"properties" : {
				"TYPE" : null
			}
		},
		{
			"type" : "Feature",
			"geometry" : {
				"type" : "Polygon",
				"coordinates" : [
					[
						[ 114.3314264742, 22.5410318866 ],
						[ 114.3311749015, 22.5419472521 ],
						[ 114.3305941303, 22.5424359062 ],
						[ 114.329781764, 22.5422401626 ],
						[ 114.3293532456, 22.5418360379 ],
						[ 114.3293622889, 22.541519661 ],
						[ 114.3296973377, 22.5409816594 ],
						[ 114.330387858, 22.540517701 ],
						[ 114.3306862592, 22.5399255413 ],
						[ 114.331067514, 22.5396152375 ],
						[ 114.3313654, 22.5403376848 ],
						[ 114.3314264742, 22.5410318866 ]
					]
				]
			},
			"properties" : {
				"TYPE" : null
			}
		},
		{
			"type" : "Feature",
			"geometry" : {
				"type" : "Polygon",
				"coordinates" : [
					[
						[ 114.4279100757, 22.4666207702 ],
						[ 114.4274045598, 22.4671041392 ],
						[ 114.4272661563, 22.4670680882 ],
						[ 114.4272811084, 22.466586385 ],
						[ 114.4277728242, 22.4661181908 ],
						[ 114.4280210386, 22.4662353528 ],
						[ 114.4279100757, 22.4666207702 ]
					]
				]
			},
			"properties" : {
				"TYPE" : null
			}
		},
		{
			"type" : "Feature",
			"geometry" : {
				"type" : "Polygon",
				"coordinates" : [
					[
						[ 114.4282466454, 22.465868576 ],
						[ 114.4278742362, 22.4659215051 ],
						[ 114.4278255565, 22.4657746477 ],
						[ 114.4286119404, 22.4651585894 ],
						[ 114.4286176286, 22.4655750522 ],
						[ 114.4282466454, 22.465868576 ]
					]
				]
			},
			"properties" : {
				"TYPE" : null
			}
		},
		{
			"type" : "Feature",
			"geometry" : {
				"type" : "Polygon",
				"coordinates" : [
					[
						[ 114.3919792032, 22.3636134716 ],
						[ 114.3917835295, 22.3642594575 ],
						[ 114.3918914649, 22.3646199291 ],
						[ 114.3916155103, 22.3646173967 ],
						[ 114.3913636378, 22.364851747 ],
						[ 114.3906779159, 22.3647185152 ],
						[ 114.3906007132, 22.3644474313 ],
						[ 114.3910449922, 22.363471857 ],
						[ 114.3918367434, 22.3627280938 ],
						[ 114.392193251, 22.3627444619 ],
						[ 114.3919448837, 22.3632227043 ],
						[ 114.3919792032, 22.3636134716 ]
					]
				]
			},
			"properties" : {
				"TYPE" : null
			}
		},
		{
			"type" : "Feature",
			"geometry" : {
				"type" : "Polygon",
				"coordinates" : [
					[
						[ 114.3074301161, 22.3792873449 ],
						[ 114.3076167204, 22.378524152 ],
						[ 114.3080406132, 22.3784523865 ],
						[ 114.3083667622, 22.378678011 ],
						[ 114.3084628216, 22.3792435319 ],
						[ 114.3074301161, 22.3792873449 ]
					]
				]
			},
			"properties" : {
				"TYPE" : null
			}
		},
		{
			"type" : "Feature",
			"geometry" : {
				"type" : "Polygon",
				"coordinates" : [
					[
						[ 114.3011215265, 22.3719110669 ],
						[ 114.3006897662, 22.3715443975 ],
						[ 114.3007425437, 22.3712110405 ],
						[ 114.3010775572, 22.370910564 ],
						[ 114.3019068, 22.3710098029 ],
						[ 114.3018616302, 22.3714761378 ],
						[ 114.3015391439, 22.3718219034 ],
						[ 114.3011215265, 22.3719110669 ]
					]
				]
			},
			"properties" : {
				"TYPE" : null
			}
		},
		{
			"type" : "Feature",
			"geometry" : {
				"type" : "Polygon",
				"coordinates" : [
					[
						[ 114.3182773136, 22.3759421208 ],
						[ 114.318141431, 22.3753719987 ],
						[ 114.3186484926, 22.375434263 ],
						[ 114.3188730587, 22.3758428774 ],
						[ 114.3189687782, 22.3760338429 ],
						[ 114.3191258191, 22.3763426387 ],
						[ 114.318689555, 22.3765259437 ],
						[ 114.3185708389, 22.3761492948 ],
						[ 114.3185556431, 22.3761110187 ],
						[ 114.3183016165, 22.376325526 ],
						[ 114.318286617, 22.3759435304 ],
						[ 114.3182773136, 22.3759421208 ]
					]
				]
			},
			"properties" : {
				"TYPE" : null
			}
		},
		{
			"type" : "Feature",
			"geometry" : {
				"type" : "Polygon",
				"coordinates" : [
					[
						[ 114.3217926494, 22.3716064312 ],
						[ 114.3225748951, 22.3713495601 ],
						[ 114.3227311933, 22.3711387824 ],
						[ 114.3224904229, 22.3707437336 ],
						[ 114.3228499483, 22.3706525536 ],
						[ 114.3231603795, 22.3707724784 ],
						[ 114.3231145421, 22.3711267509 ],
						[ 114.3232866638, 22.3715266923 ],
						[ 114.3241388802, 22.3720886103 ],
						[ 114.32432361, 22.3726000388 ],
						[ 114.3242917706, 22.3743775799 ],
						[ 114.3247923455, 22.3742197573 ],
						[ 114.3251757517, 22.3736677413 ],
						[ 114.3255996364, 22.3736017365 ],
						[ 114.3257841215, 22.3733013474 ],
						[ 114.3260755605, 22.3731675176 ],
						[ 114.3261920534, 22.3729182944 ],
						[ 114.3260719218, 22.3726779949 ],
						[ 114.3257128787, 22.3726504484 ],
						[ 114.3257604419, 22.3715784374 ],
						[ 114.3259692128, 22.3712100891 ],
						[ 114.3254986936, 22.3708580338 ],
						[ 114.3255962889, 22.3698666914 ],
						[ 114.3258296324, 22.3691243489 ],
						[ 114.3264116392, 22.3686488068 ],
						[ 114.326447162, 22.3680001299 ],
						[ 114.3267122222, 22.3677333489 ],
						[ 114.3270183937, 22.3667905949 ],
						[ 114.3272392998, 22.3666928331 ],
						[ 114.3268237781, 22.3657989443 ],
						[ 114.3272254393, 22.3654129864 ],
						[ 114.3275819201, 22.3653952349 ],
						[ 114.3276376823, 22.3655780962 ],
						[ 114.327843769, 22.3656324936 ],
						[ 114.3283374499, 22.3654798861 ],
						[ 114.3285721956, 22.3660516594 ],
						[ 114.3287690755, 22.3662460102 ],
						[ 114.3288421241, 22.3668243103 ],
						[ 114.3285490559, 22.3683163999 ],
						[ 114.3285716985, 22.3684691028 ],
						[ 114.3288882951, 22.3685175795 ],
						[ 114.3289346782, 22.3686888449 ],
						[ 114.3287013179, 22.3688179746 ],
						[ 114.3287113473, 22.3694352462 ],
						[ 114.3283637064, 22.3695470718 ],
						[ 114.3282509818, 22.3698090713 ],
						[ 114.3283062717, 22.3701272369 ],
						[ 114.3286872363, 22.3702296653 ],
						[ 114.3289947778, 22.3705638577 ],
						[ 114.3293019448, 22.370543828 ],
						[ 114.3295608473, 22.370925683 ],
						[ 114.3293146474, 22.3736127909 ],
						[ 114.328870524, 22.3740046002 ],
						[ 114.3282014613, 22.3742520222 ],
						[ 114.3267761203, 22.3755128797 ],
						[ 114.3246136197, 22.3764375975 ],
						[ 114.324177036, 22.3763015356 ],
						[ 114.3239617775, 22.3758580805 ],
						[ 114.3236176538, 22.3763612751 ],
						[ 114.3232923855, 22.3764016382 ],
						[ 114.3229945331, 22.3769767988 ],
						[ 114.3224633817, 22.3771741338 ],
						[ 114.3221961893, 22.3772173412 ],
						[ 114.3220942681, 22.3770716803 ],
						[ 114.3221799649, 22.3766198159 ],
						[ 114.3218873285, 22.3762083685 ],
						[ 114.321368787, 22.3765235729 ],
						[ 114.3208836209, 22.3765036778 ],
						[ 114.3210368424, 22.3761353764 ],
						[ 114.3206306368, 22.3757925513 ],
						[ 114.3203586943, 22.3757654935 ],
						[ 114.3206873048, 22.3756426757 ],
						[ 114.3207162963, 22.3753006193 ],
						[ 114.3208910599, 22.3752406548 ],
						[ 114.3209431147, 22.3748544456 ],
						[ 114.3205989639, 22.374743839 ],
						[ 114.3205276238, 22.37458073 ],
						[ 114.3209070662, 22.374509178 ],
						[ 114.3206495078, 22.3741056077 ],
						[ 114.3211533641, 22.3734826496 ],
						[ 114.3204870107, 22.3733345912 ],
						[ 114.3203878745, 22.37286083 ],
						[ 114.3206273846, 22.3726265915 ],
						[ 114.3211961008, 22.3725453705 ],
						[ 114.32167766, 22.3721047748 ],
						[ 114.3217926494, 22.3716064312 ]
					]
				]
			},
			"properties" : {
				"TYPE" : null
			}
		},
		{
			"type" : "Feature",
			"geometry" : {
				"type" : "Polygon",
				"coordinates" : [
					[
						[ 114.3243535038, 22.3689764626 ],
						[ 114.3246080788, 22.3688246712 ],
						[ 114.3247773331, 22.3694592175 ],
						[ 114.3245944032, 22.3700621446 ],
						[ 114.3244039938, 22.3700739315 ],
						[ 114.3243182426, 22.3698736767 ],
						[ 114.3245324002, 22.3692904531 ],
						[ 114.3243535038, 22.3689764626 ]
					]
				]
			},
			"properties" : {
				"TYPE" : null
			}
		},
		{
			"type" : "Feature",
			"geometry" : {
				"type" : "Polygon",
				"coordinates" : [
					[
						[ 114.3238174111, 22.3674050078 ],
						[ 114.3234607726, 22.367268284 ],
						[ 114.3236012899, 22.3667077858 ],
						[ 114.3239084724, 22.3667191202 ],
						[ 114.3246367341, 22.366389782 ],
						[ 114.3250419123, 22.3663748905 ],
						[ 114.3252880595, 22.3665210045 ],
						[ 114.3253378121, 22.3669262848 ],
						[ 114.3251203683, 22.3673521377 ],
						[ 114.3248008885, 22.3675301146 ],
						[ 114.3238174111, 22.3674050078 ]
					]
				]
			},
			"properties" : {
				"TYPE" : null
			}
		},
		{
			"type" : "Feature",
			"geometry" : {
				"type" : "Polygon",
				"coordinates" : [
					[
						[ 114.3284866911, 22.3508002867 ],
						[ 114.3289887286, 22.350649656 ],
						[ 114.3291590977, 22.3509101082 ],
						[ 114.3287183249, 22.3510940497 ],
						[ 114.3284866911, 22.3508002867 ]
					]
				]
			},
			"properties" : {
				"TYPE" : null
			}
		},
		{
			"type" : "Feature",
			"geometry" : {
				"type" : "Polygon",
				"coordinates" : [
					[
						[ 114.3480894838, 22.3494667398 ],
						[ 114.348405602, 22.3495348657 ],
						[ 114.3485432626, 22.3498286998 ],
						[ 114.348722893, 22.3500523039 ],
						[ 114.3484159464, 22.3504035739 ],
						[ 114.348163941, 22.3501708349 ],
						[ 114.3480894838, 22.3494667398 ]
					]
				]
			},
			"properties" : {
				"TYPE" : null
			}
		},
		{
			"type" : "Feature",
			"geometry" : {
				"type" : "Polygon",
				"coordinates" : [
					[
						[ 114.350830524, 22.3534391931 ],
						[ 114.3505083554, 22.3539883873 ],
						[ 114.3501408835, 22.3539162929 ],
						[ 114.3500996944, 22.3536206233 ],
						[ 114.3505070925, 22.3529695194 ],
						[ 114.3510578979, 22.3527566381 ],
						[ 114.3512886415, 22.3528018404 ],
						[ 114.3513136514, 22.3530135251 ],
						[ 114.350830524, 22.3534391931 ]
					]
				]
			},
			"properties" : {
				"TYPE" : null
			}
		},
		{
			"type" : "Feature",
			"geometry" : {
				"type" : "Polygon",
				"coordinates" : [
					[
						[ 114.3520831016, 22.3426732574 ],
						[ 114.3516205579, 22.3427134463 ],
						[ 114.3514063715, 22.3420515039 ],
						[ 114.3518904687, 22.3419376393 ],
						[ 114.3520804687, 22.3420501982 ],
						[ 114.3520831016, 22.3426732574 ]
					]
				]
			},
			"properties" : {
				"TYPE" : null
			}
		},
		{
			"type" : "Feature",
			"geometry" : {
				"type" : "Polygon",
				"coordinates" : [
					[
						[ 114.3168106416, 22.3397988052 ],
						[ 114.3166095708, 22.3390953722 ],
						[ 114.3157388149, 22.3384483232 ],
						[ 114.3157571096, 22.3375726868 ],
						[ 114.3161099335, 22.3372755225 ],
						[ 114.3161701324, 22.3368698814 ],
						[ 114.3163951118, 22.3367396658 ],
						[ 114.3166806827, 22.3359863434 ],
						[ 114.317501097, 22.3351537293 ],
						[ 114.3178110992, 22.3347173742 ],
						[ 114.3179008696, 22.3342058504 ],
						[ 114.3181943691, 22.333964542 ],
						[ 114.3173904823, 22.3339980312 ],
						[ 114.3174087941, 22.3337604122 ],
						[ 114.3175911408, 22.3336751048 ],
						[ 114.317426488, 22.3335164634 ],
						[ 114.3174569853, 22.3330981865 ],
						[ 114.3177509427, 22.3320871134 ],
						[ 114.3187211505, 22.3314258078 ],
						[ 114.3198044973, 22.3313517895 ],
						[ 114.3198779781, 22.3312475932 ],
						[ 114.3191495035, 22.330624602 ],
						[ 114.3188329184, 22.3306530731 ],
						[ 114.3184159364, 22.3304699097 ],
						[ 114.3184216672, 22.3300217359 ],
						[ 114.3188066346, 22.3297343266 ],
						[ 114.3186981423, 22.3294645974 ],
						[ 114.3189441804, 22.3293821134 ],
						[ 114.3191994241, 22.3286339871 ],
						[ 114.3199312727, 22.3277214723 ],
						[ 114.3197461299, 22.3274731055 ],
						[ 114.3200619126, 22.3272743439 ],
						[ 114.3198791775, 22.3269690103 ],
						[ 114.3199277121, 22.326657151 ],
						[ 114.3204140545, 22.3263449045 ],
						[ 114.3214063021, 22.3261265575 ],
						[ 114.3217893047, 22.326349433 ],
						[ 114.3218447563, 22.3267521015 ],
						[ 114.3222709924, 22.3269266146 ],
						[ 114.3227409966, 22.3275590362 ],
						[ 114.3238108033, 22.326987934 ],
						[ 114.3240847632, 22.3270106952 ],
						[ 114.3241699381, 22.3268633384 ],
						[ 114.3245076563, 22.3269476023 ],
						[ 114.3244078373, 22.3272819505 ],
						[ 114.3246781821, 22.327392166 ],
						[ 114.3251256538, 22.3271737143 ],
						[ 114.3258028246, 22.326065621 ],
						[ 114.3262991309, 22.3258361851 ],
						[ 114.3261770746, 22.3256096304 ],
						[ 114.3269561115, 22.3255128346 ],
						[ 114.3271170141, 22.3256398269 ],
						[ 114.3270355176, 22.3257561168 ],
						[ 114.3266910776, 22.3257478023 ],
						[ 114.3267035468, 22.325844445 ],
						[ 114.3269747144, 22.3261439275 ],
						[ 114.3273704131, 22.3260871827 ],
						[ 114.3273560537, 22.3271152717 ],
						[ 114.3275748804, 22.3270466076 ],
						[ 114.3278818832, 22.3261689754 ],
						[ 114.3281551078, 22.3260778189 ],
						[ 114.3282958328, 22.3264119448 ],
						[ 114.3284180947, 22.3268249066 ],
						[ 114.3281323001, 22.3272951964 ],
						[ 114.3281410929, 22.3274200357 ],
						[ 114.3284676246, 22.3280174726 ],
						[ 114.3292293837, 22.3279454258 ],
						[ 114.3299248225, 22.3277359297 ],
						[ 114.3303361836, 22.3278678655 ],
						[ 114.3304288541, 22.3283487364 ],
						[ 114.3307391214, 22.3287707202 ],
						[ 114.3307059485, 22.3289692344 ],
						[ 114.3305149503, 22.329614911 ],
						[ 114.330479583, 22.330628643 ],
						[ 114.3308087613, 22.3313750765 ],
						[ 114.3305325993, 22.3321773244 ],
						[ 114.3306760842, 22.3327513511 ],
						[ 114.3305064796, 22.3331709092 ],
						[ 114.3303056133, 22.3332671756 ],
						[ 114.3302755595, 22.3334967518 ],
						[ 114.3305012093, 22.3334372795 ],
						[ 114.3305743748, 22.3336184353 ],
						[ 114.330039629, 22.334337503 ],
						[ 114.3296680708, 22.3344316271 ],
						[ 114.3293116774, 22.3348231755 ],
						[ 114.3286520177, 22.334984304 ],
						[ 114.3283055737, 22.3354333745 ],
						[ 114.3274404757, 22.3360612625 ],
						[ 114.3273629583, 22.3364352898 ],
						[ 114.3275358311, 22.3367411926 ],
						[ 114.3275223547, 22.3374430868 ],
						[ 114.3272914237, 22.3377717968 ],
						[ 114.3267343727, 22.3379057847 ],
						[ 114.3264716094, 22.3391262628 ],
						[ 114.3265297203, 22.3396836831 ],
						[ 114.3260402844, 22.3406040586 ],
						[ 114.3250669706, 22.3406958445 ],
						[ 114.3244707424, 22.3412227977 ],
						[ 114.3239660712, 22.3411950724 ],
						[ 114.3235038018, 22.341500977 ],
						[ 114.3221917023, 22.3417086972 ],
						[ 114.3204657868, 22.3412430861 ],
						[ 114.3195640791, 22.3406029848 ],
						[ 114.3190376483, 22.3404521408 ],
						[ 114.3181936985, 22.3406565363 ],
						[ 114.3178052874, 22.3406200572 ],
						[ 114.3176226673, 22.3404418716 ],
						[ 114.3171843257, 22.3405642186 ],
						[ 114.3168106416, 22.3397988052 ]
					]
				]
			},
			"properties" : {
				"TYPE" : null
			}
		},
		{
			"type" : "Feature",
			"geometry" : {
				"type" : "Polygon",
				"coordinates" : [
					[
						[ 114.3343720652, 22.3342585582 ],
						[ 114.3345827722, 22.3346535935 ],
						[ 114.3348842494, 22.3343840538 ],
						[ 114.3352583467, 22.3343497426 ],
						[ 114.3354873416, 22.3345192388 ],
						[ 114.3355786381, 22.3348643333 ],
						[ 114.3357576451, 22.3345730489 ],
						[ 114.3359221201, 22.3345556302 ],
						[ 114.3360226486, 22.3348575673 ],
						[ 114.3359684349, 22.335045745 ],
						[ 114.335329901, 22.3352897352 ],
						[ 114.335241312, 22.3357000166 ],
						[ 114.3349038867, 22.3358999755 ],
						[ 114.3350870069, 22.3365073271 ],
						[ 114.3349657509, 22.3370114135 ],
						[ 114.334698967, 22.3373459304 ],
						[ 114.3338953959, 22.3371200354 ],
						[ 114.3336208983, 22.3371910647 ],
						[ 114.3333405217, 22.3369784675 ],
						[ 114.3330601442, 22.3362153043 ],
						[ 114.3330661321, 22.3360398349 ],
						[ 114.3332733161, 22.3360534427 ],
						[ 114.3333127558, 22.335931438 ],
						[ 114.3327119599, 22.3350886085 ],
						[ 114.3328235415, 22.3347738134 ],
						[ 114.3332466974, 22.3343632016 ],
						[ 114.3337461866, 22.3342045125 ],
						[ 114.3343720652, 22.3342585582 ]
					]
				]
			},
			"properties" : {
				"TYPE" : null
			}
		},
		{
			"type" : "Feature",
			"geometry" : {
				"type" : "Polygon",
				"coordinates" : [
					[
						[ 114.3202133116, 22.3259607774 ],
						[ 114.3198295929, 22.3262412897 ],
						[ 114.3198080494, 22.3257315873 ],
						[ 114.3205778087, 22.3256313716 ],
						[ 114.3202133116, 22.3259607774 ]
					]
				]
			},
			"properties" : {
				"TYPE" : null
			}
		},
		{
			"type" : "Feature",
			"geometry" : {
				"type" : "Polygon",
				"coordinates" : [
					[
						[ 114.327143992, 22.3231153429 ],
						[ 114.3268442075, 22.3232255046 ],
						[ 114.3268136483, 22.3229764246 ],
						[ 114.3274461894, 22.3229476447 ],
						[ 114.327143992, 22.3231153429 ]
					]
				]
			},
			"properties" : {
				"TYPE" : null
			}
		},
		{
			"type" : "Feature",
			"geometry" : {
				"type" : "Polygon",
				"coordinates" : [
					[
						[ 114.3190213443, 22.3121618437 ],
						[ 114.318319534, 22.3127400716 ],
						[ 114.3181853106, 22.3126953066 ],
						[ 114.3183090988, 22.3122084864 ],
						[ 114.3181536974, 22.3119986337 ],
						[ 114.3182373235, 22.311540042 ],
						[ 114.3186887144, 22.3109562811 ],
						[ 114.3191674467, 22.3111244266 ],
						[ 114.3190213443, 22.3121618437 ]
					]
				]
			},
			"properties" : {
				"TYPE" : null
			}
		},
		{
			"type" : "Feature",
			"geometry" : {
				"type" : "Polygon",
				"coordinates" : [
					[
						[ 114.3474760519, 22.3190433019 ],
						[ 114.3465144458, 22.318455193 ],
						[ 114.3464657043, 22.3180306628 ],
						[ 114.3460602991, 22.3176991317 ],
						[ 114.3460498802, 22.3167452797 ],
						[ 114.3465936703, 22.3159634406 ],
						[ 114.3464600039, 22.3158675042 ],
						[ 114.3465113501, 22.3153801609 ],
						[ 114.3463520428, 22.3150518314 ],
						[ 114.3469090196, 22.3149471167 ],
						[ 114.3467958651, 22.3144288805 ],
						[ 114.3469665595, 22.3144626384 ],
						[ 114.3469778396, 22.3140800464 ],
						[ 114.3473856854, 22.3138788322 ],
						[ 114.3472996187, 22.3132731248 ],
						[ 114.3476668092, 22.3126922441 ],
						[ 114.3480833864, 22.3125560391 ],
						[ 114.3486963065, 22.3132066396 ],
						[ 114.3487481013, 22.3136001009 ],
						[ 114.3486031743, 22.3139063187 ],
						[ 114.3476876582, 22.3145838472 ],
						[ 114.3476847266, 22.3147109917 ],
						[ 114.3485244941, 22.3147895016 ],
						[ 114.3485498702, 22.3158256063 ],
						[ 114.3489096993, 22.3163010094 ],
						[ 114.3497777945, 22.3167781642 ],
						[ 114.3502495916, 22.3167862936 ],
						[ 114.3508997618, 22.3160434468 ],
						[ 114.351824741, 22.3160171385 ],
						[ 114.3522995395, 22.3164561613 ],
						[ 114.3523072486, 22.3171804677 ],
						[ 114.3526938344, 22.3172847583 ],
						[ 114.3533774792, 22.3171056708 ],
						[ 114.3537004887, 22.317299196 ],
						[ 114.353389448, 22.319252142 ],
						[ 114.3537943954, 22.3192033689 ],
						[ 114.3539413987, 22.3195627784 ],
						[ 114.3537635013, 22.319711399 ],
						[ 114.3536799106, 22.3201096116 ],
						[ 114.3527495168, 22.3207699271 ],
						[ 114.3528290676, 22.3210874096 ],
						[ 114.3534014583, 22.3214233472 ],
						[ 114.3531900772, 22.322479846 ],
						[ 114.3545170261, 22.322458259 ],
						[ 114.3545579602, 22.3230433041 ],
						[ 114.3553627975, 22.322845093 ],
						[ 114.3553767268, 22.3230976353 ],
						[ 114.3550016044, 22.3232677684 ],
						[ 114.3552510637, 22.3234740229 ],
						[ 114.3552002375, 22.3238675945 ],
						[ 114.3555956663, 22.3236209227 ],
						[ 114.3557721543, 22.3238186417 ],
						[ 114.3562102975, 22.3236087389 ],
						[ 114.3564842624, 22.3236366289 ],
						[ 114.3567351657, 22.3249670395 ],
						[ 114.357024905, 22.3252359637 ],
						[ 114.3568939605, 22.3253523235 ],
						[ 114.3569716258, 22.3256358689 ],
						[ 114.357530301, 22.3258665196 ],
						[ 114.3573940751, 22.3262009194 ],
						[ 114.3560412818, 22.3263514338 ],
						[ 114.3555227713, 22.3265850036 ],
						[ 114.3549877686, 22.3264981405 ],
						[ 114.3546980772, 22.3262660392 ],
						[ 114.3547887259, 22.3260674571 ],
						[ 114.3543185927, 22.3244605604 ],
						[ 114.3536509594, 22.3236316886 ],
						[ 114.3532580083, 22.3233968165 ],
						[ 114.3529717214, 22.3234028802 ],
						[ 114.3525280876, 22.323680663 ],
						[ 114.3513274583, 22.3248458093 ],
						[ 114.3506797927, 22.3251496971 ],
						[ 114.3502049334, 22.3251841425 ],
						[ 114.3492999512, 22.3239188517 ],
						[ 114.348797526, 22.3236570477 ],
						[ 114.3484311626, 22.3229095338 ],
						[ 114.3478677188, 22.3223043229 ],
						[ 114.3478457383, 22.3220207232 ],
						[ 114.3481191809, 22.3216246159 ],
						[ 114.3479636806, 22.321386608 ],
						[ 114.3473822155, 22.3212002429 ],
						[ 114.3474327537, 22.3205523912 ],
						[ 114.3477275834, 22.3199543295 ],
						[ 114.3474760519, 22.3190433019 ]
					]
				]
			},
			"properties" : {
				"TYPE" : null
			}
		},
		{
			"type" : "Feature",
			"geometry" : {
				"type" : "Polygon",
				"coordinates" : [
					[
						[ 114.3714613824, 22.3516742586 ],
						[ 114.3714819971, 22.3513768045 ],
						[ 114.3717257912, 22.3514558986 ],
						[ 114.3714613824, 22.3516742586 ]
					]
				]
			},
			"properties" : {
				"TYPE" : null
			}
		},
		{
			"type" : "Feature",
			"geometry" : {
				"type" : "Polygon",
				"coordinates" : [
					[
						[ 114.3699821028, 22.3450254713 ],
						[ 114.36995263, 22.3456313104 ],
						[ 114.3695723903, 22.3457111507 ],
						[ 114.3692763312, 22.3453916323 ],
						[ 114.3688383461, 22.345298379 ],
						[ 114.3686396741, 22.3447353892 ],
						[ 114.3691924926, 22.3442365103 ],
						[ 114.3697800845, 22.3442841429 ],
						[ 114.3701337419, 22.3446628501 ],
						[ 114.3699821028, 22.3450254713 ]
					]
				]
			},
			"properties" : {
				"TYPE" : null
			}
		},
		{
			"type" : "Feature",
			"geometry" : {
				"type" : "Polygon",
				"coordinates" : [
					[
						[ 114.3752819725, 22.3391808361 ],
						[ 114.3744175825, 22.3392952347 ],
						[ 114.3743074693, 22.3388310911 ],
						[ 114.3746572419, 22.3386523204 ],
						[ 114.3753542229, 22.3386658536 ],
						[ 114.3754640982, 22.3389596989 ],
						[ 114.3752819725, 22.3391808361 ]
					]
				]
			},
			"properties" : {
				"TYPE" : null
			}
		},
		{
			"type" : "Feature",
			"geometry" : {
				"type" : "Polygon",
				"coordinates" : [
					[
						[ 114.3609012319, 22.3368752913 ],
						[ 114.3610535209, 22.3365305127 ],
						[ 114.3609497047, 22.3361175556 ],
						[ 114.360233425, 22.3355211961 ],
						[ 114.3603790805, 22.3348249117 ],
						[ 114.3607645307, 22.3344953925 ],
						[ 114.3608976296, 22.3341304977 ],
						[ 114.3608857182, 22.3340114254 ],
						[ 114.3605326265, 22.3340175785 ],
						[ 114.3604780513, 22.333904307 ],
						[ 114.3609765334, 22.3334693811 ],
						[ 114.3612797708, 22.3331692944 ],
						[ 114.3611749565, 22.3324681195 ],
						[ 114.3610664955, 22.3322783846 ],
						[ 114.3607095562, 22.332182145 ],
						[ 114.3608347729, 22.3319444002 ],
						[ 114.3606636974, 22.3316385219 ],
						[ 114.3603710144, 22.3314944552 ],
						[ 114.3600875431, 22.3308297211 ],
						[ 114.3601114659, 22.3306852866 ],
						[ 114.3604125087, 22.3306026776 ],
						[ 114.3605699554, 22.3299460685 ],
						[ 114.3610814264, 22.3299961222 ],
						[ 114.3613772496, 22.3306476107 ],
						[ 114.3621961763, 22.330787625 ],
						[ 114.3623602566, 22.3304704379 ],
						[ 114.3626337382, 22.3305915132 ],
						[ 114.3628164699, 22.3303594624 ],
						[ 114.363090643, 22.3305259869 ],
						[ 114.3630839842, 22.3301750494 ],
						[ 114.3634708438, 22.3299853331 ],
						[ 114.3639992617, 22.3292989529 ],
						[ 114.3641811762, 22.329381011 ],
						[ 114.3641910849, 22.3298521775 ],
						[ 114.3646894521, 22.3293579818 ],
						[ 114.3648873144, 22.3293381922 ],
						[ 114.3650032189, 22.3290831975 ],
						[ 114.3654285383, 22.3289860492 ],
						[ 114.3655652017, 22.328527373 ],
						[ 114.3661859719, 22.3284673906 ],
						[ 114.3664021133, 22.3287156767 ],
						[ 114.3662723493, 22.3292428061 ],
						[ 114.3654511284, 22.3296884823 ],
						[ 114.365460775, 22.3299686438 ],
						[ 114.3659904512, 22.3302228866 ],
						[ 114.3663006237, 22.3300326751 ],
						[ 114.3666358481, 22.3300719812 ],
						[ 114.366705668, 22.3304878465 ],
						[ 114.3665578843, 22.3314142647 ],
						[ 114.3662781738, 22.3317229579 ],
						[ 114.3664033662, 22.3319270464 ],
						[ 114.366345603, 22.3322015341 ],
						[ 114.3661848176, 22.3321930979 ],
						[ 114.36623393, 22.3328442873 ],
						[ 114.3657910215, 22.3336628904 ],
						[ 114.3659741756, 22.333744954 ],
						[ 114.3659777011, 22.3340630869 ],
						[ 114.3661845613, 22.3342969983 ],
						[ 114.3669305592, 22.3344462848 ],
						[ 114.3668334389, 22.3348819057 ],
						[ 114.3670716236, 22.335414365 ],
						[ 114.367680801, 22.3354447138 ],
						[ 114.3676748708, 22.3360873431 ],
						[ 114.3673318705, 22.3367015977 ],
						[ 114.3677008987, 22.3370382916 ],
						[ 114.3678480334, 22.3379102877 ],
						[ 114.3675659949, 22.3387914225 ],
						[ 114.3673443049, 22.3390235243 ],
						[ 114.3664622648, 22.3393559436 ],
						[ 114.3666356953, 22.3395565165 ],
						[ 114.3658170829, 22.3396909447 ],
						[ 114.3653938485, 22.3395217269 ],
						[ 114.3653048252, 22.3386208988 ],
						[ 114.3650328756, 22.3378175059 ],
						[ 114.3646187198, 22.3374929412 ],
						[ 114.3644085457, 22.3375553147 ],
						[ 114.3639282759, 22.3381979143 ],
						[ 114.3634756844, 22.3382697775 ],
						[ 114.3631623643, 22.3388983747 ],
						[ 114.3622735387, 22.3387826024 ],
						[ 114.3621817663, 22.3385991888 ],
						[ 114.3618564165, 22.3385541099 ],
						[ 114.3613935838, 22.338826755 ],
						[ 114.360970528, 22.3387875381 ],
						[ 114.3609552112, 22.3384262616 ],
						[ 114.3608118342, 22.3380260103 ],
						[ 114.3609012319, 22.3368752913 ]
					]
				]
			},
			"properties" : {
				"TYPE" : null
			}
		},
		{
			"type" : "Feature",
			"geometry" : {
				"type" : "Polygon",
				"coordinates" : [
					[
						[ 114.371627193, 22.3285627713 ],
						[ 114.3718904738, 22.3282066962 ],
						[ 114.3722810826, 22.3283100047 ],
						[ 114.3725158143, 22.3285732058 ],
						[ 114.373184858, 22.3281081273 ],
						[ 114.3732334779, 22.3283853694 ],
						[ 114.3736656421, 22.328322706 ],
						[ 114.3743951205, 22.3277384542 ],
						[ 114.3745568054, 22.3279476754 ],
						[ 114.3743807847, 22.328097472 ],
						[ 114.3744507988, 22.3281946096 ],
						[ 114.3747610526, 22.3280803197 ],
						[ 114.3750290652, 22.3282560337 ],
						[ 114.3749461979, 22.3278142974 ],
						[ 114.3752420404, 22.3279980413 ],
						[ 114.3756433314, 22.3279802832 ],
						[ 114.3758329308, 22.3286796289 ],
						[ 114.3761000944, 22.3282627758 ],
						[ 114.3763501745, 22.3284408124 ],
						[ 114.3767576618, 22.3279956011 ],
						[ 114.3770341273, 22.3280326553 ],
						[ 114.3772285371, 22.3277660501 ],
						[ 114.3776210577, 22.327663745 ],
						[ 114.3779256909, 22.3279377785 ],
						[ 114.3780054143, 22.3283398188 ],
						[ 114.3774977478, 22.3287845884 ],
						[ 114.3774399425, 22.3290067301 ],
						[ 114.3757370293, 22.3295145212 ],
						[ 114.3752209252, 22.3305627872 ],
						[ 114.3729145062, 22.3306737528 ],
						[ 114.373037409, 22.3314485512 ],
						[ 114.3728188746, 22.3317151805 ],
						[ 114.3726265031, 22.3316785955 ],
						[ 114.3722894988, 22.3321352163 ],
						[ 114.3717591316, 22.3318441775 ],
						[ 114.3715161303, 22.3318640298 ],
						[ 114.3716872745, 22.3321951999 ],
						[ 114.3715136998, 22.3323369352 ],
						[ 114.3718765192, 22.3326563698 ],
						[ 114.3718036402, 22.3331661865 ],
						[ 114.3713025919, 22.3335033388 ],
						[ 114.3710008343, 22.3335180862 ],
						[ 114.3704742552, 22.3332868661 ],
						[ 114.3698366117, 22.3323360694 ],
						[ 114.3702016029, 22.33198757 ],
						[ 114.3704268081, 22.332063239 ],
						[ 114.3706763543, 22.3318621646 ],
						[ 114.3705814412, 22.3316442356 ],
						[ 114.3706820406, 22.3315025886 ],
						[ 114.3711074741, 22.3314853908 ],
						[ 114.3709424742, 22.3306755576 ],
						[ 114.3711331973, 22.3299648238 ],
						[ 114.3713787085, 22.3295313159 ],
						[ 114.3719148629, 22.3295444792 ],
						[ 114.3715307213, 22.3290047248 ],
						[ 114.371627193, 22.3285627713 ]
					]
				]
			},
			"properties" : {
				"TYPE" : null
			}
		},
		{
			"type" : "Feature",
			"geometry" : {
				"type" : "Polygon",
				"coordinates" : [
					[
						[ 114.3700219503, 22.3344478035 ],
						[ 114.369937045, 22.3343150113 ],
						[ 114.3692098221, 22.3343245004 ],
						[ 114.369571028, 22.3339219321 ],
						[ 114.3701167135, 22.3341053788 ],
						[ 114.3705148732, 22.3340421954 ],
						[ 114.370877068, 22.334350706 ],
						[ 114.3707592593, 22.3345717701 ],
						[ 114.3700219503, 22.3344478035 ]
					]
				]
			},
			"properties" : {
				"TYPE" : null
			}
		},
		{
			"type" : "Feature",
			"geometry" : {
				"type" : "Polygon",
				"coordinates" : [
					[
						[ 114.3680629751, 22.3304523049 ],
						[ 114.367838348, 22.3307983313 ],
						[ 114.3672445477, 22.3306828159 ],
						[ 114.3676461838, 22.3299988756 ],
						[ 114.3680169, 22.3302262614 ],
						[ 114.3680629751, 22.3304523049 ]
					]
				]
			},
			"properties" : {
				"TYPE" : null
			}
		},
		{
			"type" : "Feature",
			"geometry" : {
				"type" : "Polygon",
				"coordinates" : [
					[
						[ 114.3677964285, 22.3268005568 ],
						[ 114.3675771347, 22.3265177613 ],
						[ 114.3678929027, 22.3263528528 ],
						[ 114.3689550042, 22.3261732532 ],
						[ 114.3693174986, 22.3262717709 ],
						[ 114.3691591565, 22.3266884839 ],
						[ 114.3689496436, 22.3267738815 ],
						[ 114.3677964285, 22.3268005568 ]
					]
				]
			},
			"properties" : {
				"TYPE" : null
			}
		},
		{
			"type" : "Feature",
			"geometry" : {
				"type" : "Polygon",
				"coordinates" : [
					[
						[ 114.3687807583, 22.3258138901 ],
						[ 114.367683039, 22.3261805081 ],
						[ 114.3674733875, 22.3261640664 ],
						[ 114.3674088061, 22.3259604853 ],
						[ 114.3675967923, 22.3255126739 ],
						[ 114.3678247646, 22.3253622545 ],
						[ 114.3689448319, 22.3255139627 ],
						[ 114.3689760026, 22.3257008943 ],
						[ 114.3687807583, 22.3258138901 ]
					]
				]
			},
			"properties" : {
				"TYPE" : null
			}
		},
		{
			"type" : "Feature",
			"geometry" : {
				"type" : "Polygon",
				"coordinates" : [
					[
						[ 114.3672564669, 22.3257978525 ],
						[ 114.367126004, 22.3262634313 ],
						[ 114.3668557127, 22.3262154259 ],
						[ 114.3667483866, 22.3259555079 ],
						[ 114.3665138918, 22.3258562567 ],
						[ 114.3667351787, 22.3253405157 ],
						[ 114.3669361521, 22.3253431608 ],
						[ 114.3672564669, 22.3257978525 ]
					]
				]
			},
			"properties" : {
				"TYPE" : null
			}
		},
		{
			"type" : "Feature",
			"geometry" : {
				"type" : "Polygon",
				"coordinates" : [
					[
						[ 114.3660590967, 22.3224279409 ],
						[ 114.3657853617, 22.322570365 ],
						[ 114.3654963926, 22.3224205414 ],
						[ 114.365525488, 22.3219918992 ],
						[ 114.3659246308, 22.3217601616 ],
						[ 114.3664782316, 22.3218924087 ],
						[ 114.3660590967, 22.3224279409 ]
					]
				]
			},
			"properties" : {
				"TYPE" : null
			}
		},
		{
			"type" : "Feature",
			"geometry" : {
				"type" : "Polygon",
				"coordinates" : [
					[
						[ 114.3656981967, 22.3212115844 ],
						[ 114.3651904157, 22.3211183928 ],
						[ 114.3652325718, 22.3207443974 ],
						[ 114.3656827616, 22.3207697642 ],
						[ 114.3662722166, 22.3204376912 ],
						[ 114.3663243172, 22.3205590281 ],
						[ 114.3660048972, 22.3207498285 ],
						[ 114.366361464, 22.3210491453 ],
						[ 114.3656981967, 22.3212115844 ]
					]
				]
			},
			"properties" : {
				"TYPE" : null
			}
		},
		{
			"type" : "Feature",
			"geometry" : {
				"type" : "Polygon",
				"coordinates" : [
					[
						[ 114.3639700893, 22.3120580957 ],
						[ 114.3643252576, 22.3117878701 ],
						[ 114.365250446, 22.3119478852 ],
						[ 114.364713882, 22.3111137309 ],
						[ 114.3648385182, 22.3109179753 ],
						[ 114.3654625739, 22.3110639614 ],
						[ 114.3651486305, 22.3107133802 ],
						[ 114.3651576607, 22.3105356029 ],
						[ 114.3648832741, 22.3083267275 ],
						[ 114.3650805472, 22.3078967427 ],
						[ 114.36583967, 22.3073389625 ],
						[ 114.3670939864, 22.3067518274 ],
						[ 114.3674650178, 22.306792815 ],
						[ 114.3676238546, 22.307202824 ],
						[ 114.3675790445, 22.3079018791 ],
						[ 114.3667008163, 22.3086191693 ],
						[ 114.3668530621, 22.3087271502 ],
						[ 114.3672851396, 22.3086501274 ],
						[ 114.3674857905, 22.3088903667 ],
						[ 114.3673354256, 22.3097115126 ],
						[ 114.3670342704, 22.3101335756 ],
						[ 114.3674542219, 22.3102291588 ],
						[ 114.3678006779, 22.3099267058 ],
						[ 114.3678711464, 22.3103678926 ],
						[ 114.3683190228, 22.3105428284 ],
						[ 114.3683925861, 22.3109817084 ],
						[ 114.3689616456, 22.3106951004 ],
						[ 114.3695550881, 22.3106035037 ],
						[ 114.3692602098, 22.3110911432 ],
						[ 114.3696495196, 22.3109347681 ],
						[ 114.3698988302, 22.3110334285 ],
						[ 114.3704586999, 22.3108060848 ],
						[ 114.3708723574, 22.3108176733 ],
						[ 114.3709424526, 22.3109815485 ],
						[ 114.3697659525, 22.3115266195 ],
						[ 114.3697357333, 22.3120306333 ],
						[ 114.3694146371, 22.3123405286 ],
						[ 114.369258799, 22.3127670195 ],
						[ 114.3684413116, 22.3131615033 ],
						[ 114.3681984881, 22.3137371003 ],
						[ 114.3683548248, 22.3141212205 ],
						[ 114.3682183858, 22.3147277569 ],
						[ 114.368559253, 22.314860248 ],
						[ 114.3690431731, 22.3146957162 ],
						[ 114.3694272734, 22.3152412303 ],
						[ 114.3690410432, 22.3158480638 ],
						[ 114.3686849571, 22.3159019916 ],
						[ 114.368351367, 22.3165737721 ],
						[ 114.3680186884, 22.3174681993 ],
						[ 114.3680771208, 22.3181475717 ],
						[ 114.3674080131, 22.3185504994 ],
						[ 114.3676456261, 22.3186744895 ],
						[ 114.3676216924, 22.3188108611 ],
						[ 114.3670317779, 22.3192476399 ],
						[ 114.3665662793, 22.3193247012 ],
						[ 114.366143435, 22.319860238 ],
						[ 114.3652798984, 22.3200649012 ],
						[ 114.3650485519, 22.3200036086 ],
						[ 114.3645929584, 22.3205587396 ],
						[ 114.3640388621, 22.320508177 ],
						[ 114.3630622919, 22.3208153654 ],
						[ 114.3628419376, 22.3206482008 ],
						[ 114.3621221705, 22.3206352172 ],
						[ 114.3619087913, 22.32012574 ],
						[ 114.3613579149, 22.3201746904 ],
						[ 114.3609281864, 22.319718964 ],
						[ 114.3608593114, 22.3185925789 ],
						[ 114.3610294495, 22.3181959982 ],
						[ 114.3609858859, 22.3175051012 ],
						[ 114.3611736141, 22.3168536397 ],
						[ 114.3611307081, 22.3166638299 ],
						[ 114.3608386525, 22.3165082579 ],
						[ 114.3608620118, 22.3159363708 ],
						[ 114.3612451611, 22.3157719676 ],
						[ 114.3612237555, 22.3154803137 ],
						[ 114.3617862194, 22.3153266412 ],
						[ 114.3621385828, 22.3147969574 ],
						[ 114.3618702639, 22.3143496638 ],
						[ 114.3622770129, 22.3133412614 ],
						[ 114.3630604059, 22.31240663 ],
						[ 114.3639700893, 22.3120580957 ]
					]
				]
			},
			"properties" : {
				"TYPE" : null
			}
		},
		{
			"type" : "Feature",
			"geometry" : {
				"type" : "Polygon",
				"coordinates" : [
					[
						[ 114.3648911568, 22.3077485269 ],
						[ 114.3645639536, 22.3081153846 ],
						[ 114.3644597814, 22.3074274296 ],
						[ 114.3648547935, 22.3073728972 ],
						[ 114.3648911568, 22.3077485269 ]
					]
				]
			},
			"properties" : {
				"TYPE" : null
			}
		},
		{
			"type" : "Feature",
			"geometry" : {
				"type" : "Polygon",
				"coordinates" : [
					[
						[ 114.368371094, 22.3070149654 ],
						[ 114.3682144892, 22.3073327193 ],
						[ 114.3679218586, 22.3072024732 ],
						[ 114.3681012066, 22.3067805612 ],
						[ 114.3685178349, 22.3067093058 ],
						[ 114.368371094, 22.3070149654 ]
					]
				]
			},
			"properties" : {
				"TYPE" : null
			}
		},
		{
			"type" : "Feature",
			"geometry" : {
				"type" : "Polygon",
				"coordinates" : [
					[
						[ 114.3705796292, 22.3124173818 ],
						[ 114.3702964966, 22.312448794 ],
						[ 114.370052647, 22.3122793642 ],
						[ 114.3700007826, 22.3118853411 ],
						[ 114.3705930977, 22.3114238048 ],
						[ 114.370872753, 22.3115534925 ],
						[ 114.3710711061, 22.3114652342 ],
						[ 114.3711869969, 22.3116606974 ],
						[ 114.3709923511, 22.3117489605 ],
						[ 114.3705796292, 22.3124173818 ]
					]
				]
			},
			"properties" : {
				"TYPE" : null
			}
		},
		{
			"type" : "Feature",
			"geometry" : {
				"type" : "Polygon",
				"coordinates" : [
					[
						[ 114.3712183117, 22.3123936077 ],
						[ 114.3710691036, 22.3122557091 ],
						[ 114.3719568221, 22.3116908472 ],
						[ 114.3717901886, 22.3123538009 ],
						[ 114.3712183117, 22.3123936077 ]
					]
				]
			},
			"properties" : {
				"TYPE" : null
			}
		},
		{
			"type" : "Feature",
			"geometry" : {
				"type" : "Polygon",
				"coordinates" : [
					[
						[ 114.3173618302, 22.303530734 ],
						[ 114.3172268192, 22.3039220652 ],
						[ 114.3170437434, 22.303724598 ],
						[ 114.3169164053, 22.3038797543 ],
						[ 114.3166758203, 22.3038005739 ],
						[ 114.3166451678, 22.3034352767 ],
						[ 114.3170043252, 22.303387213 ],
						[ 114.317238507, 22.303245483 ],
						[ 114.3174325398, 22.3031429081 ],
						[ 114.3173618302, 22.303530734 ]
					]
				]
			},
			"properties" : {
				"TYPE" : null
			}
		},
		{
			"type" : "Feature",
			"geometry" : {
				"type" : "Polygon",
				"coordinates" : [
					[
						[ 114.3201953282, 22.3016970401 ],
						[ 114.3193481245, 22.3015050555 ],
						[ 114.3190978974, 22.3010634352 ],
						[ 114.3191465348, 22.3008597255 ],
						[ 114.3198608161, 22.3004483318 ],
						[ 114.3212581188, 22.3004954167 ],
						[ 114.3212730909, 22.3006254259 ],
						[ 114.3205860615, 22.3010822617 ],
						[ 114.3207322117, 22.3013168554 ],
						[ 114.3201953282, 22.3016970401 ]
					]
				]
			},
			"properties" : {
				"TYPE" : null
			}
		},
		{
			"type" : "Feature",
			"geometry" : {
				"type" : "Polygon",
				"coordinates" : [
					[
						[ 114.3183312568, 22.3004467922 ],
						[ 114.3180932973, 22.3005125887 ],
						[ 114.3177592972, 22.2997528913 ],
						[ 114.3182327298, 22.2996120987 ],
						[ 114.3183914579, 22.3000647364 ],
						[ 114.3187866801, 22.3002202953 ],
						[ 114.3186347723, 22.3004016541 ],
						[ 114.3183312568, 22.3004467922 ]
					]
				]
			},
			"properties" : {
				"TYPE" : null
			}
		},
		{
			"type" : "Feature",
			"geometry" : {
				"type" : "Polygon",
				"coordinates" : [
					[
						[ 114.3139802095, 22.2746931829 ],
						[ 114.3141403549, 22.2747425173 ],
						[ 114.3144920265, 22.2740593236 ],
						[ 114.314721111, 22.2744365372 ],
						[ 114.3149365796, 22.274167106 ],
						[ 114.3154132963, 22.2743024753 ],
						[ 114.3157922141, 22.2749338438 ],
						[ 114.3158535209, 22.2756644411 ],
						[ 114.3156715719, 22.2760776756 ],
						[ 114.3156236754, 22.2770287135 ],
						[ 114.3147943744, 22.2779159745 ],
						[ 114.3140371204, 22.2778999365 ],
						[ 114.3139181559, 22.2776164032 ],
						[ 114.3133246251, 22.2775121931 ],
						[ 114.3119726656, 22.2761653678 ],
						[ 114.3121949903, 22.2759442574 ],
						[ 114.3121977921, 22.2756393451 ],
						[ 114.3125257711, 22.2753784475 ],
						[ 114.3126716675, 22.2753921333 ],
						[ 114.3127355981, 22.275661328 ],
						[ 114.3129604895, 22.2755478052 ],
						[ 114.3131064972, 22.2750350774 ],
						[ 114.3133198134, 22.2751033594 ],
						[ 114.3135226492, 22.2745508847 ],
						[ 114.3136963467, 22.2745478667 ],
						[ 114.3137058749, 22.2748171068 ],
						[ 114.3139802095, 22.2746931829 ]
					]
				]
			},
			"properties" : {
				"TYPE" : null
			}
		},
		{
			"type" : "Feature",
			"geometry" : {
				"type" : "Polygon",
				"coordinates" : [
					[
						[ 114.351258782, 22.2715277164 ],
						[ 114.3506563448, 22.2717233875 ],
						[ 114.3509607027, 22.271915793 ],
						[ 114.3508694119, 22.2720660519 ],
						[ 114.350352651, 22.2720608524 ],
						[ 114.3503729233, 22.2714579015 ],
						[ 114.3508830565, 22.271103536 ],
						[ 114.3513545565, 22.2710034945 ],
						[ 114.3513884181, 22.2713941046 ],
						[ 114.351258782, 22.2715277164 ]
					]
				]
			},
			"properties" : {
				"TYPE" : null
			}
		},
		{
			"type" : "Feature",
			"geometry" : {
				"type" : "Polygon",
				"coordinates" : [
					[
						[ 114.3485771634, 22.2657998678 ],
						[ 114.3492041332, 22.2659833021 ],
						[ 114.3491348716, 22.2669602633 ],
						[ 114.3497502255, 22.2672397846 ],
						[ 114.3502847908, 22.2671575236 ],
						[ 114.3503190033, 22.2673323832 ],
						[ 114.3504648956, 22.267346604 ],
						[ 114.3500121263, 22.2675990779 ],
						[ 114.3504688619, 22.2680605698 ],
						[ 114.3502503601, 22.268309335 ],
						[ 114.3502778424, 22.2685417358 ],
						[ 114.34948497, 22.2691823278 ],
						[ 114.3500293389, 22.2690264126 ],
						[ 114.3508169722, 22.2691498412 ],
						[ 114.3509700918, 22.2695144239 ],
						[ 114.3513355832, 22.2696618899 ],
						[ 114.3514446935, 22.2699166348 ],
						[ 114.3510650429, 22.2703157354 ],
						[ 114.3506091073, 22.2705095242 ],
						[ 114.350804045, 22.2706928448 ],
						[ 114.350517943, 22.2707696675 ],
						[ 114.3504360369, 22.2710159929 ],
						[ 114.3495657905, 22.2710704182 ],
						[ 114.3492929016, 22.2708302318 ],
						[ 114.3490187595, 22.2710796323 ],
						[ 114.3486892623, 22.2705420634 ],
						[ 114.3489804269, 22.2695510599 ],
						[ 114.3482858033, 22.2686571851 ],
						[ 114.3471170631, 22.2682367115 ],
						[ 114.3469615691, 22.2679451853 ],
						[ 114.346630317, 22.2679909831 ],
						[ 114.3462895329, 22.2678239202 ],
						[ 114.3464110182, 22.2675919502 ],
						[ 114.3461121557, 22.2673253077 ],
						[ 114.3464767383, 22.2667277592 ],
						[ 114.3465670271, 22.2662524553 ],
						[ 114.3462683054, 22.2655928812 ],
						[ 114.3460524806, 22.2655050757 ],
						[ 114.3463780319, 22.2653465287 ],
						[ 114.3463957709, 22.2651963579 ],
						[ 114.345981459, 22.2650357015 ],
						[ 114.3462004541, 22.2646787726 ],
						[ 114.3461956347, 22.2642697353 ],
						[ 114.3459987129, 22.2639650214 ],
						[ 114.3456581132, 22.2639429346 ],
						[ 114.3460284862, 22.2635432871 ],
						[ 114.3460572029, 22.2632596232 ],
						[ 114.346946781, 22.262870937 ],
						[ 114.3476001001, 22.2628737013 ],
						[ 114.3476464087, 22.2633459816 ],
						[ 114.347889768, 22.2632041975 ],
						[ 114.3484554887, 22.2633422571 ],
						[ 114.34911428, 22.2642787403 ],
						[ 114.349242388, 22.2649131775 ],
						[ 114.3488967593, 22.2653272008 ],
						[ 114.3485741747, 22.2653781678 ],
						[ 114.3484767888, 22.2656049395 ],
						[ 114.3485771634, 22.2657998678 ]
					]
				]
			},
			"properties" : {
				"TYPE" : null
			}
		},
		{
			"type" : "Feature",
			"geometry" : {
				"type" : "Polygon",
				"coordinates" : [
					[
						[ 114.3518850488, 22.2616770888 ],
						[ 114.3517538915, 22.2615782724 ],
						[ 114.351805528, 22.2613463645 ],
						[ 114.3522672562, 22.261364858 ],
						[ 114.3522379196, 22.2616312571 ],
						[ 114.3518850488, 22.2616770888 ]
					]
				]
			},
			"properties" : {
				"TYPE" : null
			}
		},
		{
			"type" : "Feature",
			"geometry" : {
				"type" : "Polygon",
				"coordinates" : [
					[
						[ 114.353047217, 22.2598405738 ],
						[ 114.3528159983, 22.2597901987 ],
						[ 114.3528102497, 22.2596463831 ],
						[ 114.3529892737, 22.2594730177 ],
						[ 114.353245172, 22.2594836671 ],
						[ 114.3532602512, 22.2596792632 ],
						[ 114.353047217, 22.2598405738 ]
					]
				]
			},
			"properties" : {
				"TYPE" : null
			}
		},
		{
			"type" : "Feature",
			"geometry" : {
				"type" : "Polygon",
				"coordinates" : [
					[
						[ 114.3529912092, 22.2580502576 ],
						[ 114.3526462442, 22.2579867756 ],
						[ 114.352628152, 22.2578481389 ],
						[ 114.3528712109, 22.2574854313 ],
						[ 114.3532876624, 22.2573831502 ],
						[ 114.3533638554, 22.2575194119 ],
						[ 114.3529912092, 22.2580502576 ]
					]
				]
			},
			"properties" : {
				"TYPE" : null
			}
		},
		{
			"type" : "Feature",
			"geometry" : {
				"type" : "Polygon",
				"coordinates" : [
					[
						[ 114.350385171, 22.2543227232 ],
						[ 114.350613896, 22.2543650492 ],
						[ 114.3507427353, 22.2540933692 ],
						[ 114.3517231096, 22.2537154866 ],
						[ 114.3524710823, 22.2538199591 ],
						[ 114.3526883702, 22.2541039273 ],
						[ 114.3525820461, 22.2545809774 ],
						[ 114.3521623413, 22.2550405302 ],
						[ 114.3517258671, 22.2559356205 ],
						[ 114.3518415675, 22.2560367474 ],
						[ 114.3522547795, 22.2558211379 ],
						[ 114.3520420219, 22.2562010786 ],
						[ 114.3526962823, 22.2559880797 ],
						[ 114.3529726454, 22.2560614162 ],
						[ 114.353018579, 22.2562138215 ],
						[ 114.3527515929, 22.2567272946 ],
						[ 114.3519367043, 22.2569910927 ],
						[ 114.3525751895, 22.2570157163 ],
						[ 114.3527003788, 22.257287132 ],
						[ 114.3524881357, 22.2575825007 ],
						[ 114.352446179, 22.2581371443 ],
						[ 114.3520567664, 22.2581093801 ],
						[ 114.3521944848, 22.2585165492 ],
						[ 114.3520390272, 22.2587606523 ],
						[ 114.3519825011, 22.259521851 ],
						[ 114.3521500673, 22.2595815073 ],
						[ 114.3523198699, 22.2594426767 ],
						[ 114.3523510556, 22.2596716146 ],
						[ 114.3522290089, 22.2599381139 ],
						[ 114.3516599372, 22.2603278481 ],
						[ 114.3512382924, 22.2604828514 ],
						[ 114.3510891995, 22.260369677 ],
						[ 114.3511772185, 22.2600750215 ],
						[ 114.351509552, 22.2599239343 ],
						[ 114.3514330212, 22.2595149651 ],
						[ 114.3516136784, 22.2591632535 ],
						[ 114.3513978856, 22.2590881248 ],
						[ 114.3514151429, 22.2580536835 ],
						[ 114.3509861736, 22.2580311338 ],
						[ 114.3509493193, 22.2577193545 ],
						[ 114.351234143, 22.2571333763 ],
						[ 114.3506323462, 22.2572951096 ],
						[ 114.3491215842, 22.2581263267 ],
						[ 114.3484677364, 22.2581810941 ],
						[ 114.3479322111, 22.2579492284 ],
						[ 114.3482478958, 22.2573206525 ],
						[ 114.3480250781, 22.2570654468 ],
						[ 114.3481067193, 22.2566045365 ],
						[ 114.3479245658, 22.2567433848 ],
						[ 114.3477964765, 22.2566244236 ],
						[ 114.3480273179, 22.2558595927 ],
						[ 114.348713623, 22.2550551506 ],
						[ 114.3484459565, 22.2550214873 ],
						[ 114.3483983228, 22.2539710125 ],
						[ 114.3487575344, 22.253563315 ],
						[ 114.349723573, 22.2530836211 ],
						[ 114.3494503817, 22.2535735076 ],
						[ 114.3496517397, 22.2539811895 ],
						[ 114.3494604625, 22.2542391362 ],
						[ 114.3497739197, 22.254321072 ],
						[ 114.3497562867, 22.2545615767 ],
						[ 114.350385171, 22.2543227232 ]
					]
				]
			},
			"properties" : {
				"TYPE" : null
			}
		},
		{
			"type" : "Feature",
			"geometry" : {
				"type" : "Polygon",
				"coordinates" : [
					[
						[ 114.3466147372, 22.2550746145 ],
						[ 114.3461156319, 22.2553150432 ],
						[ 114.3455560746, 22.2551263429 ],
						[ 114.3454067962, 22.2548578273 ],
						[ 114.3457044447, 22.254645226 ],
						[ 114.3454490808, 22.2545545978 ],
						[ 114.3455519554, 22.2542714347 ],
						[ 114.3454244003, 22.2540765324 ],
						[ 114.3458402223, 22.2539708212 ],
						[ 114.3461266765, 22.2537047243 ],
						[ 114.3474762356, 22.2534939013 ],
						[ 114.3475865988, 22.2537820163 ],
						[ 114.3472193498, 22.2546942705 ],
						[ 114.3466147372, 22.2550746145 ]
					]
				]
			},
			"properties" : {
				"TYPE" : null
			}
		},
		{
			"type" : "Feature",
			"geometry" : {
				"type" : "Polygon",
				"coordinates" : [
					[
						[ 114.3674206, 22.2667384734 ],
						[ 114.3672530433, 22.267155776 ],
						[ 114.3666200988, 22.2671530671 ],
						[ 114.3665712691, 22.2666940166 ],
						[ 114.3669509096, 22.2663345785 ],
						[ 114.3672487596, 22.2662772735 ],
						[ 114.3674206, 22.2667384734 ]
					]
				]
			},
			"properties" : {
				"TYPE" : null
			}
		},
		{
			"type" : "Feature",
			"geometry" : {
				"type" : "Polygon",
				"coordinates" : [
					[
						[ 114.3704331984, 22.2653610649 ],
						[ 114.369575761, 22.2661646446 ],
						[ 114.3692777714, 22.2661189779 ],
						[ 114.369185904, 22.2658302785 ],
						[ 114.369337555, 22.2655361071 ],
						[ 114.3700330363, 22.2647286937 ],
						[ 114.3703980506, 22.2645240227 ],
						[ 114.3706533771, 22.2645628389 ],
						[ 114.3706751067, 22.2650817484 ],
						[ 114.3704331984, 22.2653610649 ]
					]
				]
			},
			"properties" : {
				"TYPE" : null
			}
		},
		{
			"type" : "Feature",
			"geometry" : {
				"type" : "Polygon",
				"coordinates" : [
					[
						[ 114.3055767758, 22.5400669803 ],
						[ 114.3052770967, 22.5393940717 ],
						[ 114.3055101022, 22.5385301883 ],
						[ 114.3055474754, 22.53725596 ],
						[ 114.3071392889, 22.5379824607 ],
						[ 114.3086950954, 22.5392958023 ],
						[ 114.3092741131, 22.5394900117 ],
						[ 114.3096176671, 22.5400232858 ],
						[ 114.3095941762, 22.5407914974 ],
						[ 114.3086069, 22.541678049 ],
						[ 114.3077830326, 22.5418362106 ],
						[ 114.3072693739, 22.5417558154 ],
						[ 114.3064182008, 22.5412619751 ],
						[ 114.3058967434, 22.5407683267 ],
						[ 114.3055509161, 22.5404329553 ],
						[ 114.3055767758, 22.5400669803 ]
					]
				]
			},
			"properties" : {
				"TYPE" : null
			}
		},
		{
			"type" : "Feature",
			"geometry" : {
				"type" : "Polygon",
				"coordinates" : [
					[
						[ 114.3118987253, 22.541905358 ],
						[ 114.3118722205, 22.5420908903 ],
						[ 114.3116532576, 22.542114029 ],
						[ 114.3115095903, 22.5417794131 ],
						[ 114.3117843588, 22.5417116902 ],
						[ 114.3118987253, 22.541905358 ]
					]
				]
			},
			"properties" : {
				"TYPE" : null
			}
		},
		{
			"type" : "Feature",
			"geometry" : {
				"type" : "Polygon",
				"coordinates" : [
					[
						[ 113.9335394015, 22.3239362696 ],
						[ 113.8935225565, 22.3110976748 ],
						[ 113.8929399, 22.3107703561 ],
						[ 113.8924872056, 22.3102244807 ],
						[ 113.8923388834, 22.3096768264 ],
						[ 113.8926642589, 22.3086414782 ],
						[ 113.8932769695, 22.3081387283 ],
						[ 113.8955002112, 22.3075882515 ],
						[ 113.896021039, 22.3071923977 ],
						[ 113.8980231336, 22.3023504103 ],
						[ 113.8978955352, 22.3013879603 ],
						[ 113.89428117, 22.296759209 ],
						[ 113.8938763675, 22.2959478411 ],
						[ 113.8938090476, 22.2952450574 ],
						[ 113.8940460769, 22.2945293576 ],
						[ 113.8948269535, 22.2938368547 ],
						[ 113.8955525311, 22.2936425213 ],
						[ 113.8989365365, 22.2935936531 ],
						[ 113.9028284993, 22.2946060749 ],
						[ 113.905506395, 22.2949985265 ],
						[ 113.9080766027, 22.2951909819 ],
						[ 113.916227848, 22.2951696442 ],
						[ 113.9170611614, 22.295073974 ],
						[ 113.9316088644, 22.2908907953 ],
						[ 113.9316290493, 22.2907401869 ],
						[ 113.9322671047, 22.2903814982 ],
						[ 113.9322669479, 22.2903824101 ],
						[ 113.9322671047, 22.2903814982 ],
						[ 113.9322882314, 22.2903696278 ],
						[ 113.9322892008, 22.2903701801 ],
						[ 113.9322882314, 22.2903696278 ],
						[ 113.9324875501, 22.2902575786 ],
						[ 113.9338890619, 22.2905674532 ],
						[ 113.9345206194, 22.2908446423 ],
						[ 113.9345824474, 22.2911912826 ],
						[ 113.9346207669, 22.2914060957 ],
						[ 113.9349804186, 22.2917088219 ],
						[ 113.9357880419, 22.2923886072 ],
						[ 113.9365494178, 22.2930715439 ],
						[ 113.93833294, 22.2948739574 ],
						[ 113.9375828903, 22.2963055342 ],
						[ 113.9372504397, 22.2973131615 ],
						[ 113.9372592643, 22.2973567379 ],
						[ 113.9373353948, 22.2977327564 ],
						[ 113.9372416347, 22.2980207561 ],
						[ 113.9371601466, 22.2982710894 ],
						[ 113.9371986301, 22.2987800724 ],
						[ 113.9367661999, 22.2994153562 ],
						[ 113.9364157944, 22.2995538899 ],
						[ 113.9366964331, 22.3000178079 ],
						[ 113.9368326535, 22.3007521938 ],
						[ 113.9367245905, 22.3010259669 ],
						[ 113.9363591313, 22.301231223 ],
						[ 113.936355706, 22.3014861415 ],
						[ 113.9369772579, 22.3021188122 ],
						[ 113.9376978077, 22.3022362165 ],
						[ 113.9385890379, 22.3027529466 ],
						[ 113.9394127169, 22.3028635412 ],
						[ 113.9403135404, 22.3036083065 ],
						[ 113.9403251939, 22.3036440484 ],
						[ 113.9403814245, 22.3038165237 ],
						[ 113.9403565105, 22.3038924795 ],
						[ 113.9403558959, 22.3038943479 ],
						[ 113.9402884717, 22.3040008553 ],
						[ 113.9398373706, 22.3038861772 ],
						[ 113.9396070497, 22.304004502 ],
						[ 113.9398367239, 22.3042694962 ],
						[ 113.9397526808, 22.3047058924 ],
						[ 113.939742753, 22.3047574242 ],
						[ 113.9392010007, 22.3050705066 ],
						[ 113.938648327, 22.3053898924 ],
						[ 113.9387516675, 22.3057492524 ],
						[ 113.9389162261, 22.3063214619 ],
						[ 113.9386402808, 22.3063575404 ],
						[ 113.9382640506, 22.3064067188 ],
						[ 113.9382125152, 22.3065392025 ],
						[ 113.938579806, 22.3067311629 ],
						[ 113.9391156008, 22.3074253508 ],
						[ 113.9389750862, 22.3080411368 ],
						[ 113.9388373425, 22.3081492652 ],
						[ 113.938731678, 22.3082322093 ],
						[ 113.9391727303, 22.3089018302 ],
						[ 113.9393773725, 22.309212537 ],
						[ 113.9394143515, 22.3092686708 ],
						[ 113.9393716935, 22.3097758724 ],
						[ 113.9393563912, 22.3099578155 ],
						[ 113.9395490444, 22.3106218337 ],
						[ 113.9399817297, 22.3113274449 ],
						[ 113.9408337901, 22.3120675121 ],
						[ 113.9435631484, 22.3159375276 ],
						[ 113.9443682396, 22.3193744709 ],
						[ 113.9447764942, 22.3197356271 ],
						[ 113.9452011356, 22.3198021031 ],
						[ 113.9451026304, 22.3200958161 ],
						[ 113.9452097566, 22.3205124757 ],
						[ 113.9460214533, 22.3203209667 ],
						[ 113.9457802466, 22.3195153066 ],
						[ 113.9458924645, 22.31928647 ],
						[ 113.9461757418, 22.3192209684 ],
						[ 113.9464199871, 22.3197080437 ],
						[ 113.9465004418, 22.3204519675 ],
						[ 113.9461948167, 22.3208672901 ],
						[ 113.9458133692, 22.3210213138 ],
						[ 113.9459900904, 22.3228366766 ],
						[ 113.9456632946, 22.3228717009 ],
						[ 113.9456567894, 22.3232559681 ],
						[ 113.9452081333, 22.3234309897 ],
						[ 113.9443501739, 22.323313936 ],
						[ 113.9438212235, 22.3228008653 ],
						[ 113.9437586421, 22.3227401624 ],
						[ 113.9394474401, 22.3219691564 ],
						[ 113.9361427233, 22.3208760505 ],
						[ 113.9356629579, 22.3208576197 ],
						[ 113.93455985, 22.3235456741 ],
						[ 113.9340909834, 22.323881938 ],
						[ 113.9335394015, 22.3239362696 ]
					]
				]
			},
			"properties" : {
				"TYPE" : null
			}
		},
		{
			"type" : "Feature",
			"geometry" : {
				"type" : "Polygon",
				"coordinates" : [
					[
						[ 114.0952062363, 22.3618160142 ],
						[ 114.0939455252, 22.3618176674 ],
						[ 114.0933917065, 22.3618075577 ],
						[ 114.0920794448, 22.3618194737 ],
						[ 114.0919362482, 22.3618196063 ],
						[ 114.0910907909, 22.3617984447 ],
						[ 114.0898994174, 22.3618215507 ],
						[ 114.0899184427, 22.362422751 ],
						[ 114.0899146889, 22.3629176045 ],
						[ 114.0893216324, 22.3629228297 ],
						[ 114.0891005435, 22.3629321831 ],
						[ 114.0889496364, 22.3629330314 ],
						[ 114.0889463251, 22.3624542937 ],
						[ 114.087879933, 22.3624250483 ],
						[ 114.0877597494, 22.3621296294 ],
						[ 114.0859758933, 22.3616172388 ],
						[ 114.0857997598, 22.3616692009 ],
						[ 114.0857038503, 22.3619456801 ],
						[ 114.0854341966, 22.3618988944 ],
						[ 114.0851641728, 22.3617502526 ],
						[ 114.0843842497, 22.3613209127 ],
						[ 114.0825175391, 22.3602934159 ],
						[ 114.0825185099, 22.3602935339 ],
						[ 114.0825175391, 22.3602934159 ],
						[ 114.0824138876, 22.3602363637 ],
						[ 114.0813461468, 22.3599765882 ],
						[ 114.0802538783, 22.3596992355 ],
						[ 114.0790996159, 22.3585011384 ],
						[ 114.0791498867, 22.357736318 ],
						[ 114.0792957997, 22.3576074949 ],
						[ 114.0795158539, 22.3574132178 ],
						[ 114.0795928127, 22.3572191345 ],
						[ 114.0795937835, 22.3572192525 ],
						[ 114.0795928127, 22.3572191345 ],
						[ 114.079738249, 22.3568523379 ],
						[ 114.0797423328, 22.3568293666 ],
						[ 114.0798366785, 22.3562993664 ],
						[ 114.079837659, 22.3562993218 ],
						[ 114.0798366785, 22.3562993664 ],
						[ 114.0800010701, 22.35537592 ],
						[ 114.0800076905, 22.3550961035 ],
						[ 114.0799036725, 22.354537475 ],
						[ 114.0801959117, 22.3535138024 ],
						[ 114.0798582552, 22.3530665794 ],
						[ 114.0800471545, 22.3524970093 ],
						[ 114.0807621172, 22.3521165536 ],
						[ 114.0812104892, 22.3518779519 ],
						[ 114.081310906, 22.3515575802 ],
						[ 114.0814623427, 22.3510744176 ],
						[ 114.083594727, 22.3510035502 ],
						[ 114.0832620061, 22.3487692631 ],
						[ 114.0848721938, 22.3485166344 ],
						[ 114.0846278021, 22.3469127774 ],
						[ 114.0844457403, 22.3458088779 ],
						[ 114.0843678784, 22.3453756015 ],
						[ 114.0842337888, 22.3444588421 ],
						[ 114.0851843522, 22.3443317176 ],
						[ 114.0856659918, 22.3442681524 ],
						[ 114.0878732903, 22.3439697365 ],
						[ 114.0887194616, 22.3438568022 ],
						[ 114.0893663655, 22.3437704594 ],
						[ 114.0902455935, 22.3434927092 ],
						[ 114.0914621263, 22.3417836167 ],
						[ 114.0901957501, 22.3409863405 ],
						[ 114.0900255625, 22.341074758 ],
						[ 114.0896760576, 22.3405710984 ],
						[ 114.0897059228, 22.3398283958 ],
						[ 114.0897935118, 22.3396887491 ],
						[ 114.090300356, 22.338881083 ],
						[ 114.0904941333, 22.3388811864 ],
						[ 114.0908878171, 22.3392389699 ],
						[ 114.0912094382, 22.3389883795 ],
						[ 114.0914328564, 22.3391406714 ],
						[ 114.0927803847, 22.33828899 ],
						[ 114.0908255766, 22.3352613875 ],
						[ 114.0891515996, 22.330905082 ],
						[ 114.0894053281, 22.3305098154 ],
						[ 114.0918301221, 22.326464892 ],
						[ 114.0937906009, 22.3263843529 ],
						[ 114.0939030438, 22.3263784955 ],
						[ 114.0940006995, 22.3263798007 ],
						[ 114.094824809, 22.3263907854 ],
						[ 114.0951674042, 22.3271640302 ],
						[ 114.0953923742, 22.3271931134 ],
						[ 114.1008539083, 22.3278985611 ],
						[ 114.1019052569, 22.3280201415 ],
						[ 114.1037874416, 22.3282710122 ],
						[ 114.1041127799, 22.3282653066 ],
						[ 114.1061883796, 22.326889341 ],
						[ 114.108162661, 22.3269635899 ],
						[ 114.10911131, 22.3269936544 ],
						[ 114.1091112538, 22.3271100767 ],
						[ 114.1089069687, 22.3271144162 ],
						[ 114.1088190937, 22.3287207389 ],
						[ 114.1074635972, 22.328637634 ],
						[ 114.1069268247, 22.3293532755 ],
						[ 114.1077847229, 22.3301519915 ],
						[ 114.1088441093, 22.3311609922 ],
						[ 114.1093101396, 22.3335643405 ],
						[ 114.1094245502, 22.3342416992 ],
						[ 114.1091734686, 22.335852748 ],
						[ 114.1088421318, 22.3365423463 ],
						[ 114.1080044099, 22.3368285236 ],
						[ 114.1103402453, 22.3418049263 ],
						[ 114.1103568048, 22.34184921 ],
						[ 114.1103757782, 22.3418798494 ],
						[ 114.1103947504, 22.3419128549 ],
						[ 114.1114421077, 22.3441334451 ],
						[ 114.1120956657, 22.3473530574 ],
						[ 114.1122775172, 22.3482737232 ],
						[ 114.1107765934, 22.3507969147 ],
						[ 114.1104918978, 22.3513806328 ],
						[ 114.1100976967, 22.3521768302 ],
						[ 114.1100504387, 22.3526827384 ],
						[ 114.1098533787, 22.3528688309 ],
						[ 114.1093338473, 22.3551109824 ],
						[ 114.109064604, 22.3568959296 ],
						[ 114.1091327174, 22.3597526811 ],
						[ 114.1086336633, 22.3610381051 ],
						[ 114.1076815186, 22.3621948208 ],
						[ 114.1073344695, 22.3631996901 ],
						[ 114.1060935412, 22.3632424451 ],
						[ 114.1044551117, 22.363293204 ],
						[ 114.1031560523, 22.3638372499 ],
						[ 114.1002773448, 22.363866916 ],
						[ 114.0998658822, 22.363660644 ],
						[ 114.0996706462, 22.3635850016 ],
						[ 114.0996183743, 22.3635647482 ],
						[ 114.099897092, 22.3627148723 ],
						[ 114.098463916, 22.3617731123 ],
						[ 114.096672372, 22.3613836239 ],
						[ 114.0961587396, 22.3616267329 ],
						[ 114.0960130666, 22.3616956806 ],
						[ 114.0955130706, 22.3618091338 ],
						[ 114.0952062363, 22.3618160142 ]
					]
				]
			},
			"properties" : {
				"TYPE" : null
			}
		},
		{
			"type" : "Feature",
			"geometry" : {
				"type" : "Polygon",
				"coordinates" : [
					[
						[ 114.0623442293, 22.3435642098 ],
						[ 114.0626264536, 22.3434042431 ],
						[ 114.0627825028, 22.3437034089 ],
						[ 114.0632132215, 22.3440142091 ],
						[ 114.063424463, 22.3441666393 ],
						[ 114.0634623811, 22.3441666659 ],
						[ 114.0642072113, 22.3441671854 ],
						[ 114.0650732769, 22.34450113 ],
						[ 114.0649646213, 22.3448993115 ],
						[ 114.066366503, 22.3454049369 ],
						[ 114.066244814, 22.3460600115 ],
						[ 114.0660361213, 22.3463231456 ],
						[ 114.0651180097, 22.3460850476 ],
						[ 114.0648959304, 22.3468675903 ],
						[ 114.0645936139, 22.3477456834 ],
						[ 114.0647554221, 22.3482476412 ],
						[ 114.0644882749, 22.3486762988 ],
						[ 114.0641695016, 22.3488841232 ],
						[ 114.0637843938, 22.3488617662 ],
						[ 114.0637968117, 22.3486553636 ],
						[ 114.0628052433, 22.348530327 ],
						[ 114.0616231311, 22.3492765245 ],
						[ 114.06143597, 22.3493946734 ],
						[ 114.0614502766, 22.3495162167 ],
						[ 114.061653021, 22.3512388475 ],
						[ 114.0621972843, 22.3515536591 ],
						[ 114.0623596855, 22.3518711615 ],
						[ 114.0629129667, 22.3520370364 ],
						[ 114.0629596739, 22.3521313933 ],
						[ 114.0630874092, 22.3523894135 ],
						[ 114.0642133284, 22.3523695113 ],
						[ 114.0640816419, 22.3525674234 ],
						[ 114.063178059, 22.3526477597 ],
						[ 114.0631332393, 22.3529069771 ],
						[ 114.0630618785, 22.353319677 ],
						[ 114.0632990741, 22.3538559056 ],
						[ 114.0641307747, 22.3538960854 ],
						[ 114.0645777596, 22.3543042062 ],
						[ 114.0646308333, 22.3546825053 ],
						[ 114.0651640363, 22.3550865481 ],
						[ 114.0651875199, 22.3554290296 ],
						[ 114.0648154318, 22.3559295252 ],
						[ 114.0638643158, 22.3557430069 ],
						[ 114.0637447924, 22.3554332933 ],
						[ 114.0633855883, 22.3555547195 ],
						[ 114.0629950977, 22.355085038 ],
						[ 114.0627353931, 22.3547444218 ],
						[ 114.062198025, 22.3545407287 ],
						[ 114.061663018, 22.3545373961 ],
						[ 114.0608907493, 22.3548607255 ],
						[ 114.0607019497, 22.3550834097 ],
						[ 114.0605188474, 22.3554477058 ],
						[ 114.0601824939, 22.355662752 ],
						[ 114.0593027626, 22.355800256 ],
						[ 114.0586196292, 22.3557272797 ],
						[ 114.0581814194, 22.3554848865 ],
						[ 114.0568832907, 22.3555552986 ],
						[ 114.0563356569, 22.3550802197 ],
						[ 114.0561501297, 22.3547863362 ],
						[ 114.0561794594, 22.3539287817 ],
						[ 114.0568640873, 22.353571121 ],
						[ 114.0570364128, 22.3534087169 ],
						[ 114.0570718738, 22.3531515623 ],
						[ 114.0571022645, 22.3529312124 ],
						[ 114.0574329308, 22.3527345817 ],
						[ 114.0574339013, 22.3527349707 ],
						[ 114.0574329308, 22.3527345817 ],
						[ 114.0576591506, 22.3526000577 ],
						[ 114.057516051, 22.3520071424 ],
						[ 114.057142641, 22.3517834602 ],
						[ 114.0570474381, 22.3514819051 ],
						[ 114.0570484183, 22.3514823032 ],
						[ 114.0570474381, 22.3514819051 ],
						[ 114.057000713, 22.351333869 ],
						[ 114.0570053593, 22.3513158023 ],
						[ 114.05700633, 22.3513159475 ],
						[ 114.0570053593, 22.3513158023 ],
						[ 114.057050838, 22.3511387921 ],
						[ 114.0573264938, 22.351124285 ],
						[ 114.0571118289, 22.3505882178 ],
						[ 114.0567351965, 22.3504935336 ],
						[ 114.0561453573, 22.3500019509 ],
						[ 114.0552476303, 22.3499374426 ],
						[ 114.0544507199, 22.3493865932 ],
						[ 114.0539854886, 22.3488253538 ],
						[ 114.0539736388, 22.3485664752 ],
						[ 114.054398036, 22.3485957575 ],
						[ 114.0551366804, 22.3482003246 ],
						[ 114.0553869842, 22.3482294734 ],
						[ 114.0556582113, 22.3483118275 ],
						[ 114.0561206509, 22.3484457436 ],
						[ 114.0562312305, 22.348405044 ],
						[ 114.0563933461, 22.3483005547 ],
						[ 114.0567764377, 22.3481008035 ],
						[ 114.0568277395, 22.3480722146 ],
						[ 114.0568713404, 22.3480692217 ],
						[ 114.0578408329, 22.3481497307 ],
						[ 114.0579510662, 22.3477839661 ],
						[ 114.0578572454, 22.3475250185 ],
						[ 114.0571405879, 22.3474919896 ],
						[ 114.0570931947, 22.3474911057 ],
						[ 114.0570922336, 22.3474910869 ],
						[ 114.0570912533, 22.3474909056 ],
						[ 114.0570394211, 22.3474815387 ],
						[ 114.0566070415, 22.3473113266 ],
						[ 114.0567450737, 22.346387062 ],
						[ 114.0565800507, 22.3461830297 ],
						[ 114.0568084043, 22.3458805944 ],
						[ 114.0568561804, 22.3449911296 ],
						[ 114.057253632, 22.3445723787 ],
						[ 114.0580523057, 22.3445239123 ],
						[ 114.0583478856, 22.3443515459 ],
						[ 114.0587114549, 22.343421529 ],
						[ 114.0591870813, 22.3429567383 ],
						[ 114.059208874, 22.3427262492 ],
						[ 114.0590780647, 22.3426451772 ],
						[ 114.059318975, 22.3425088282 ],
						[ 114.0600565695, 22.3425495475 ],
						[ 114.0606128646, 22.3428614294 ],
						[ 114.0609003692, 22.3432310212 ],
						[ 114.0616411395, 22.3432752936 ],
						[ 114.0617508845, 22.3434875445 ],
						[ 114.0623442293, 22.3435642098 ]
					]
				]
			},
			"properties" : {
				"TYPE" : null
			}
		},
		{
			"type" : "Feature",
			"geometry" : {
				"type" : "Polygon",
				"coordinates" : [
					[
						[ 114.3121780925, 22.511033719 ],
						[ 114.3134036689, 22.5109895194 ],
						[ 114.3141917505, 22.5113185388 ],
						[ 114.3152232791, 22.5114558655 ],
						[ 114.316198797, 22.5119128185 ],
						[ 114.3169658484, 22.5129365662 ],
						[ 114.3182755041, 22.5139157482 ],
						[ 114.3183871945, 22.5143968598 ],
						[ 114.3184465811, 22.5149602116 ],
						[ 114.3187070136, 22.515424206 ],
						[ 114.3197587965, 22.5159990786 ],
						[ 114.3212042539, 22.5163495126 ],
						[ 114.3214062403, 22.5166790116 ],
						[ 114.3211677798, 22.5169147823 ],
						[ 114.3208029595, 22.5168379716 ],
						[ 114.3205599378, 22.5169690475 ],
						[ 114.320328286, 22.51737143 ],
						[ 114.3201277774, 22.5177197196 ],
						[ 114.320140411, 22.5179910796 ],
						[ 114.3193356529, 22.5183219344 ],
						[ 114.3189596237, 22.5188732718 ],
						[ 114.3183628826, 22.5186703887 ],
						[ 114.3182655638, 22.5182269123 ],
						[ 114.3176864115, 22.5183137411 ],
						[ 114.3176306978, 22.5181410572 ],
						[ 114.3176303955, 22.5181401363 ],
						[ 114.3176296073, 22.518139252 ],
						[ 114.317053469, 22.5174946804 ],
						[ 114.3168296147, 22.5175146155 ],
						[ 114.3167324662, 22.5177273016 ],
						[ 114.3165589906, 22.5179906329 ],
						[ 114.3172923377, 22.5181359344 ],
						[ 114.3164852369, 22.5185999387 ],
						[ 114.3162221421, 22.5189303074 ],
						[ 114.3161267417, 22.5194051698 ],
						[ 114.316201348, 22.5200028785 ],
						[ 114.316477903, 22.5201039956 ],
						[ 114.3172851473, 22.5203119488 ],
						[ 114.3173623965, 22.520461108 ],
						[ 114.316313038, 22.5213477624 ],
						[ 114.3162892522, 22.5217729771 ],
						[ 114.315696907, 22.5225150524 ],
						[ 114.3156210886, 22.5228149524 ],
						[ 114.3150163921, 22.5235680529 ],
						[ 114.314048991, 22.5238994813 ],
						[ 114.3140538589, 22.5243306402 ],
						[ 114.3133530553, 22.5243739405 ],
						[ 114.3129792517, 22.5247177173 ],
						[ 114.3124606427, 22.5245725948 ],
						[ 114.3119479889, 22.524962866 ],
						[ 114.3115075801, 22.5249287933 ],
						[ 114.3111395333, 22.5251003703 ],
						[ 114.3109561827, 22.5256368356 ],
						[ 114.3106058486, 22.5257225361 ],
						[ 114.3104410474, 22.5260124026 ],
						[ 114.3097796833, 22.5259583165 ],
						[ 114.3092738336, 22.5262392793 ],
						[ 114.308989024, 22.5261127814 ],
						[ 114.3088110304, 22.5255348317 ],
						[ 114.3083994674, 22.5251692136 ],
						[ 114.3084573927, 22.5247508625 ],
						[ 114.3086445588, 22.5245899962 ],
						[ 114.3097584143, 22.524392562 ],
						[ 114.3101279089, 22.5241801155 ],
						[ 114.310258616, 22.5239063425 ],
						[ 114.310185681, 22.5236079408 ],
						[ 114.309442312, 22.5230671943 ],
						[ 114.3091234334, 22.5214126085 ],
						[ 114.3094228925, 22.5208475768 ],
						[ 114.3094646818, 22.5200972554 ],
						[ 114.3099121777, 22.5198039415 ],
						[ 114.3101106306, 22.5195627121 ],
						[ 114.3101719119, 22.5190433347 ],
						[ 114.310003867, 22.5185273708 ],
						[ 114.3091197729, 22.5175665923 ],
						[ 114.3091824653, 22.5169746731 ],
						[ 114.3095394428, 22.5166107088 ],
						[ 114.3089290365, 22.5165680545 ],
						[ 114.3078911281, 22.5159967751 ],
						[ 114.3077150432, 22.515310918 ],
						[ 114.3079685027, 22.5147156201 ],
						[ 114.3075208742, 22.5143275249 ],
						[ 114.3061203886, 22.5144508 ],
						[ 114.3058815701, 22.5143247199 ],
						[ 114.3057743217, 22.5137866505 ],
						[ 114.3059125425, 22.5136194058 ],
						[ 114.3066008668, 22.513496717 ],
						[ 114.3074595237, 22.5137265229 ],
						[ 114.3074662425, 22.5135120825 ],
						[ 114.3070235326, 22.5130982724 ],
						[ 114.3060236901, 22.5130292818 ],
						[ 114.3062395561, 22.5123899394 ],
						[ 114.3061947924, 22.5120804958 ],
						[ 114.3057771886, 22.5120780764 ],
						[ 114.3052750609, 22.5125968837 ],
						[ 114.3047420747, 22.5128879591 ],
						[ 114.3040342064, 22.512703018 ],
						[ 114.3038367926, 22.5124547575 ],
						[ 114.303992561, 22.512025313 ],
						[ 114.3046488277, 22.5119797952 ],
						[ 114.3050793824, 22.5115556399 ],
						[ 114.3056796181, 22.5113145558 ],
						[ 114.305826018, 22.5109144928 ],
						[ 114.3056985635, 22.5108663636 ],
						[ 114.3052703486, 22.5107046377 ],
						[ 114.3047109131, 22.5107096793 ],
						[ 114.3039658754, 22.5098608005 ],
						[ 114.3037331303, 22.5104257612 ],
						[ 114.3032171539, 22.5103917341 ],
						[ 114.3028794389, 22.5101977646 ],
						[ 114.3023890449, 22.5105732961 ],
						[ 114.3024851519, 22.5124695979 ],
						[ 114.3022974744, 22.512602906 ],
						[ 114.3021689033, 22.5125240265 ],
						[ 114.3019464245, 22.5118735527 ],
						[ 114.300990849, 22.5121135155 ],
						[ 114.3009468047, 22.5121612388 ],
						[ 114.3008407524, 22.5122761777 ],
						[ 114.3009414086, 22.5123442704 ],
						[ 114.3016482804, 22.5128224329 ],
						[ 114.3017336376, 22.5132135801 ],
						[ 114.3015421204, 22.5134782098 ],
						[ 114.3012722224, 22.513414592 ],
						[ 114.3009649407, 22.5129882618 ],
						[ 114.3006026862, 22.5129857863 ],
						[ 114.3002307407, 22.5132014188 ],
						[ 114.300040897, 22.5131313169 ],
						[ 114.2996195897, 22.5122954811 ],
						[ 114.2999448618, 22.51183882 ],
						[ 114.2999542165, 22.5117892271 ],
						[ 114.3000689678, 22.5111806914 ],
						[ 114.3000757105, 22.5111449079 ],
						[ 114.2991862049, 22.5117673087 ],
						[ 114.2980065481, 22.5123444643 ],
						[ 114.2976964007, 22.5131578817 ],
						[ 114.2972851753, 22.5131058498 ],
						[ 114.2970612277, 22.5124512343 ],
						[ 114.2965063291, 22.5119883446 ],
						[ 114.2959538506, 22.5120429364 ],
						[ 114.2951856618, 22.5123961475 ],
						[ 114.2950375696, 22.5125927841 ],
						[ 114.2950504262, 22.5131846429 ],
						[ 114.2947584612, 22.5133184793 ],
						[ 114.2946417587, 22.5132368309 ],
						[ 114.2946968195, 22.5123083425 ],
						[ 114.2952074513, 22.5118694625 ],
						[ 114.2951567448, 22.5111946965 ],
						[ 114.2951459704, 22.5110512661 ],
						[ 114.2955273695, 22.5108976227 ],
						[ 114.2960019797, 22.5111116984 ],
						[ 114.2973484599, 22.5102929155 ],
						[ 114.2977784741, 22.5097976026 ],
						[ 114.2980088461, 22.5087468453 ],
						[ 114.2979038003, 22.5084323965 ],
						[ 114.2976432323, 22.5082769356 ],
						[ 114.2967563515, 22.5084970815 ],
						[ 114.2972567498, 22.5076784573 ],
						[ 114.2968694175, 22.5072402405 ],
						[ 114.296234376, 22.5072274017 ],
						[ 114.2960740635, 22.5069924237 ],
						[ 114.296445181, 22.5064021131 ],
						[ 114.2973624832, 22.5065120876 ],
						[ 114.2976983266, 22.5068530035 ],
						[ 114.2982033908, 22.506850321 ],
						[ 114.2973691705, 22.5056717974 ],
						[ 114.2973368383, 22.5054280015 ],
						[ 114.2979038871, 22.5051158027 ],
						[ 114.2979836893, 22.5048264637 ],
						[ 114.2985523613, 22.5046855224 ],
						[ 114.298902362, 22.504260523 ],
						[ 114.2991163747, 22.5042989385 ],
						[ 114.3001065296, 22.5046531228 ],
						[ 114.3001695992, 22.5050084739 ],
						[ 114.3004841975, 22.5053461764 ],
						[ 114.3010529759, 22.5053140603 ],
						[ 114.3014011296, 22.5056007767 ],
						[ 114.3030673108, 22.5059250246 ],
						[ 114.3036588313, 22.5069884642 ],
						[ 114.3035478694, 22.5072443096 ],
						[ 114.3046400464, 22.5078082332 ],
						[ 114.3046032129, 22.5080534551 ],
						[ 114.3041978318, 22.5084367269 ],
						[ 114.3043154208, 22.5089431021 ],
						[ 114.3046730102, 22.5092532196 ],
						[ 114.3052884113, 22.5093941546 ],
						[ 114.3055077767, 22.5098710538 ],
						[ 114.3068504205, 22.5097726283 ],
						[ 114.3072801809, 22.5095730077 ],
						[ 114.3075259966, 22.509261026 ],
						[ 114.3085014971, 22.5086954544 ],
						[ 114.3091785274, 22.5081613403 ],
						[ 114.3105261074, 22.5080817085 ],
						[ 114.3108229757, 22.5084543076 ],
						[ 114.3114312788, 22.5104470641 ],
						[ 114.3121780925, 22.511033719 ]
					]
				]
			},
			"properties" : {
				"TYPE" : null
			}
		},
		{
			"type" : "Feature",
			"geometry" : {
				"type" : "Polygon",
				"coordinates" : [
					[
						[ 114.3151940733, 22.5282991425 ],
						[ 114.3145270453, 22.5285160363 ],
						[ 114.3141356857, 22.5291132853 ],
						[ 114.3141081012, 22.5302075154 ],
						[ 114.3133042822, 22.5315710129 ],
						[ 114.3126856861, 22.5318103074 ],
						[ 114.3126361479, 22.5322066096 ],
						[ 114.3120338744, 22.5329707221 ],
						[ 114.3119932478, 22.5338863423 ],
						[ 114.31067951, 22.5344705833 ],
						[ 114.3098518323, 22.535241756 ],
						[ 114.3093598121, 22.5350245127 ],
						[ 114.3079792335, 22.5334194714 ],
						[ 114.3078026847, 22.5322762838 ],
						[ 114.3078179343, 22.5314698438 ],
						[ 114.3078171817, 22.5313932852 ],
						[ 114.3079635697, 22.529914637 ],
						[ 114.3081150121, 22.5296013593 ],
						[ 114.308035941, 22.5290825582 ],
						[ 114.3081964278, 22.528929065 ],
						[ 114.3089747623, 22.5287883854 ],
						[ 114.3094216915, 22.5283903757 ],
						[ 114.3100127777, 22.5283425958 ],
						[ 114.3105196317, 22.5280685021 ],
						[ 114.3107337276, 22.5280107376 ],
						[ 114.3115034827, 22.5278417789 ],
						[ 114.3142450118, 22.5257020154 ],
						[ 114.316088062, 22.5246971511 ],
						[ 114.3165520874, 22.5246306289 ],
						[ 114.3171499367, 22.5249262682 ],
						[ 114.3178877658, 22.5248443503 ],
						[ 114.3181623133, 22.5245952422 ],
						[ 114.3185575421, 22.5234561499 ],
						[ 114.3188828893, 22.5230990922 ],
						[ 114.3201972571, 22.5237531602 ],
						[ 114.320309493, 22.5242682505 ],
						[ 114.3206192563, 22.5246252057 ],
						[ 114.3206952167, 22.5254296062 ],
						[ 114.3205552251, 22.5262658779 ],
						[ 114.320117953, 22.5268852346 ],
						[ 114.3201343896, 22.5284491489 ],
						[ 114.3200041822, 22.5296738784 ],
						[ 114.3197803872, 22.5302613475 ],
						[ 114.3197380595, 22.5314005895 ],
						[ 114.3202423292, 22.5319832841 ],
						[ 114.3204203295, 22.5325231125 ],
						[ 114.3209114328, 22.5323169626 ],
						[ 114.3212738801, 22.5324562287 ],
						[ 114.3216140609, 22.5339973563 ],
						[ 114.3210120282, 22.5354213213 ],
						[ 114.3207328777, 22.5355405007 ],
						[ 114.3204790125, 22.5352569583 ],
						[ 114.3202507464, 22.5353526666 ],
						[ 114.3201017566, 22.5375421224 ],
						[ 114.3197761561, 22.5376732795 ],
						[ 114.3192481345, 22.5375607872 ],
						[ 114.3188875243, 22.5372993798 ],
						[ 114.3184915856, 22.5372919266 ],
						[ 114.3183134411, 22.5370960168 ],
						[ 114.3182439214, 22.5358126959 ],
						[ 114.3180225729, 22.5349317463 ],
						[ 114.3183777024, 22.5332187317 ],
						[ 114.31901469, 22.5326028792 ],
						[ 114.3188577989, 22.5319206944 ],
						[ 114.3172797061, 22.5296037289 ],
						[ 114.3165788264, 22.5290941968 ],
						[ 114.316334604, 22.5291099047 ],
						[ 114.3161113421, 22.5291868921 ],
						[ 114.3156915622, 22.5285467144 ],
						[ 114.3151940733, 22.5282991425 ]
					]
				]
			},
			"properties" : {
				"TYPE" : null
			}
		},
		{
			"type" : "Feature",
			"geometry" : {
				"type" : "Polygon",
				"coordinates" : [
					[
						[ 114.2856051684, 22.519565056 ],
						[ 114.2860783717, 22.5192199023 ],
						[ 114.2865498338, 22.5191837674 ],
						[ 114.288953268, 22.519782703 ],
						[ 114.2885355945, 22.5203390467 ],
						[ 114.288180871, 22.5205156192 ],
						[ 114.2876549795, 22.5204865972 ],
						[ 114.2872775799, 22.520102985 ],
						[ 114.2862340104, 22.5204232818 ],
						[ 114.2860700782, 22.5212448487 ],
						[ 114.2855395365, 22.5209651131 ],
						[ 114.2852118227, 22.5209713844 ],
						[ 114.2850628717, 22.5207815038 ],
						[ 114.2856051684, 22.519565056 ]
					]
				]
			},
			"properties" : {
				"TYPE" : null
			}
		},
		{
			"type" : "Feature",
			"geometry" : {
				"type" : "Polygon",
				"coordinates" : [
					[
						[ 114.2986681912, 22.5505551986 ],
						[ 114.2980285298, 22.551145714 ],
						[ 114.2968166303, 22.5508389776 ],
						[ 114.2949903192, 22.5511677148 ],
						[ 114.2936643282, 22.5509767529 ],
						[ 114.2928404935, 22.5518539045 ],
						[ 114.292864511, 22.5527887513 ],
						[ 114.2934718472, 22.5537025237 ],
						[ 114.2934877481, 22.5542288444 ],
						[ 114.2931117328, 22.554616987 ],
						[ 114.2929788839, 22.5547759534 ],
						[ 114.2914116146, 22.5551894561 ],
						[ 114.2913908618, 22.5551949342 ],
						[ 114.2907521036, 22.5551375397 ],
						[ 114.2903554349, 22.5548926199 ],
						[ 114.290063055, 22.5544521735 ],
						[ 114.2898609619, 22.554147732 ],
						[ 114.288785595, 22.5533486143 ],
						[ 114.2885956139, 22.552553464 ],
						[ 114.2888894033, 22.5515114041 ],
						[ 114.2894374489, 22.5512841977 ],
						[ 114.2899911693, 22.5507338623 ],
						[ 114.2903408612, 22.5503762409 ],
						[ 114.2907514609, 22.5501385614 ],
						[ 114.2910310181, 22.5498440378 ],
						[ 114.2915661985, 22.5496136094 ],
						[ 114.2917018079, 22.5492112839 ],
						[ 114.2915310641, 22.5483793876 ],
						[ 114.2911508977, 22.5477519782 ],
						[ 114.2911285435, 22.5470154805 ],
						[ 114.2906220899, 22.546699471 ],
						[ 114.2906921934, 22.5459762274 ],
						[ 114.2901905021, 22.5454384372 ],
						[ 114.2897089735, 22.5453620993 ],
						[ 114.2893440469, 22.5458371335 ],
						[ 114.2895491788, 22.5464284043 ],
						[ 114.2895222864, 22.5473958875 ],
						[ 114.2901245771, 22.5476392833 ],
						[ 114.2901485776, 22.5479694152 ],
						[ 114.2895623543, 22.5480354866 ],
						[ 114.2887375035, 22.5476632183 ],
						[ 114.2883337895, 22.5478508327 ],
						[ 114.2865939524, 22.5475016886 ],
						[ 114.2864694973, 22.5470141357 ],
						[ 114.2876812734, 22.5466156638 ],
						[ 114.2882467202, 22.5459246787 ],
						[ 114.2884754426, 22.5457426944 ],
						[ 114.2888085127, 22.5450009012 ],
						[ 114.2895335684, 22.5448511597 ],
						[ 114.2899781298, 22.5444578025 ],
						[ 114.2908258533, 22.5432009133 ],
						[ 114.2913949807, 22.5428120512 ],
						[ 114.2922880378, 22.5426144342 ],
						[ 114.2926620279, 22.5423634563 ],
						[ 114.2933114349, 22.5409533253 ],
						[ 114.2936306523, 22.5405680223 ],
						[ 114.2945740084, 22.53942935 ],
						[ 114.2947799158, 22.5385953469 ],
						[ 114.2943984939, 22.5388013371 ],
						[ 114.2938195132, 22.5386116615 ],
						[ 114.2930384989, 22.5385851363 ],
						[ 114.2926413876, 22.5383636465 ],
						[ 114.2919137967, 22.5383770187 ],
						[ 114.2917367225, 22.5388436615 ],
						[ 114.2921482205, 22.5397199239 ],
						[ 114.2921806011, 22.5400229497 ],
						[ 114.2919974433, 22.5402472771 ],
						[ 114.2917069887, 22.5402461663 ],
						[ 114.2914654222, 22.5395261873 ],
						[ 114.2905310264, 22.5387228431 ],
						[ 114.289759315, 22.5385764539 ],
						[ 114.2889444323, 22.5388502275 ],
						[ 114.2880132295, 22.5384899038 ],
						[ 114.2876258745, 22.5385214521 ],
						[ 114.2875475507, 22.5382409514 ],
						[ 114.2879361405, 22.5370927649 ],
						[ 114.2878576367, 22.536586813 ],
						[ 114.2874146434, 22.535836832 ],
						[ 114.2863842868, 22.5348792458 ],
						[ 114.2860744914, 22.5344115672 ],
						[ 114.2858654758, 22.5338588622 ],
						[ 114.2860222213, 22.5333100541 ],
						[ 114.2862982172, 22.532917733 ],
						[ 114.2865656522, 22.5329496898 ],
						[ 114.2885654905, 22.5341637351 ],
						[ 114.2891353753, 22.5341362475 ],
						[ 114.2900108567, 22.533656728 ],
						[ 114.2906113292, 22.5335681414 ],
						[ 114.2907794816, 22.5336878641 ],
						[ 114.2907501403, 22.5340625719 ],
						[ 114.2909158616, 22.5342277549 ],
						[ 114.2919691737, 22.5342205753 ],
						[ 114.2921907295, 22.5343691825 ],
						[ 114.2925187559, 22.5341522188 ],
						[ 114.2930399788, 22.5344521474 ],
						[ 114.2936676599, 22.5349622865 ],
						[ 114.2940353978, 22.5349555895 ],
						[ 114.2944395119, 22.5347082607 ],
						[ 114.2941268951, 22.5338434182 ],
						[ 114.2942626007, 22.5335815928 ],
						[ 114.2948661882, 22.5342451072 ],
						[ 114.2958544332, 22.5344477879 ],
						[ 114.2959520947, 22.5353605477 ],
						[ 114.296151553, 22.5356698787 ],
						[ 114.296672189, 22.535262675 ],
						[ 114.2976965126, 22.5354474103 ],
						[ 114.2982730792, 22.5357091631 ],
						[ 114.2982659427, 22.5360301249 ],
						[ 114.298694258, 22.5363259691 ],
						[ 114.2988729283, 22.537152796 ],
						[ 114.2989004352, 22.5371705197 ],
						[ 114.2990480075, 22.5372656236 ],
						[ 114.299295965, 22.5370574303 ],
						[ 114.3001325749, 22.5368083759 ],
						[ 114.3005311471, 22.5364462425 ],
						[ 114.3004816943, 22.5362914012 ],
						[ 114.300174764, 22.5353302758 ],
						[ 114.3019751543, 22.5350037938 ],
						[ 114.3022955494, 22.53456504 ],
						[ 114.3021824271, 22.5340912611 ],
						[ 114.3014386184, 22.5336303792 ],
						[ 114.30131159, 22.5336346044 ],
						[ 114.3014196119, 22.5339421665 ],
						[ 114.3014153618, 22.5341566042 ],
						[ 114.3009139957, 22.5345252398 ],
						[ 114.3005051533, 22.5344488778 ],
						[ 114.300046639, 22.534100261 ],
						[ 114.299462409, 22.5329941021 ],
						[ 114.2999096306, 22.5323206209 ],
						[ 114.3008050696, 22.5326592579 ],
						[ 114.3019192293, 22.5327258976 ],
						[ 114.3031547042, 22.5324811135 ],
						[ 114.3040448223, 22.5318614457 ],
						[ 114.3044298775, 22.5318799692 ],
						[ 114.3046477616, 22.5323169281 ],
						[ 114.3044517944, 22.5331353228 ],
						[ 114.3052046475, 22.534044856 ],
						[ 114.3052459977, 22.534094815 ],
						[ 114.3056762015, 22.5353585651 ],
						[ 114.3050852245, 22.5366323147 ],
						[ 114.3040386829, 22.5364935634 ],
						[ 114.3037562956, 22.5357912532 ],
						[ 114.3033375019, 22.5356492377 ],
						[ 114.3023457916, 22.5360113812 ],
						[ 114.3016866545, 22.5368296814 ],
						[ 114.3010621904, 22.5371869352 ],
						[ 114.3009141556, 22.5374786209 ],
						[ 114.3005905209, 22.5376216759 ],
						[ 114.3003769528, 22.5381411656 ],
						[ 114.2988619488, 22.5387185744 ],
						[ 114.2986653812, 22.5394667151 ],
						[ 114.2980674132, 22.5396301733 ],
						[ 114.2973482259, 22.5402267157 ],
						[ 114.2975974768, 22.5414965911 ],
						[ 114.2972519846, 22.5420983605 ],
						[ 114.2973355274, 22.5426768533 ],
						[ 114.297131248, 22.5431012782 ],
						[ 114.2965501824, 22.5433937435 ],
						[ 114.2959247048, 22.5431972201 ],
						[ 114.2952484854, 22.5431977192 ],
						[ 114.2944025235, 22.5435601669 ],
						[ 114.294005907, 22.54393284 ],
						[ 114.2935949415, 22.5437187135 ],
						[ 114.2934984987, 22.5448350227 ],
						[ 114.2936109271, 22.5456756829 ],
						[ 114.2938545122, 22.5461231935 ],
						[ 114.2937094863, 22.5464846656 ],
						[ 114.2941181778, 22.5469315952 ],
						[ 114.2942006222, 22.5468093999 ],
						[ 114.2945580126, 22.546795819 ],
						[ 114.2948483052, 22.5475165064 ],
						[ 114.2955302669, 22.5484311289 ],
						[ 114.296138682, 22.5482947634 ],
						[ 114.2967541744, 22.5483507814 ],
						[ 114.2971574021, 22.5481856408 ],
						[ 114.2979755499, 22.5487796556 ],
						[ 114.2986740237, 22.5487492739 ],
						[ 114.2995791319, 22.5476144401 ],
						[ 114.3005701138, 22.5468904873 ],
						[ 114.3019798624, 22.5462566689 ],
						[ 114.3024198212, 22.545720927 ],
						[ 114.3025140037, 22.544914093 ],
						[ 114.3030931295, 22.5446762503 ],
						[ 114.3050690218, 22.545307885 ],
						[ 114.3056483271, 22.5463350463 ],
						[ 114.3056431855, 22.5471849666 ],
						[ 114.3072602064, 22.5472603493 ],
						[ 114.3080747705, 22.5471605067 ],
						[ 114.3081793577, 22.5474584221 ],
						[ 114.3079903928, 22.5478474942 ],
						[ 114.3079209158, 22.5486042558 ],
						[ 114.3080709515, 22.5488690741 ],
						[ 114.30848283, 22.5489812373 ],
						[ 114.3096078912, 22.548412775 ],
						[ 114.3102760084, 22.54817989 ],
						[ 114.3109187822, 22.547306927 ],
						[ 114.311419973, 22.5472390158 ],
						[ 114.3118486872, 22.547880568 ],
						[ 114.3128415073, 22.5480941657 ],
						[ 114.3133237832, 22.5483940606 ],
						[ 114.3141993622, 22.5485085603 ],
						[ 114.3145448683, 22.5489784556 ],
						[ 114.3146476389, 22.5494191737 ],
						[ 114.3152028984, 22.5495454285 ],
						[ 114.3156605542, 22.5499380789 ],
						[ 114.3167646858, 22.5497112107 ],
						[ 114.3171445548, 22.5499344975 ],
						[ 114.3168577102, 22.5502938201 ],
						[ 114.3152957727, 22.5504714891 ],
						[ 114.3145126339, 22.5503637975 ],
						[ 114.3136143093, 22.5497524888 ],
						[ 114.313395303, 22.5497434911 ],
						[ 114.3130208609, 22.5500110518 ],
						[ 114.3122640951, 22.550593451 ],
						[ 114.3112944684, 22.5508656346 ],
						[ 114.3092552656, 22.5503048458 ],
						[ 114.3088831574, 22.5504502509 ],
						[ 114.3075697102, 22.550460047 ],
						[ 114.3061319928, 22.5508110979 ],
						[ 114.3055095862, 22.5513139267 ],
						[ 114.3051298257, 22.5511920859 ],
						[ 114.3048819996, 22.5504856247 ],
						[ 114.3039660836, 22.5500579437 ],
						[ 114.3030370491, 22.5504113184 ],
						[ 114.3022242816, 22.550329769 ],
						[ 114.2986681912, 22.5505551986 ]
					]
				]
			},
			"properties" : {
				"TYPE" : null
			}
		},
		{
			"type" : "Feature",
			"geometry" : {
				"type" : "Polygon",
				"coordinates" : [
					[
						[ 114.2910554573, 22.3641737226 ],
						[ 114.2914358084, 22.3635672071 ],
						[ 114.2921851547, 22.3629952679 ],
						[ 114.2921899429, 22.3619953044 ],
						[ 114.2923151164, 22.3615319217 ],
						[ 114.2923984553, 22.3612234062 ],
						[ 114.2923120448, 22.3609151112 ],
						[ 114.2925262089, 22.3601826992 ],
						[ 114.2926157447, 22.3599965339 ],
						[ 114.2926159008, 22.3599974369 ],
						[ 114.2926157447, 22.3599965339 ],
						[ 114.2927692673, 22.359677321 ],
						[ 114.2930059045, 22.3597079275 ],
						[ 114.2933245537, 22.3592506902 ],
						[ 114.2931518332, 22.3587566362 ],
						[ 114.2929369844, 22.3586563347 ],
						[ 114.2929154985, 22.3583392879 ],
						[ 114.2930626832, 22.3581539389 ],
						[ 114.2928290603, 22.3579967403 ],
						[ 114.2928748971, 22.357554211 ],
						[ 114.2931821828, 22.3577165854 ],
						[ 114.2934705083, 22.3575990803 ],
						[ 114.2942391958, 22.3577953814 ],
						[ 114.2945584316, 22.3573183914 ],
						[ 114.2949573569, 22.3573181009 ],
						[ 114.2951813273, 22.3571379226 ],
						[ 114.2958975299, 22.3572883791 ],
						[ 114.2961588819, 22.3570228063 ],
						[ 114.2963271416, 22.3566707802 ],
						[ 114.2961859668, 22.3558352613 ],
						[ 114.2959760051, 22.3555996466 ],
						[ 114.2952203801, 22.3553284356 ],
						[ 114.2951756197, 22.3550818082 ],
						[ 114.2951281071, 22.3546107376 ],
						[ 114.2948328212, 22.3542933849 ],
						[ 114.2950814906, 22.3536137636 ],
						[ 114.2953008243, 22.3533420548 ],
						[ 114.2958025886, 22.3535367197 ],
						[ 114.2958844746, 22.3530982718 ],
						[ 114.2963408078, 22.352967345 ],
						[ 114.2964598689, 22.3533412028 ],
						[ 114.2969141147, 22.3536630403 ],
						[ 114.2969076348, 22.3540318164 ],
						[ 114.2973828835, 22.3543202691 ],
						[ 114.2973226736, 22.354796097 ],
						[ 114.2974929706, 22.3550800981 ],
						[ 114.2975948197, 22.3556298105 ],
						[ 114.2973342127, 22.3560330106 ],
						[ 114.2974237357, 22.3563273576 ],
						[ 114.2971785073, 22.3564616797 ],
						[ 114.2969086756, 22.3570361861 ],
						[ 114.2968749609, 22.3577649937 ],
						[ 114.2963527683, 22.3581683858 ],
						[ 114.296338149, 22.3585917211 ],
						[ 114.2965716762, 22.3586426524 ],
						[ 114.2966399512, 22.3596344347 ],
						[ 114.2962637457, 22.3613977079 ],
						[ 114.2963166026, 22.3618779127 ],
						[ 114.2960618283, 22.3625470644 ],
						[ 114.295757977, 22.3627754985 ],
						[ 114.2959025172, 22.3631557493 ],
						[ 114.2962282795, 22.3630039499 ],
						[ 114.2963663268, 22.3630781784 ],
						[ 114.2960408952, 22.3636300755 ],
						[ 114.2969074802, 22.3636491848 ],
						[ 114.2970276128, 22.3639580211 ],
						[ 114.2976428247, 22.3642490777 ],
						[ 114.297587427, 22.3644430678 ],
						[ 114.2977662722, 22.3647739393 ],
						[ 114.2974159324, 22.3653978671 ],
						[ 114.2977913614, 22.3656292833 ],
						[ 114.2977758675, 22.3657663422 ],
						[ 114.297570093, 22.3660609091 ],
						[ 114.2972355031, 22.3661267742 ],
						[ 114.2966559337, 22.3666388017 ],
						[ 114.2960902843, 22.3666392194 ],
						[ 114.2960470903, 22.3665051118 ],
						[ 114.2955676321, 22.3665536601 ],
						[ 114.2953040735, 22.3671827482 ],
						[ 114.2954760531, 22.3675258184 ],
						[ 114.2958631277, 22.3674964921 ],
						[ 114.2960338901, 22.3679131253 ],
						[ 114.2953535488, 22.3680967278 ],
						[ 114.2949482871, 22.368034307 ],
						[ 114.2947885775, 22.3681714708 ],
						[ 114.29380696, 22.3702470187 ],
						[ 114.2939452332, 22.3705959124 ],
						[ 114.2943050308, 22.3707954159 ],
						[ 114.2942929044, 22.3712245642 ],
						[ 114.2937313683, 22.3716848773 ],
						[ 114.2937565727, 22.3719618523 ],
						[ 114.293043789, 22.3722515502 ],
						[ 114.293169652, 22.372446817 ],
						[ 114.2933913859, 22.3727907746 ],
						[ 114.2930594801, 22.373105745 ],
						[ 114.2930540125, 22.373291579 ],
						[ 114.2934529664, 22.3732593511 ],
						[ 114.2936436742, 22.3735965938 ],
						[ 114.294292219, 22.3733818482 ],
						[ 114.2948059426, 22.3739615952 ],
						[ 114.2948801102, 22.3744737974 ],
						[ 114.2950345407, 22.3755391776 ],
						[ 114.2944669057, 22.375449584 ],
						[ 114.2940356944, 22.3757309538 ],
						[ 114.2929507542, 22.3752631152 ],
						[ 114.2923201724, 22.3745493064 ],
						[ 114.291880628, 22.3744401154 ],
						[ 114.2915020739, 22.3743460693 ],
						[ 114.2908136632, 22.3731555472 ],
						[ 114.290468805, 22.3729049218 ],
						[ 114.2905515654, 22.3725523843 ],
						[ 114.2909514515, 22.3721409702 ],
						[ 114.2911102636, 22.3716553953 ],
						[ 114.2906461507, 22.3713984698 ],
						[ 114.2901666412, 22.3706270576 ],
						[ 114.2900046667, 22.3701939676 ],
						[ 114.2894677334, 22.3687582806 ],
						[ 114.2885407044, 22.3679705128 ],
						[ 114.2882619264, 22.3677336084 ],
						[ 114.287874697, 22.3675706929 ],
						[ 114.2873927581, 22.3676337398 ],
						[ 114.2870803312, 22.3673116623 ],
						[ 114.2871132068, 22.3670404621 ],
						[ 114.287432283, 22.3670907612 ],
						[ 114.2876191957, 22.3673850467 ],
						[ 114.2877977318, 22.3673506626 ],
						[ 114.2882050625, 22.3668956957 ],
						[ 114.2884966341, 22.3665097557 ],
						[ 114.2884966639, 22.3665106678 ],
						[ 114.2884966341, 22.3665097557 ],
						[ 114.2886110819, 22.3663582709 ],
						[ 114.289651839, 22.3647890811 ],
						[ 114.2910554573, 22.3641737226 ]
					]
				]
			},
			"properties" : {
				"TYPE" : null
			}
		},
		{
			"type" : "Feature",
			"geometry" : {
				"type" : "Polygon",
				"coordinates" : [
					[
						[ 114.3056648924, 22.3473739465 ],
						[ 114.3065261552, 22.3470994078 ],
						[ 114.3071247088, 22.3463113282 ],
						[ 114.3072374548, 22.3458412155 ],
						[ 114.3074376856, 22.345682839 ],
						[ 114.3079124029, 22.345410338 ],
						[ 114.3082073753, 22.3453819057 ],
						[ 114.3083387801, 22.345693046 ],
						[ 114.3089050739, 22.3454774144 ],
						[ 114.309310692, 22.3453838879 ],
						[ 114.3097653503, 22.3448369686 ],
						[ 114.3099441106, 22.3442057038 ],
						[ 114.3105465324, 22.3436183935 ],
						[ 114.3109787255, 22.3435167857 ],
						[ 114.3113247877, 22.3432386197 ],
						[ 114.3120341081, 22.3432040925 ],
						[ 114.312682683, 22.3436655167 ],
						[ 114.3128321164, 22.3440698335 ],
						[ 114.3131075162, 22.34426291 ],
						[ 114.3133060241, 22.3461532069 ],
						[ 114.3137446389, 22.346289189 ],
						[ 114.3145299772, 22.3461861169 ],
						[ 114.3146429001, 22.3459311608 ],
						[ 114.3148149711, 22.3454385515 ],
						[ 114.3157149432, 22.3443170734 ],
						[ 114.3164628603, 22.3439165939 ],
						[ 114.3165236948, 22.3435236043 ],
						[ 114.3167369223, 22.343387068 ],
						[ 114.3171080052, 22.3434063163 ],
						[ 114.3173023696, 22.3435793087 ],
						[ 114.317706613, 22.3433557406 ],
						[ 114.3185507362, 22.3433061039 ],
						[ 114.3199192586, 22.3426145336 ],
						[ 114.3205764019, 22.3423590827 ],
						[ 114.3208503093, 22.3423018838 ],
						[ 114.3216140398, 22.3422643855 ],
						[ 114.3227796874, 22.3421586304 ],
						[ 114.3235381617, 22.3424243195 ],
						[ 114.3245466548, 22.3440147029 ],
						[ 114.3242381796, 22.3453117341 ],
						[ 114.3241809036, 22.3461241198 ],
						[ 114.3231556653, 22.3468700781 ],
						[ 114.3229682018, 22.3473960778 ],
						[ 114.3235890348, 22.3478914287 ],
						[ 114.3248252654, 22.3478224214 ],
						[ 114.325485398, 22.3480369786 ],
						[ 114.3254159065, 22.3484104191 ],
						[ 114.3258178643, 22.3483738103 ],
						[ 114.3261006397, 22.3485035717 ],
						[ 114.326034222, 22.3488539908 ],
						[ 114.3255024299, 22.3495235615 ],
						[ 114.3251870915, 22.3507688189 ],
						[ 114.3256926296, 22.3509950306 ],
						[ 114.3263748526, 22.3510346693 ],
						[ 114.326636255, 22.3508359455 ],
						[ 114.3270681035, 22.3509828246 ],
						[ 114.3270541824, 22.3518435018 ],
						[ 114.3259518635, 22.3539852452 ],
						[ 114.3261043563, 22.354307856 ],
						[ 114.3263901644, 22.3543748969 ],
						[ 114.3263965967, 22.3546073188 ],
						[ 114.3271989826, 22.3547952778 ],
						[ 114.3272774822, 22.3550551669 ],
						[ 114.3271535125, 22.3554053055 ],
						[ 114.3273292844, 22.3557222042 ],
						[ 114.3272682888, 22.3558964689 ],
						[ 114.3274145005, 22.3560159605 ],
						[ 114.3277189835, 22.3558588889 ],
						[ 114.3278177629, 22.3559900376 ],
						[ 114.3277201718, 22.3563762921 ],
						[ 114.3274866512, 22.3563474674 ],
						[ 114.3274708402, 22.3561616608 ],
						[ 114.3271052724, 22.3564111258 ],
						[ 114.3271980178, 22.3567368071 ],
						[ 114.3270024854, 22.3571963175 ],
						[ 114.3266519808, 22.3575264823 ],
						[ 114.3257121772, 22.3578984136 ],
						[ 114.3255003638, 22.3577331147 ],
						[ 114.3249135581, 22.3577620986 ],
						[ 114.3245774096, 22.3575063178 ],
						[ 114.3246867853, 22.3582135163 ],
						[ 114.3244930178, 22.3585795289 ],
						[ 114.3240361904, 22.3587402187 ],
						[ 114.3239927436, 22.358980082 ],
						[ 114.3235815142, 22.359157571 ],
						[ 114.3229610287, 22.3592295546 ],
						[ 114.3227798739, 22.3591269415 ],
						[ 114.32231058, 22.3599078183 ],
						[ 114.3220859087, 22.3599910558 ],
						[ 114.3215513528, 22.3598486895 ],
						[ 114.3210876186, 22.3599658229 ],
						[ 114.3205717239, 22.360372186 ],
						[ 114.3201752469, 22.3603347899 ],
						[ 114.3202129255, 22.3593566237 ],
						[ 114.3211035609, 22.3578735522 ],
						[ 114.3210759046, 22.3576883335 ],
						[ 114.3205020669, 22.3581888281 ],
						[ 114.3201284627, 22.3591507933 ],
						[ 114.3196005133, 22.3599700398 ],
						[ 114.3192440883, 22.360030172 ],
						[ 114.319077824, 22.359827655 ],
						[ 114.3189517016, 22.35982195 ],
						[ 114.3189487507, 22.3599851343 ],
						[ 114.3191215455, 22.3604710237 ],
						[ 114.3187723836, 22.3609167249 ],
						[ 114.3191634715, 22.3611718914 ],
						[ 114.319509207, 22.3610420893 ],
						[ 114.3194710669, 22.3628306731 ],
						[ 114.3200340397, 22.3632761487 ],
						[ 114.3196069642, 22.3638508402 ],
						[ 114.3189777818, 22.3639861113 ],
						[ 114.3187965312, 22.364414832 ],
						[ 114.31906408, 22.364745593 ],
						[ 114.3193569399, 22.3647883026 ],
						[ 114.3194211125, 22.3646599133 ],
						[ 114.3197439285, 22.3646967983 ],
						[ 114.3201707942, 22.364522204 ],
						[ 114.3205269216, 22.3641612814 ],
						[ 114.3207997527, 22.3641680015 ],
						[ 114.3205329439, 22.3645613735 ],
						[ 114.320687325, 22.3653335629 ],
						[ 114.3203658345, 22.3659853915 ],
						[ 114.3203720614, 22.3665759551 ],
						[ 114.3201666235, 22.367153928 ],
						[ 114.3198911452, 22.367631507 ],
						[ 114.3192763724, 22.3678318133 ],
						[ 114.3195266549, 22.3689807898 ],
						[ 114.3194535399, 22.3695209064 ],
						[ 114.3190268846, 22.3699184711 ],
						[ 114.3185817889, 22.3699902929 ],
						[ 114.318431095, 22.3697662783 ],
						[ 114.3180124092, 22.3694048634 ],
						[ 114.3177488448, 22.3705601055 ],
						[ 114.3171044242, 22.371091416 ],
						[ 114.3171696702, 22.3714090079 ],
						[ 114.316623003, 22.3716812454 ],
						[ 114.3173790121, 22.3722061216 ],
						[ 114.3174379494, 22.372457507 ],
						[ 114.3171009819, 22.3738868967 ],
						[ 114.3165670254, 22.3750255285 ],
						[ 114.3169222486, 22.3755977831 ],
						[ 114.3172874201, 22.375514431 ],
						[ 114.3175544202, 22.3752720458 ],
						[ 114.3177412021, 22.3753723477 ],
						[ 114.31790796, 22.3754122708 ],
						[ 114.3179537475, 22.3756201133 ],
						[ 114.3178015961, 22.3758147812 ],
						[ 114.3177703209, 22.3763838933 ],
						[ 114.3171066045, 22.3763873688 ],
						[ 114.3171597646, 22.3770928766 ],
						[ 114.3178145372, 22.3775092462 ],
						[ 114.3174592382, 22.3781070862 ],
						[ 114.31665053, 22.3779904897 ],
						[ 114.3162576472, 22.3784716492 ],
						[ 114.3158132642, 22.3786543665 ],
						[ 114.3154951789, 22.378386361 ],
						[ 114.3152067077, 22.3783808013 ],
						[ 114.3152007916, 22.3780834858 ],
						[ 114.3146249075, 22.3778836354 ],
						[ 114.3140779097, 22.377215725 ],
						[ 114.3138404739, 22.3764041102 ],
						[ 114.313477374, 22.3760676152 ],
						[ 114.3135101001, 22.375047302 ],
						[ 114.3131496338, 22.3742102424 ],
						[ 114.3130124684, 22.3750529411 ],
						[ 114.3127534509, 22.3749441967 ],
						[ 114.311621078, 22.3754112358 ],
						[ 114.311273675, 22.3758005955 ],
						[ 114.3114069047, 22.3760437939 ],
						[ 114.3120670395, 22.3762139654 ],
						[ 114.3121835195, 22.375922941 ],
						[ 114.3126417897, 22.3758964318 ],
						[ 114.3124479955, 22.3763024978 ],
						[ 114.312553044, 22.3764597755 ],
						[ 114.3122983424, 22.3765087718 ],
						[ 114.3121692759, 22.3766970215 ],
						[ 114.3123995136, 22.3771741636 ],
						[ 114.3123636391, 22.3775290025 ],
						[ 114.3123388252, 22.3776945164 ],
						[ 114.312864432, 22.3775599362 ],
						[ 114.313150678, 22.3778448157 ],
						[ 114.3134524146, 22.3786389572 ],
						[ 114.3136767891, 22.378861758 ],
						[ 114.3136407035, 22.3796335269 ],
						[ 114.3133827255, 22.3801714755 ],
						[ 114.3128185023, 22.3804164247 ],
						[ 114.3118281318, 22.3803353744 ],
						[ 114.3108934491, 22.3797362909 ],
						[ 114.3104570201, 22.3797593004 ],
						[ 114.3098835767, 22.3793895943 ],
						[ 114.3084732079, 22.3803236177 ],
						[ 114.3086575311, 22.3804523872 ],
						[ 114.3085410538, 22.38075793 ],
						[ 114.3082339288, 22.3808499297 ],
						[ 114.3078123429, 22.3807277366 ],
						[ 114.3076252504, 22.380970619 ],
						[ 114.3067309856, 22.3808424289 ],
						[ 114.3067002561, 22.3806995999 ],
						[ 114.307637481, 22.3806959461 ],
						[ 114.3079474265, 22.380287462 ],
						[ 114.3082396517, 22.3802953524 ],
						[ 114.3096936132, 22.3793540166 ],
						[ 114.3097996801, 22.3792656653 ],
						[ 114.309710288, 22.3791623755 ],
						[ 114.3093437868, 22.3785227469 ],
						[ 114.3093989189, 22.378059888 ],
						[ 114.3088787329, 22.3773176078 ],
						[ 114.3089101817, 22.3769041201 ],
						[ 114.3086290748, 22.3767655683 ],
						[ 114.308518728, 22.376937545 ],
						[ 114.3082331969, 22.3767403339 ],
						[ 114.3081741681, 22.3763861599 ],
						[ 114.3086899598, 22.3757800728 ],
						[ 114.3083883935, 22.3757826391 ],
						[ 114.3085237236, 22.3756112292 ],
						[ 114.3083581644, 22.3755114773 ],
						[ 114.3081348235, 22.376127296 ],
						[ 114.3079341841, 22.3761436233 ],
						[ 114.3077372039, 22.3758261434 ],
						[ 114.3077986973, 22.3754846408 ],
						[ 114.3074018416, 22.3750836996 ],
						[ 114.307366291, 22.3737893572 ],
						[ 114.3071901561, 22.3737157469 ],
						[ 114.3070124483, 22.3739760411 ],
						[ 114.3067637506, 22.373094745 ],
						[ 114.3063671099, 22.3729156265 ],
						[ 114.3063212207, 22.3732501446 ],
						[ 114.3065183349, 22.373405095 ],
						[ 114.306435796, 22.3735868551 ],
						[ 114.3066533088, 22.3737082406 ],
						[ 114.3065131516, 22.3741930479 ],
						[ 114.3066149047, 22.374847408 ],
						[ 114.306353582, 22.3751588721 ],
						[ 114.3058808857, 22.3751133748 ],
						[ 114.3060434685, 22.3747050115 ],
						[ 114.3055049797, 22.374405221 ],
						[ 114.305695628, 22.3739590972 ],
						[ 114.3054682465, 22.3738332662 ],
						[ 114.3053379317, 22.3733566216 ],
						[ 114.3046985236, 22.3732973099 ],
						[ 114.3041402889, 22.373931873 ],
						[ 114.3043345726, 22.374040312 ],
						[ 114.3044604642, 22.3744716729 ],
						[ 114.3047959584, 22.3746972973 ],
						[ 114.3050670291, 22.3754740503 ],
						[ 114.305604656, 22.3755194985 ],
						[ 114.3054978796, 22.376187968 ],
						[ 114.3058142782, 22.3766853697 ],
						[ 114.3062728642, 22.3769962583 ],
						[ 114.3061814058, 22.3780253314 ],
						[ 114.3059737223, 22.3782821626 ],
						[ 114.306037822, 22.3787280833 ],
						[ 114.3054752463, 22.3787343381 ],
						[ 114.3053187396, 22.3789777806 ],
						[ 114.3056236801, 22.3799118801 ],
						[ 114.3053047379, 22.3800462729 ],
						[ 114.3047851255, 22.3799264795 ],
						[ 114.3037650298, 22.3794272996 ],
						[ 114.3033107026, 22.3794155997 ],
						[ 114.3032180466, 22.3794132158 ],
						[ 114.303054611, 22.3795910367 ],
						[ 114.3030885098, 22.3797855456 ],
						[ 114.3032796536, 22.3798713307 ],
						[ 114.303316834, 22.380247594 ],
						[ 114.3027639519, 22.3806202539 ],
						[ 114.3016237734, 22.3806008187 ],
						[ 114.3006313842, 22.3803617487 ],
						[ 114.3004186235, 22.3798328949 ],
						[ 114.3009559212, 22.379489875 ],
						[ 114.301001723, 22.3790293469 ],
						[ 114.3007863694, 22.378400618 ],
						[ 114.3004753265, 22.3782893652 ],
						[ 114.30084992, 22.377544043 ],
						[ 114.3009422361, 22.3774382791 ],
						[ 114.3010525214, 22.3771751446 ],
						[ 114.3007262329, 22.3767636755 ],
						[ 114.3006947875, 22.3758038098 ],
						[ 114.3009937849, 22.3757182152 ],
						[ 114.3011301248, 22.375788088 ],
						[ 114.3011305431, 22.3757889998 ],
						[ 114.3011301248, 22.375788088 ],
						[ 114.301604707, 22.37603133 ],
						[ 114.3017337665, 22.3758198531 ],
						[ 114.3019974009, 22.3759741164 ],
						[ 114.3020579557, 22.375273166 ],
						[ 114.3027064623, 22.3750218041 ],
						[ 114.3031002156, 22.3754645707 ],
						[ 114.3033215825, 22.3751444285 ],
						[ 114.303077729, 22.3747555572 ],
						[ 114.3033758583, 22.3744010932 ],
						[ 114.3033600587, 22.3741949569 ],
						[ 114.3035352215, 22.3738719517 ],
						[ 114.3040054564, 22.3739604342 ],
						[ 114.3047202671, 22.3731736017 ],
						[ 114.3047450632, 22.3729796336 ],
						[ 114.3049385735, 22.3729336055 ],
						[ 114.3048856823, 22.3724423781 ],
						[ 114.3055459284, 22.3720847243 ],
						[ 114.3055089637, 22.3719471286 ],
						[ 114.3053154208, 22.3719559968 ],
						[ 114.3048056053, 22.3722705545 ],
						[ 114.3044058477, 22.3720966623 ],
						[ 114.3044484077, 22.3715246446 ],
						[ 114.3042329622, 22.3714818381 ],
						[ 114.3041628032, 22.3712281266 ],
						[ 114.304887058, 22.3705388515 ],
						[ 114.3045027306, 22.3701593765 ],
						[ 114.3027887085, 22.37066651 ],
						[ 114.3022539422, 22.370313281 ],
						[ 114.3022199107, 22.3699666256 ],
						[ 114.3024292443, 22.369455453 ],
						[ 114.3020834842, 22.3689040552 ],
						[ 114.3019963982, 22.3678693238 ],
						[ 114.3026198574, 22.3675831327 ],
						[ 114.3027822217, 22.3669308851 ],
						[ 114.3031013144, 22.3669829052 ],
						[ 114.303943238, 22.3666361423 ],
						[ 114.3042844228, 22.3669697777 ],
						[ 114.3038827126, 22.3680507765 ],
						[ 114.3042457046, 22.3683274845 ],
						[ 114.3055482201, 22.3677864015 ],
						[ 114.3054740263, 22.3672208606 ],
						[ 114.305719446, 22.3665969992 ],
						[ 114.3054180153, 22.3660490589 ],
						[ 114.3051688452, 22.3659923462 ],
						[ 114.3049054154, 22.3653549454 ],
						[ 114.3053430449, 22.3653232446 ],
						[ 114.3054784001, 22.3651860898 ],
						[ 114.3053052331, 22.3642600202 ],
						[ 114.3056310268, 22.364140134 ],
						[ 114.3063284976, 22.3642365564 ],
						[ 114.3057287495, 22.3638142889 ],
						[ 114.3056177523, 22.3632824519 ],
						[ 114.3059003588, 22.3630476318 ],
						[ 114.3058757722, 22.3627909766 ],
						[ 114.3061698834, 22.3621786887 ],
						[ 114.3064338383, 22.362030404 ],
						[ 114.3070821753, 22.3616814587 ],
						[ 114.3073152501, 22.3612265837 ],
						[ 114.3079999822, 22.3610773789 ],
						[ 114.308468877, 22.359782616 ],
						[ 114.3078663962, 22.3597569794 ],
						[ 114.3069145725, 22.3600207973 ],
						[ 114.3063461008, 22.3603208951 ],
						[ 114.3063222429, 22.3608528306 ],
						[ 114.3059659389, 22.3610528796 ],
						[ 114.3054188732, 22.3608709705 ],
						[ 114.3051662835, 22.3597846894 ],
						[ 114.305466976, 22.3595446179 ],
						[ 114.3053845669, 22.3588554007 ],
						[ 114.3058654859, 22.3584014866 ],
						[ 114.3060744024, 22.3581551115 ],
						[ 114.3070036004, 22.3577414911 ],
						[ 114.3062940771, 22.3567235147 ],
						[ 114.3056546213, 22.3565300668 ],
						[ 114.3052641343, 22.3562011236 ],
						[ 114.3047333034, 22.3550745415 ],
						[ 114.30449408, 22.3547675926 ],
						[ 114.3039642031, 22.3549578585 ],
						[ 114.3035711439, 22.3546095336 ],
						[ 114.3040459276, 22.354368678 ],
						[ 114.3042191164, 22.3536971573 ],
						[ 114.3032526811, 22.3519317212 ],
						[ 114.3034380298, 22.3517164056 ],
						[ 114.3036971343, 22.3516765046 ],
						[ 114.3037274494, 22.3509970408 ],
						[ 114.3042309572, 22.3503937213 ],
						[ 114.3045506662, 22.3503532023 ],
						[ 114.3048396391, 22.350514639 ],
						[ 114.3049004627, 22.3493910105 ],
						[ 114.3056648924, 22.3473739465 ]
					]
				]
			},
			"properties" : {
				"TYPE" : null
			}
		},
		{
			"type" : "Feature",
			"geometry" : {
				"type" : "Polygon",
				"coordinates" : [
					[
						[ 114.1714268173, 22.2817672741 ],
						[ 114.1720231265, 22.2818139903 ],
						[ 114.172028698, 22.2817621004 ],
						[ 114.1720982029, 22.2817744564 ],
						[ 114.1724745347, 22.2818918471 ],
						[ 114.1725091648, 22.2819329555 ],
						[ 114.1723432697, 22.2824298436 ],
						[ 114.1716024842, 22.2823667244 ],
						[ 114.1714268173, 22.2817672741 ]
					]
				]
			},
			"properties" : {
				"TYPE" : null
			}
		},
		{
			"type" : "Feature",
			"geometry" : {
				"type" : "Polygon",
				"coordinates" : [
					[
						[ 114.1836202439, 22.2171738328 ],
						[ 114.1841171035, 22.2149868806 ],
						[ 114.1844942462, 22.2147398914 ],
						[ 114.1848792496, 22.2140903118 ],
						[ 114.18531309, 22.2140540224 ],
						[ 114.1861916859, 22.2147815786 ],
						[ 114.1863269383, 22.2148297225 ],
						[ 114.186973125, 22.2150597137 ],
						[ 114.1873709814, 22.2149687943 ],
						[ 114.1875258086, 22.2151721468 ],
						[ 114.1878413433, 22.2152262919 ],
						[ 114.1880356308, 22.2157321609 ],
						[ 114.1877610783, 22.2165052263 ],
						[ 114.1869417034, 22.2168518599 ],
						[ 114.1862311792, 22.2169621313 ],
						[ 114.1855657049, 22.2170654075 ],
						[ 114.184823732, 22.2174721616 ],
						[ 114.1836202439, 22.2171738328 ]
					]
				]
			},
			"properties" : {
				"TYPE" : null
			}
		},
		{
			"type" : "Feature",
			"geometry" : {
				"type" : "Polygon",
				"coordinates" : [
					[
						[ 114.1344605277, 22.2258707332 ],
						[ 114.1341839437, 22.225814201 ],
						[ 114.1335535233, 22.2252154258 ],
						[ 114.1332601684, 22.225165769 ],
						[ 114.1331169851, 22.2242260504 ],
						[ 114.1333055541, 22.22349391 ],
						[ 114.1334570222, 22.2231684841 ],
						[ 114.1340708759, 22.2230965725 ],
						[ 114.1344953414, 22.2232458797 ],
						[ 114.1347669186, 22.2235530571 ],
						[ 114.1359269528, 22.2238512756 ],
						[ 114.1362105511, 22.2252386063 ],
						[ 114.1355821141, 22.2262281674 ],
						[ 114.1349509605, 22.2264065791 ],
						[ 114.1344605277, 22.2258707332 ]
					]
				]
			},
			"properties" : {
				"TYPE" : null
			}
		},
		{
			"type" : "Feature",
			"geometry" : {
				"type" : "Polygon",
				"coordinates" : [
					[
						[ 114.1145513584, 22.2206028297 ],
						[ 114.115103454, 22.2205352828 ],
						[ 114.115393519, 22.220774968 ],
						[ 114.1160801355, 22.220340244 ],
						[ 114.117735968, 22.219469075 ],
						[ 114.1180052757, 22.2192056748 ],
						[ 114.1182116015, 22.2186273418 ],
						[ 114.1195361644, 22.2191116514 ],
						[ 114.1201308416, 22.2188961072 ],
						[ 114.1201171953, 22.2185095793 ],
						[ 114.1199270857, 22.2180027189 ],
						[ 114.1203864251, 22.2171641884 ],
						[ 114.1205466546, 22.2159399512 ],
						[ 114.1208816695, 22.2152849974 ],
						[ 114.1208236809, 22.2148194896 ],
						[ 114.1213145337, 22.2140337605 ],
						[ 114.1205675307, 22.2130346083 ],
						[ 114.1217809296, 22.211485254 ],
						[ 114.121965511, 22.2109886182 ],
						[ 114.1218449796, 22.2103376438 ],
						[ 114.1215679901, 22.2101442838 ],
						[ 114.1210508293, 22.2101725722 ],
						[ 114.1208472804, 22.2100210121 ],
						[ 114.1214279361, 22.2090048673 ],
						[ 114.1215011458, 22.2083695634 ],
						[ 114.1211780935, 22.2079799134 ],
						[ 114.1210840224, 22.2079740113 ],
						[ 114.1203924842, 22.2079306062 ],
						[ 114.1198853864, 22.2077235721 ],
						[ 114.1196962236, 22.2073594777 ],
						[ 114.1198667126, 22.2067255722 ],
						[ 114.1205802911, 22.2057650333 ],
						[ 114.1221427415, 22.2052550953 ],
						[ 114.1221958523, 22.2052196675 ],
						[ 114.1226304286, 22.2049297913 ],
						[ 114.1228117424, 22.204502545 ],
						[ 114.1228077753, 22.2039717993 ],
						[ 114.1220703952, 22.2036759234 ],
						[ 114.1219442736, 22.2034743604 ],
						[ 114.1219650949, 22.2031755228 ],
						[ 114.1223033068, 22.2030861149 ],
						[ 114.1223669694, 22.2028965543 ],
						[ 114.12190082, 22.2023946509 ],
						[ 114.1220567201, 22.2020784114 ],
						[ 114.1220578943, 22.2020513106 ],
						[ 114.1220960484, 22.2011687601 ],
						[ 114.1218202669, 22.2008820681 ],
						[ 114.12162543, 22.2006795244 ],
						[ 114.1214365393, 22.1996341992 ],
						[ 114.1215558659, 22.1980332187 ],
						[ 114.121341262, 22.1974798241 ],
						[ 114.1208598271, 22.1970132585 ],
						[ 114.1208024656, 22.1940809342 ],
						[ 114.1207904803, 22.1934682402 ],
						[ 114.1207883228, 22.1933577846 ],
						[ 114.1205756486, 22.1926594822 ],
						[ 114.1203982611, 22.1925038033 ],
						[ 114.1200623114, 22.1925498246 ],
						[ 114.1203668491, 22.192146645 ],
						[ 114.1203379713, 22.1916361729 ],
						[ 114.1205816586, 22.1912038206 ],
						[ 114.1206547264, 22.1909114306 ],
						[ 114.1205202194, 22.1907369466 ],
						[ 114.1189608144, 22.1902034333 ],
						[ 114.117965644, 22.1889218593 ],
						[ 114.117171311, 22.1883142354 ],
						[ 114.1160938638, 22.1884303338 ],
						[ 114.1153057954, 22.1880914577 ],
						[ 114.1153804976, 22.187941955 ],
						[ 114.1149202327, 22.1877233182 ],
						[ 114.1143712605, 22.1866746311 ],
						[ 114.114383906, 22.1864532565 ],
						[ 114.1142383859, 22.1864753982 ],
						[ 114.1141396508, 22.1856716155 ],
						[ 114.1139986921, 22.1852942299 ],
						[ 114.1141286146, 22.1850845771 ],
						[ 114.1137740978, 22.1840307066 ],
						[ 114.113860115, 22.1838169551 ],
						[ 114.1139930759, 22.183836865 ],
						[ 114.1139964442, 22.183305326 ],
						[ 114.1142706419, 22.183026219 ],
						[ 114.1145923778, 22.1830619775 ],
						[ 114.114657668, 22.1828122392 ],
						[ 114.1146586376, 22.1828124021 ],
						[ 114.114657668, 22.1828122392 ],
						[ 114.1147406354, 22.1824948583 ],
						[ 114.1151234668, 22.1819114733 ],
						[ 114.11519346, 22.1818582275 ],
						[ 114.1158556179, 22.1813545069 ],
						[ 114.1160968854, 22.1813991005 ],
						[ 114.1165871801, 22.1814148786 ],
						[ 114.1175237931, 22.1811540259 ],
						[ 114.1178513123, 22.1805904186 ],
						[ 114.1186883794, 22.1802468919 ],
						[ 114.1203963853, 22.1799114582 ],
						[ 114.1217399181, 22.1801217112 ],
						[ 114.1222394897, 22.1807117676 ],
						[ 114.1224162266, 22.1812649869 ],
						[ 114.1230416403, 22.1814373385 ],
						[ 114.1244981156, 22.180183668 ],
						[ 114.1247964726, 22.1797637345 ],
						[ 114.1255290005, 22.1795023009 ],
						[ 114.12533999, 22.1787833577 ],
						[ 114.1255584126, 22.1785846598 ],
						[ 114.1258541585, 22.1785576694 ],
						[ 114.1275303498, 22.1788698812 ],
						[ 114.1282160468, 22.1800406797 ],
						[ 114.128866537, 22.1804131649 ],
						[ 114.1293173602, 22.180935247 ],
						[ 114.1297441359, 22.1811479095 ],
						[ 114.1297830055, 22.1813329245 ],
						[ 114.1299779301, 22.1821326531 ],
						[ 114.1306363745, 22.1823320683 ],
						[ 114.131676695, 22.182940156 ],
						[ 114.132096492, 22.1834190637 ],
						[ 114.1324114489, 22.1834448604 ],
						[ 114.1332412762, 22.1825586448 ],
						[ 114.1332854232, 22.1816501817 ],
						[ 114.1341202869, 22.1803765257 ],
						[ 114.134178619, 22.1798027183 ],
						[ 114.1348534606, 22.179558684 ],
						[ 114.1352281652, 22.1791653646 ],
						[ 114.1360538907, 22.1787028468 ],
						[ 114.1367214876, 22.1778877254 ],
						[ 114.1371868149, 22.177729467 ],
						[ 114.1376721164, 22.1784071524 ],
						[ 114.1374294157, 22.1791154207 ],
						[ 114.1377786752, 22.1798577961 ],
						[ 114.1377734276, 22.1809875322 ],
						[ 114.1374672285, 22.181389128 ],
						[ 114.1375790192, 22.1817375792 ],
						[ 114.137322608, 22.1821098097 ],
						[ 114.1372050988, 22.1828259102 ],
						[ 114.1362389946, 22.1846058847 ],
						[ 114.1360798071, 22.1852682137 ],
						[ 114.1360788375, 22.185268069 ],
						[ 114.1360798071, 22.1852682137 ],
						[ 114.1360188967, 22.1855216462 ],
						[ 114.1355666367, 22.1864313794 ],
						[ 114.1353779748, 22.1865005251 ],
						[ 114.1349696462, 22.1866501955 ],
						[ 114.1346427866, 22.1866470498 ],
						[ 114.1346227937, 22.1866083388 ],
						[ 114.1343747053, 22.186656932 ],
						[ 114.1341163058, 22.1870052885 ],
						[ 114.1345060934, 22.1890334952 ],
						[ 114.134388754, 22.1907319655 ],
						[ 114.1346168512, 22.1911796061 ],
						[ 114.1353003889, 22.19171963 ],
						[ 114.1365282174, 22.1919168716 ],
						[ 114.1373944343, 22.1914424192 ],
						[ 114.137586389, 22.1907107322 ],
						[ 114.1374505831, 22.1898339053 ],
						[ 114.1376591452, 22.1896305924 ],
						[ 114.1382245487, 22.1895632497 ],
						[ 114.1384530121, 22.1887007418 ],
						[ 114.1401630923, 22.1881722956 ],
						[ 114.1407958216, 22.1875827927 ],
						[ 114.1412886844, 22.1871236066 ],
						[ 114.1424352357, 22.1863467936 ],
						[ 114.1430748141, 22.1859134608 ],
						[ 114.1437879394, 22.1842733985 ],
						[ 114.1445062022, 22.1838397327 ],
						[ 114.1459036214, 22.1837114693 ],
						[ 114.1462755924, 22.1836263796 ],
						[ 114.1470003816, 22.1834605739 ],
						[ 114.1481376398, 22.1827832104 ],
						[ 114.1481402766, 22.1819743541 ],
						[ 114.147902294, 22.181554283 ],
						[ 114.1480433248, 22.1812426027 ],
						[ 114.1486106556, 22.1811885355 ],
						[ 114.1494061626, 22.1813351139 ],
						[ 114.1496343014, 22.1816854096 ],
						[ 114.149626797, 22.1822863142 ],
						[ 114.148896752, 22.1825983475 ],
						[ 114.1489918235, 22.1828604811 ],
						[ 114.1488749724, 22.1830454649 ],
						[ 114.1491958673, 22.183262095 ],
						[ 114.1489280929, 22.1836215813 ],
						[ 114.1482803711, 22.1838496219 ],
						[ 114.1477858779, 22.1843870895 ],
						[ 114.1474649931, 22.1844003433 ],
						[ 114.147488053, 22.1845343004 ],
						[ 114.1475723128, 22.1850237638 ],
						[ 114.14711573, 22.1857783622 ],
						[ 114.1469602991, 22.1865192519 ],
						[ 114.1470671382, 22.1871201769 ],
						[ 114.1469793351, 22.1872487495 ],
						[ 114.1465136908, 22.1879306199 ],
						[ 114.1462032718, 22.1883851692 ],
						[ 114.1458342882, 22.1896911157 ],
						[ 114.1451748005, 22.1900912402 ],
						[ 114.1442090329, 22.1900433493 ],
						[ 114.1433320648, 22.1902699422 ],
						[ 114.1430105809, 22.1906619091 ],
						[ 114.1430538847, 22.1909603116 ],
						[ 114.1435634728, 22.1913942169 ],
						[ 114.143585108, 22.1916379789 ],
						[ 114.1439074415, 22.1918056006 ],
						[ 114.1440675522, 22.1922210828 ],
						[ 114.1438297064, 22.1932695119 ],
						[ 114.14274749, 22.1941952011 ],
						[ 114.1424683438, 22.1947873236 ],
						[ 114.141878701, 22.1951140474 ],
						[ 114.1416750253, 22.1954693087 ],
						[ 114.1409154966, 22.1950761978 ],
						[ 114.1403455916, 22.19533314 ],
						[ 114.1398353379, 22.1961282709 ],
						[ 114.1397853755, 22.1962061316 ],
						[ 114.139659643, 22.1965924827 ],
						[ 114.1393842811, 22.1974386079 ],
						[ 114.1395635637, 22.1980124614 ],
						[ 114.1403007483, 22.1990923241 ],
						[ 114.141525168, 22.1994387237 ],
						[ 114.1415454272, 22.1992417951 ],
						[ 114.1413147447, 22.1991402938 ],
						[ 114.1414148493, 22.1990039787 ],
						[ 114.1428019894, 22.1991856024 ],
						[ 114.1431318685, 22.1988087826 ],
						[ 114.143275284, 22.198944237 ],
						[ 114.1431534416, 22.1993142097 ],
						[ 114.1432504887, 22.1995901185 ],
						[ 114.1443230553, 22.2000549037 ],
						[ 114.1445556788, 22.2002931985 ],
						[ 114.1447592751, 22.2002863483 ],
						[ 114.1454557472, 22.1998130391 ],
						[ 114.1455703237, 22.1997351802 ],
						[ 114.1459676154, 22.1998890402 ],
						[ 114.1460597539, 22.2000653374 ],
						[ 114.1469017085, 22.2001738269 ],
						[ 114.1465791112, 22.2011318188 ],
						[ 114.1466175051, 22.2014026664 ],
						[ 114.1468166253, 22.2015652111 ],
						[ 114.1467287569, 22.202139007 ],
						[ 114.1471146201, 22.2027670653 ],
						[ 114.1474566981, 22.202939271 ],
						[ 114.1479707089, 22.20374363 ],
						[ 114.1481373275, 22.2037565102 ],
						[ 114.1483444262, 22.2035265611 ],
						[ 114.1487062401, 22.2036643425 ],
						[ 114.1488200802, 22.2036391484 ],
						[ 114.1491331739, 22.203569846 ],
						[ 114.1495620162, 22.2037842986 ],
						[ 114.1494702837, 22.2039803041 ],
						[ 114.1499598243, 22.2039064782 ],
						[ 114.1500332076, 22.2042723519 ],
						[ 114.1493995624, 22.2051458331 ],
						[ 114.1495887787, 22.2056145593 ],
						[ 114.1499111462, 22.2058087914 ],
						[ 114.1500421812, 22.2056883884 ],
						[ 114.1500418223, 22.2056889572 ],
						[ 114.1500421812, 22.2056883884 ],
						[ 114.1502558001, 22.2054920955 ],
						[ 114.1506536295, 22.2055284273 ],
						[ 114.1513279128, 22.2061611091 ],
						[ 114.1513451205, 22.2064117594 ],
						[ 114.1515536341, 22.2065049799 ],
						[ 114.1523858046, 22.2064596553 ],
						[ 114.1526738576, 22.2061904655 ],
						[ 114.1530203694, 22.2058666569 ],
						[ 114.1531710199, 22.205580107 ],
						[ 114.1535993067, 22.2047654713 ],
						[ 114.1540262997, 22.2043046397 ],
						[ 114.15422055, 22.2041917376 ],
						[ 114.1542979252, 22.2043473657 ],
						[ 114.1544921578, 22.2043455593 ],
						[ 114.155768087, 22.2036493432 ],
						[ 114.1560347551, 22.2038302448 ],
						[ 114.1569713873, 22.2039754222 ],
						[ 114.1575757335, 22.2042959138 ],
						[ 114.1579759801, 22.2046664188 ],
						[ 114.1579320456, 22.2050460472 ],
						[ 114.1576263466, 22.2054435528 ],
						[ 114.157647277, 22.2055015054 ],
						[ 114.1578248706, 22.2059933121 ],
						[ 114.1579151269, 22.2062432658 ],
						[ 114.1584751541, 22.2062685708 ],
						[ 114.1585579397, 22.2065532013 ],
						[ 114.1594408465, 22.2067653753 ],
						[ 114.160144278, 22.2072465424 ],
						[ 114.1600421069, 22.2082270692 ],
						[ 114.1602609822, 22.2083583801 ],
						[ 114.1602609394, 22.20872379 ],
						[ 114.1602394162, 22.2087457776 ],
						[ 114.1597780286, 22.2092171153 ],
						[ 114.1595617957, 22.2094380019 ],
						[ 114.159423709, 22.2097611604 ],
						[ 114.1585978947, 22.2101700892 ],
						[ 114.1568832899, 22.2099527537 ],
						[ 114.1559747157, 22.2097997769 ],
						[ 114.1551805751, 22.2093291459 ],
						[ 114.1539332861, 22.209446492 ],
						[ 114.1528511808, 22.2093196353 ],
						[ 114.1522446924, 22.2099337599 ],
						[ 114.1521752952, 22.2104617031 ],
						[ 114.1521543575, 22.2106209475 ],
						[ 114.1523509138, 22.2114748221 ],
						[ 114.1521447818, 22.2118048455 ],
						[ 114.1518243068, 22.2119471026 ],
						[ 114.1504049393, 22.2120125227 ],
						[ 114.1501890254, 22.2119330714 ],
						[ 114.1499007068, 22.2114744353 ],
						[ 114.149153404, 22.210990923 ],
						[ 114.1478528552, 22.2110857179 ],
						[ 114.1472608129, 22.2108413938 ],
						[ 114.1470307257, 22.2101996023 ],
						[ 114.1467320212, 22.2099374218 ],
						[ 114.1467489223, 22.2099068108 ],
						[ 114.1467498922, 22.2099069103 ],
						[ 114.1467489223, 22.2099068108 ],
						[ 114.1469263357, 22.2095853681 ],
						[ 114.1468825081, 22.2093595018 ],
						[ 114.1464556136, 22.2091831432 ],
						[ 114.1460311214, 22.209291405 ],
						[ 114.1459326757, 22.2091909467 ],
						[ 114.145752152, 22.2090067399 ],
						[ 114.1457381597, 22.2085995423 ],
						[ 114.145738478, 22.2085192683 ],
						[ 114.1459440479, 22.2084554512 ],
						[ 114.1458114904, 22.2081946821 ],
						[ 114.1452816077, 22.2078319248 ],
						[ 114.1447743188, 22.2077944205 ],
						[ 114.1443397174, 22.2077622844 ],
						[ 114.1443400764, 22.2077613814 ],
						[ 114.1443397174, 22.2077622844 ],
						[ 114.1438746447, 22.2077279013 ],
						[ 114.1432682305, 22.2078944122 ],
						[ 114.1429624656, 22.2083690123 ],
						[ 114.1422687462, 22.2087214167 ],
						[ 114.1415158966, 22.2089021313 ],
						[ 114.1410796106, 22.2088478609 ],
						[ 114.1408537791, 22.2090217969 ],
						[ 114.1404051785, 22.2089583467 ],
						[ 114.1398495145, 22.2091680049 ],
						[ 114.1388424192, 22.2088698498 ],
						[ 114.1368822957, 22.2088014426 ],
						[ 114.1362562635, 22.2085795656 ],
						[ 114.1356454609, 22.2085527807 ],
						[ 114.1357377389, 22.2082250432 ],
						[ 114.135393229, 22.2079178483 ],
						[ 114.1349559897, 22.2077933293 ],
						[ 114.1343160594, 22.2078881937 ],
						[ 114.1337103724, 22.2072540782 ],
						[ 114.1328891082, 22.207092272 ],
						[ 114.1327319382, 22.2068144988 ],
						[ 114.132311948, 22.206690447 ],
						[ 114.1315347059, 22.2060842805 ],
						[ 114.1313629731, 22.2055653817 ],
						[ 114.1313219433, 22.205496195 ],
						[ 114.1307504821, 22.2042473838 ],
						[ 114.1308389176, 22.2036543073 ],
						[ 114.130743214, 22.2033690178 ],
						[ 114.1302306084, 22.2018409551 ],
						[ 114.1301814498, 22.2016944176 ],
						[ 114.1304325475, 22.2015443987 ],
						[ 114.1304076822, 22.2014264865 ],
						[ 114.1299582658, 22.201307369 ],
						[ 114.1299487085, 22.2017896158 ],
						[ 114.1299450333, 22.2017889465 ],
						[ 114.1299487085, 22.2017896158 ],
						[ 114.1299407097, 22.2021928804 ],
						[ 114.1297251274, 22.2026817144 ],
						[ 114.1293001045, 22.2029175456 ],
						[ 114.1292481457, 22.2031394694 ],
						[ 114.1291129939, 22.2037167006 ],
						[ 114.1274804479, 22.2046196382 ],
						[ 114.1273541252, 22.2049675625 ],
						[ 114.1274022811, 22.2053967891 ],
						[ 114.1268437308, 22.2054168203 ],
						[ 114.1265723667, 22.2060470176 ],
						[ 114.1266378395, 22.2063183386 ],
						[ 114.1269167842, 22.2065484096 ],
						[ 114.1266439192, 22.20675773 ],
						[ 114.1265573003, 22.2068241874 ],
						[ 114.1265084055, 22.2070862979 ],
						[ 114.1270932363, 22.2080532428 ],
						[ 114.1269240074, 22.2084470566 ],
						[ 114.1270223719, 22.2090948147 ],
						[ 114.1268187429, 22.2091558089 ],
						[ 114.1268113025, 22.2092976521 ],
						[ 114.1271698562, 22.2098630213 ],
						[ 114.127217798, 22.2099386139 ],
						[ 114.1278512384, 22.2100847872 ],
						[ 114.1281480852, 22.2099242018 ],
						[ 114.1281266489, 22.2097353542 ],
						[ 114.1282161777, 22.2097272894 ],
						[ 114.1292593803, 22.2096601201 ],
						[ 114.1295522484, 22.2098753983 ],
						[ 114.1295698855, 22.2098883625 ],
						[ 114.1296639046, 22.2103446846 ],
						[ 114.1307142698, 22.2109862835 ],
						[ 114.1308069293, 22.2110455331 ],
						[ 114.1312887327, 22.2112211083 ],
						[ 114.1316140166, 22.2115369126 ],
						[ 114.1316839076, 22.2115868719 ],
						[ 114.132960434, 22.2123498373 ],
						[ 114.133044792, 22.2124133098 ],
						[ 114.1343278644, 22.2131630453 ],
						[ 114.1343894012, 22.2131990036 ],
						[ 114.1347167676, 22.2131720055 ],
						[ 114.1346407144, 22.2135819259 ],
						[ 114.1351803324, 22.2143596992 ],
						[ 114.1364116127, 22.215280871 ],
						[ 114.1365125303, 22.2157840148 ],
						[ 114.1370842, 22.2166044868 ],
						[ 114.1367391365, 22.2181633458 ],
						[ 114.1368213022, 22.2187592209 ],
						[ 114.1363093403, 22.2194642026 ],
						[ 114.1358770921, 22.2206975709 ],
						[ 114.134670971, 22.2212214952 ],
						[ 114.1343796421, 22.2210405526 ],
						[ 114.1339658058, 22.2215874427 ],
						[ 114.1337251983, 22.2216154014 ],
						[ 114.1334636306, 22.2209182069 ],
						[ 114.1327300667, 22.2206875643 ],
						[ 114.132186403, 22.2201865914 ],
						[ 114.1318577783, 22.2194836865 ],
						[ 114.1320172334, 22.2188350912 ],
						[ 114.1313191493, 22.2187031486 ],
						[ 114.1310880437, 22.2183358412 ],
						[ 114.1302426706, 22.2178324737 ],
						[ 114.130099543, 22.2178910239 ],
						[ 114.129858064, 22.2179898226 ],
						[ 114.129843429, 22.218016775 ],
						[ 114.1293528903, 22.2189201726 ],
						[ 114.1287513336, 22.219127955 ],
						[ 114.1272858273, 22.2197600891 ],
						[ 114.1270766728, 22.22007172 ],
						[ 114.1269842792, 22.2206478053 ],
						[ 114.1267636375, 22.2213459552 ],
						[ 114.1258384341, 22.2221136658 ],
						[ 114.1253147767, 22.2222581004 ],
						[ 114.1251661969, 22.2227258254 ],
						[ 114.1252167634, 22.2233244504 ],
						[ 114.125461663, 22.2236945246 ],
						[ 114.1259640624, 22.2237447215 ],
						[ 114.1265173367, 22.2235190358 ],
						[ 114.1265420311, 22.2233836281 ],
						[ 114.1266001717, 22.22351218 ],
						[ 114.1267016749, 22.223677464 ],
						[ 114.1261889415, 22.2238278741 ],
						[ 114.125488414, 22.2247067477 ],
						[ 114.1255123877, 22.2252222726 ],
						[ 114.1258952495, 22.2258820491 ],
						[ 114.1258349543, 22.2262657986 ],
						[ 114.1249972115, 22.2264060063 ],
						[ 114.1245458902, 22.2268800637 ],
						[ 114.1239541965, 22.226956534 ],
						[ 114.1235315697, 22.2271776572 ],
						[ 114.1231532112, 22.227652195 ],
						[ 114.122660567, 22.2278531001 ],
						[ 114.1221287741, 22.2285777617 ],
						[ 114.1202991171, 22.2295755784 ],
						[ 114.1201039809, 22.2305064663 ],
						[ 114.1203851521, 22.2314462434 ],
						[ 114.1203507061, 22.2324914974 ],
						[ 114.1205097139, 22.2331323882 ],
						[ 114.121068547, 22.2339276604 ],
						[ 114.1218016753, 22.2341340265 ],
						[ 114.1221360161, 22.234063447 ],
						[ 114.1221653842, 22.2346234949 ],
						[ 114.1227275557, 22.2357575485 ],
						[ 114.1229652485, 22.2369782417 ],
						[ 114.1222654412, 22.2385318997 ],
						[ 114.1216124404, 22.238903057 ],
						[ 114.1212362067, 22.2389111919 ],
						[ 114.1212025566, 22.239204515 ],
						[ 114.1202198011, 22.239240443 ],
						[ 114.119562137, 22.2389151986 ],
						[ 114.118952111, 22.239094937 ],
						[ 114.1187995543, 22.2395378645 ],
						[ 114.1189694281, 22.2401301028 ],
						[ 114.1182123265, 22.2406132168 ],
						[ 114.1182752522, 22.2410608089 ],
						[ 114.1181440533, 22.2411511948 ],
						[ 114.1176466727, 22.2407667863 ],
						[ 114.1175330521, 22.2400708228 ],
						[ 114.1170232691, 22.2398943663 ],
						[ 114.1174170298, 22.2392527544 ],
						[ 114.1172761919, 22.2388101725 ],
						[ 114.1168882511, 22.2385189892 ],
						[ 114.1160724112, 22.2382685005 ],
						[ 114.1147406441, 22.2381005055 ],
						[ 114.1145493733, 22.2378790542 ],
						[ 114.1135423025, 22.2380106759 ],
						[ 114.1129747629, 22.2373924665 ],
						[ 114.1125149865, 22.2371189176 ],
						[ 114.1123181331, 22.2371095741 ],
						[ 114.1118574669, 22.237087699 ],
						[ 114.1098443153, 22.2365833767 ],
						[ 114.1098200451, 22.2361756585 ],
						[ 114.1090824106, 22.2357325966 ],
						[ 114.108893789, 22.2352523836 ],
						[ 114.1083322779, 22.2352083403 ],
						[ 114.1081037893, 22.2354500675 ],
						[ 114.1071897119, 22.2353147513 ],
						[ 114.1072733639, 22.2348866333 ],
						[ 114.1070852434, 22.2346826941 ],
						[ 114.1065908825, 22.2346129722 ],
						[ 114.1057666946, 22.234166941 ],
						[ 114.105733267, 22.233265059 ],
						[ 114.1061808408, 22.2327903755 ],
						[ 114.1070494487, 22.2322159834 ],
						[ 114.1072036936, 22.2324199082 ],
						[ 114.1074609281, 22.2324176792 ],
						[ 114.1076361912, 22.2319545519 ],
						[ 114.1078520961, 22.2318080394 ],
						[ 114.1082504576, 22.2318771301 ],
						[ 114.1086426675, 22.2316903778 ],
						[ 114.109105687, 22.2316823985 ],
						[ 114.1090938365, 22.2315351933 ],
						[ 114.1094797601, 22.2313864104 ],
						[ 114.10979718, 22.2314665625 ],
						[ 114.1099885911, 22.231357993 ],
						[ 114.1103164032, 22.2306910757 ],
						[ 114.1102277703, 22.2297167455 ],
						[ 114.1097875855, 22.2295926185 ],
						[ 114.1098076232, 22.2292907579 ],
						[ 114.109113207, 22.2290918674 ],
						[ 114.1089624017, 22.2282728835 ],
						[ 114.1087924523, 22.228134968 ],
						[ 114.1083199993, 22.2281978491 ],
						[ 114.1082303808, 22.2280050603 ],
						[ 114.1084684131, 22.2274794569 ],
						[ 114.1089101186, 22.2274107197 ],
						[ 114.1090305672, 22.2274335453 ],
						[ 114.1090052364, 22.2279078357 ],
						[ 114.109274341, 22.2279943984 ],
						[ 114.1093210912, 22.2273302828 ],
						[ 114.1095163229, 22.2270704332 ],
						[ 114.1098578192, 22.2270446471 ],
						[ 114.1101609591, 22.2268425473 ],
						[ 114.1111557381, 22.2269057965 ],
						[ 114.1113339778, 22.2267592641 ],
						[ 114.1114366139, 22.2259538127 ],
						[ 114.1113777194, 22.2257844003 ],
						[ 114.1112378573, 22.2258158069 ],
						[ 114.111097072, 22.2248935175 ],
						[ 114.1104739839, 22.2251315846 ],
						[ 114.1106836455, 22.2248670616 ],
						[ 114.1104184759, 22.2244475681 ],
						[ 114.1094303002, 22.2246083778 ],
						[ 114.1088682768, 22.224406624 ],
						[ 114.1086400571, 22.224110385 ],
						[ 114.1075841724, 22.2241876211 ],
						[ 114.1061074656, 22.2227226225 ],
						[ 114.1053903127, 22.2216627375 ],
						[ 114.1049983672, 22.2213576525 ],
						[ 114.1049055613, 22.2212892762 ],
						[ 114.1044681026, 22.220449128 ],
						[ 114.1046164385, 22.2198861118 ],
						[ 114.1044930769, 22.2194485557 ],
						[ 114.1040175063, 22.2195347945 ],
						[ 114.1036259735, 22.2197786555 ],
						[ 114.1030238349, 22.2194624986 ],
						[ 114.1029527103, 22.2187241525 ],
						[ 114.1030396045, 22.2181108809 ],
						[ 114.1030365557, 22.2180801661 ],
						[ 114.1029410016, 22.2171166733 ],
						[ 114.1031735016, 22.2163778776 ],
						[ 114.1097028669, 22.2163667943 ],
						[ 114.109822372, 22.2142720993 ],
						[ 114.1103131711, 22.21380833 ],
						[ 114.111153482, 22.2137094147 ],
						[ 114.1123652412, 22.2140139901 ],
						[ 114.1132681437, 22.2146983219 ],
						[ 114.1133038473, 22.219970343 ],
						[ 114.113865898, 22.2200856306 ],
						[ 114.1145513584, 22.2206028297 ]
					]
				]
			},
			"properties" : {
				"TYPE" : null
			}
		},
		{
			"type" : "Feature",
			"geometry" : {
				"type" : "Polygon",
				"coordinates" : [
					[
						[ 114.1543101402, 22.2359164684 ],
						[ 114.154556461, 22.2357107742 ],
						[ 114.154756447, 22.2355437789 ],
						[ 114.1547717274, 22.2355269117 ],
						[ 114.1549793565, 22.2352977589 ],
						[ 114.1551388671, 22.2352906641 ],
						[ 114.1563171054, 22.2352382583 ],
						[ 114.15681665, 22.2348573068 ],
						[ 114.1581322366, 22.2345228132 ],
						[ 114.1586713221, 22.2341327214 ],
						[ 114.1594177653, 22.2339583211 ],
						[ 114.1598304199, 22.2344105313 ],
						[ 114.1600808011, 22.2352914828 ],
						[ 114.1603883847, 22.2361972198 ],
						[ 114.1631062634, 22.2363898164 ],
						[ 114.1630312939, 22.2365500234 ],
						[ 114.1604199077, 22.2364708167 ],
						[ 114.1604804929, 22.2369950631 ],
						[ 114.1605967996, 22.2375822047 ],
						[ 114.1605918443, 22.2378213729 ],
						[ 114.1606430385, 22.2385333662 ],
						[ 114.1606696716, 22.2385703404 ],
						[ 114.1611321827, 22.2392123589 ],
						[ 114.1605505566, 22.2408713103 ],
						[ 114.1590340919, 22.2422313254 ],
						[ 114.1598583778, 22.2438192688 ],
						[ 114.1598170451, 22.2439615157 ],
						[ 114.1598165117, 22.2439606125 ],
						[ 114.1598170451, 22.2439615157 ],
						[ 114.1594849346, 22.2451045747 ],
						[ 114.1586884984, 22.2455341673 ],
						[ 114.1574773624, 22.2457580426 ],
						[ 114.1574167122, 22.2457598686 ],
						[ 114.1571892084, 22.2456797934 ],
						[ 114.1555118892, 22.2450894185 ],
						[ 114.1551820087, 22.2449856305 ],
						[ 114.1541021345, 22.2446049214 ],
						[ 114.1540025317, 22.2445732368 ],
						[ 114.1538491651, 22.24461407 ],
						[ 114.1525773466, 22.2450302446 ],
						[ 114.1523647637, 22.2453028941 ],
						[ 114.150815813, 22.245700193 ],
						[ 114.1501343274, 22.2456413199 ],
						[ 114.1499739617, 22.2456441201 ],
						[ 114.1497699127, 22.2456476895 ],
						[ 114.1494134083, 22.245532868 ],
						[ 114.1493695225, 22.245528264 ],
						[ 114.1488458244, 22.2455598543 ],
						[ 114.1483502104, 22.2456864686 ],
						[ 114.1471594675, 22.2449880309 ],
						[ 114.1451816085, 22.2448361774 ],
						[ 114.1447640094, 22.2445289894 ],
						[ 114.1445180066, 22.2442760005 ],
						[ 114.1441990674, 22.243801736 ],
						[ 114.1441625973, 22.2436975237 ],
						[ 114.144264696, 22.2436204222 ],
						[ 114.1443712216, 22.243570865 ],
						[ 114.1445748815, 22.2435167396 ],
						[ 114.1447075278, 22.2435231957 ],
						[ 114.1449562281, 22.2435547617 ],
						[ 114.1450334728, 22.2435645661 ],
						[ 114.1454124843, 22.2432867116 ],
						[ 114.1461402609, 22.2427531556 ],
						[ 114.1462590282, 22.2427444814 ],
						[ 114.1463899783, 22.2426514268 ],
						[ 114.1466032704, 22.2424998685 ],
						[ 114.1467546858, 22.2423741173 ],
						[ 114.1467556886, 22.2423116884 ],
						[ 114.1471349486, 22.2420188842 ],
						[ 114.1472508481, 22.2419436165 ],
						[ 114.1473115262, 22.2418013221 ],
						[ 114.1477351821, 22.2414208456 ],
						[ 114.1479215811, 22.2406531085 ],
						[ 114.1480312992, 22.2402011965 ],
						[ 114.1483874406, 22.2398309561 ],
						[ 114.1486966299, 22.2395095176 ],
						[ 114.1518659061, 22.2387356178 ],
						[ 114.1534875828, 22.236614 ],
						[ 114.1539022059, 22.2368808886 ],
						[ 114.1543101402, 22.2359164684 ]
					]
				]
			},
			"properties" : {
				"TYPE" : null
			}
		},
		{
			"type" : "Feature",
			"geometry" : {
				"type" : "Polygon",
				"coordinates" : [
					[
						[ 114.0452138146, 22.2422471489 ],
						[ 114.0462655083, 22.2434927291 ],
						[ 114.0461321188, 22.244564462 ],
						[ 114.0462673339, 22.2449039428 ],
						[ 114.0466072557, 22.2450765205 ],
						[ 114.0469336628, 22.2456093376 ],
						[ 114.047023261, 22.2457555885 ],
						[ 114.0472515479, 22.2458649964 ],
						[ 114.0471864074, 22.2464227682 ],
						[ 114.0468711868, 22.246705727 ],
						[ 114.0468352279, 22.2470289326 ],
						[ 114.0466009849, 22.2469909157 ],
						[ 114.0463629224, 22.247652094 ],
						[ 114.0458589509, 22.2481682604 ],
						[ 114.0455724738, 22.2489966642 ],
						[ 114.0439294001, 22.2502406382 ],
						[ 114.043984077, 22.2515149622 ],
						[ 114.0444586965, 22.2518404258 ],
						[ 114.0448559424, 22.2534373588 ],
						[ 114.0449350022, 22.2537551754 ],
						[ 114.0451946404, 22.2538079895 ],
						[ 114.045303053, 22.253985394 ],
						[ 114.0453359439, 22.2561639833 ],
						[ 114.0448194745, 22.2571115837 ],
						[ 114.0438104998, 22.2571456373 ],
						[ 114.0431343083, 22.2577851745 ],
						[ 114.0421343381, 22.2583600162 ],
						[ 114.0417152396, 22.2583833105 ],
						[ 114.0401840751, 22.2580209037 ],
						[ 114.0398909138, 22.2578262091 ],
						[ 114.0389100279, 22.2577030324 ],
						[ 114.0379954639, 22.2579345308 ],
						[ 114.0373497948, 22.258484233 ],
						[ 114.0368286111, 22.2583732588 ],
						[ 114.0365439878, 22.2585325938 ],
						[ 114.0350092977, 22.2585229896 ],
						[ 114.0328368435, 22.2587799514 ],
						[ 114.0323881471, 22.2585620502 ],
						[ 114.0319665046, 22.2579818715 ],
						[ 114.0310008497, 22.2578651628 ],
						[ 114.0299228556, 22.2583204739 ],
						[ 114.0298158507, 22.2586407211 ],
						[ 114.0286785135, 22.2587614392 ],
						[ 114.0281033797, 22.2586273416 ],
						[ 114.0280628777, 22.2584960894 ],
						[ 114.0283100611, 22.2583190079 ],
						[ 114.0282196464, 22.257955442 ],
						[ 114.0281955203, 22.2573561014 ],
						[ 114.0284488936, 22.2573332868 ],
						[ 114.0284331316, 22.2572197934 ],
						[ 114.0278495766, 22.2566518642 ],
						[ 114.027151796, 22.2564344154 ],
						[ 114.0267337701, 22.2562465628 ],
						[ 114.0267308453, 22.2560142829 ],
						[ 114.0272285517, 22.2554969971 ],
						[ 114.0272449279, 22.2550312748 ],
						[ 114.0277517098, 22.254339641 ],
						[ 114.0285329948, 22.2540377389 ],
						[ 114.0295518184, 22.2542803976 ],
						[ 114.0300288411, 22.2541106106 ],
						[ 114.032406882, 22.2545412453 ],
						[ 114.0326450497, 22.2544782151 ],
						[ 114.0329890279, 22.2540098294 ],
						[ 114.0329522186, 22.2533756107 ],
						[ 114.0333007645, 22.2534001571 ],
						[ 114.0340243036, 22.2530656762 ],
						[ 114.0340715647, 22.252792062 ],
						[ 114.0338437582, 22.2526577024 ],
						[ 114.0338872303, 22.2523610387 ],
						[ 114.0343719897, 22.2516953818 ],
						[ 114.0345853547, 22.2514023977 ],
						[ 114.0353303432, 22.2499248659 ],
						[ 114.035021498, 22.2495676061 ],
						[ 114.0357281235, 22.2496013184 ],
						[ 114.0355989737, 22.2498612619 ],
						[ 114.035936225, 22.250394083 ],
						[ 114.0368301508, 22.2504326848 ],
						[ 114.0376738462, 22.2499097489 ],
						[ 114.0387934902, 22.2496275926 ],
						[ 114.0390063347, 22.2488227808 ],
						[ 114.0385033669, 22.2482951531 ],
						[ 114.0383568856, 22.2481129884 ],
						[ 114.0384953966, 22.2473624874 ],
						[ 114.0392526233, 22.2466994581 ],
						[ 114.0399517578, 22.2458128766 ],
						[ 114.040107701, 22.2441716586 ],
						[ 114.0404487871, 22.2431316493 ],
						[ 114.0406778313, 22.2431102308 ],
						[ 114.0409153457, 22.2427552898 ],
						[ 114.0423734408, 22.2421875795 ],
						[ 114.0423987207, 22.2421468541 ],
						[ 114.0428177212, 22.2414718329 ],
						[ 114.0431026055, 22.2414434492 ],
						[ 114.0434329593, 22.2411043483 ],
						[ 114.0436707335, 22.2411308314 ],
						[ 114.0437982318, 22.2409930827 ],
						[ 114.043892779, 22.2412028611 ],
						[ 114.0449712424, 22.2413123781 ],
						[ 114.0452138146, 22.2422471489 ]
					]
				]
			},
			"properties" : {
				"TYPE" : null
			}
		},
		{
			"type" : "Feature",
			"geometry" : {
				"type" : "Polygon",
				"coordinates" : [
					[
						[ 114.054317484, 22.2595919199 ],
						[ 114.054618029, 22.2600815259 ],
						[ 114.0549023419, 22.2602608262 ],
						[ 114.0552152888, 22.2610991497 ],
						[ 114.0553744165, 22.2613841494 ],
						[ 114.0550674969, 22.2616516602 ],
						[ 114.0551118005, 22.261814814 ],
						[ 114.0561457748, 22.2622836886 ],
						[ 114.056441279, 22.2627484622 ],
						[ 114.0563978282, 22.2630605019 ],
						[ 114.0559563671, 22.2632386647 ],
						[ 114.0558244977, 22.2637338521 ],
						[ 114.055350063, 22.2638593942 ],
						[ 114.0551213304, 22.2647516851 ],
						[ 114.0548367091, 22.2649175541 ],
						[ 114.0535622754, 22.2649313662 ],
						[ 114.0522380197, 22.2645627368 ],
						[ 114.0519619277, 22.2644177185 ],
						[ 114.0517653801, 22.2640806793 ],
						[ 114.0512828934, 22.2639715512 ],
						[ 114.0505314242, 22.2642859936 ],
						[ 114.050040759, 22.2640905677 ],
						[ 114.0493069052, 22.2631738891 ],
						[ 114.0484049671, 22.2627748191 ],
						[ 114.0470736307, 22.2618517419 ],
						[ 114.047005932, 22.2615869004 ],
						[ 114.047179977, 22.2615220278 ],
						[ 114.04764427, 22.2606908109 ],
						[ 114.0476204642, 22.2603391207 ],
						[ 114.04749451, 22.2599004744 ],
						[ 114.0468045438, 22.2596380983 ],
						[ 114.0467110133, 22.2591604649 ],
						[ 114.046989328, 22.2589402314 ],
						[ 114.047177828, 22.2583351572 ],
						[ 114.0481513623, 22.2581822656 ],
						[ 114.0486156685, 22.2580106349 ],
						[ 114.048622416, 22.257984072 ],
						[ 114.0487877239, 22.257332849 ],
						[ 114.049181498, 22.2572226417 ],
						[ 114.049381412, 22.2573279966 ],
						[ 114.0506961979, 22.2572776742 ],
						[ 114.0507281951, 22.2572764528 ],
						[ 114.0516277643, 22.258169015 ],
						[ 114.052064338, 22.2584908779 ],
						[ 114.0521205928, 22.2587710698 ],
						[ 114.0528010588, 22.259020421 ],
						[ 114.0529922745, 22.2589065008 ],
						[ 114.0535014929, 22.2589382063 ],
						[ 114.054317484, 22.2595919199 ]
					]
				]
			},
			"properties" : {
				"TYPE" : null
			}
		},
		{
			"type" : "Feature",
			"geometry" : {
				"type" : "Polygon",
				"coordinates" : [
					[
						[ 114.0285884106, 22.2077067395 ],
						[ 114.0282318911, 22.2075522876 ],
						[ 114.0280365581, 22.2071115196 ],
						[ 114.0279067627, 22.2071615754 ],
						[ 114.0277490757, 22.2068070756 ],
						[ 114.0278800257, 22.2067562533 ],
						[ 114.0276624142, 22.206255022 ],
						[ 114.027426945, 22.2057126301 ],
						[ 114.025730569, 22.205452037 ],
						[ 114.0233524477, 22.2053934791 ],
						[ 114.022562175, 22.2047233408 ],
						[ 114.0212360086, 22.2014130954 ],
						[ 114.0211455618, 22.2003797161 ],
						[ 114.0206563017, 22.2003792476 ],
						[ 114.0201235466, 22.2005802559 ],
						[ 114.0199224045, 22.2012007693 ],
						[ 114.0196488812, 22.2015552675 ],
						[ 114.0188834408, 22.2017209988 ],
						[ 114.0185906786, 22.2015688452 ],
						[ 114.0184513668, 22.2016230295 ],
						[ 114.0182603966, 22.2013126842 ],
						[ 114.0179937872, 22.2013707808 ],
						[ 114.0180010513, 22.2012496229 ],
						[ 114.0172482007, 22.2011387936 ],
						[ 114.0171505298, 22.2009798208 ],
						[ 114.0171734473, 22.2001206173 ],
						[ 114.0177619619, 22.1999926863 ],
						[ 114.0181226769, 22.199389652 ],
						[ 114.0180841616, 22.1990584225 ],
						[ 114.0187417958, 22.1988090653 ],
						[ 114.0186680793, 22.1985449721 ],
						[ 114.0181210506, 22.1986104453 ],
						[ 114.0180137211, 22.1981156026 ],
						[ 114.0181746131, 22.1978313013 ],
						[ 114.0192459934, 22.1972201862 ],
						[ 114.02029279, 22.1972836973 ],
						[ 114.0206781083, 22.1976812647 ],
						[ 114.02186367, 22.1976134748 ],
						[ 114.022036406, 22.1973893344 ],
						[ 114.0220059986, 22.1970937486 ],
						[ 114.0209760571, 22.1965378565 ],
						[ 114.0210781149, 22.1961319968 ],
						[ 114.0213466353, 22.1960720908 ],
						[ 114.0215100363, 22.1957819456 ],
						[ 114.0216538683, 22.1959851291 ],
						[ 114.0221369376, 22.1960903719 ],
						[ 114.0222720683, 22.1964123456 ],
						[ 114.0228525866, 22.1966891809 ],
						[ 114.0238405197, 22.1966609067 ],
						[ 114.0244630749, 22.1969342628 ],
						[ 114.0255987904, 22.1977203697 ],
						[ 114.0255172983, 22.1982576752 ],
						[ 114.0262214069, 22.1985258535 ],
						[ 114.0265553246, 22.198316469 ],
						[ 114.0266962674, 22.1984918308 ],
						[ 114.0266038302, 22.1987101984 ],
						[ 114.0263890127, 22.1989973842 ],
						[ 114.0261550132, 22.19902929 ],
						[ 114.0267141032, 22.199420583 ],
						[ 114.0271468972, 22.1994238983 ],
						[ 114.0273440702, 22.1992225593 ],
						[ 114.0280045437, 22.1992459487 ],
						[ 114.028516728, 22.1995116027 ],
						[ 114.0284391326, 22.1999309179 ],
						[ 114.0280559042, 22.2005053364 ],
						[ 114.0282256563, 22.2007239531 ],
						[ 114.0286453823, 22.2006437276 ],
						[ 114.0292441439, 22.2008919294 ],
						[ 114.0295888636, 22.2017543937 ],
						[ 114.0298973402, 22.2018866831 ],
						[ 114.0299922137, 22.2023441196 ],
						[ 114.0304093597, 22.2023240588 ],
						[ 114.0305876891, 22.2027500347 ],
						[ 114.0307983167, 22.2022730053 ],
						[ 114.0321748991, 22.2019150018 ],
						[ 114.0325391004, 22.2021536452 ],
						[ 114.0322858124, 22.2026358948 ],
						[ 114.0324459643, 22.2030618526 ],
						[ 114.032906845, 22.2032176339 ],
						[ 114.0332362747, 22.2031028555 ],
						[ 114.0338205583, 22.203425802 ],
						[ 114.0340681504, 22.2029908568 ],
						[ 114.0339649549, 22.2026841017 ],
						[ 114.0341937122, 22.2022584865 ],
						[ 114.0348795785, 22.2019944862 ],
						[ 114.0350836533, 22.2017791282 ],
						[ 114.0349974566, 22.2014145649 ],
						[ 114.0352912098, 22.2012243991 ],
						[ 114.0353406163, 22.2007443065 ],
						[ 114.0356866885, 22.2002907506 ],
						[ 114.0358712399, 22.2001513138 ],
						[ 114.036319716, 22.2001563703 ],
						[ 114.036757645, 22.200685369 ],
						[ 114.0367178427, 22.2009715449 ],
						[ 114.0364667635, 22.2011506514 ],
						[ 114.0366303047, 22.2013289501 ],
						[ 114.036799091, 22.2025358684 ],
						[ 114.0386291652, 22.2028288979 ],
						[ 114.039070524, 22.2030705182 ],
						[ 114.0393415092, 22.2037120988 ],
						[ 114.0392668346, 22.2043790886 ],
						[ 114.0396982146, 22.2052153162 ],
						[ 114.0408554328, 22.205331356 ],
						[ 114.0411433198, 22.205604504 ],
						[ 114.0411857007, 22.2056447169 ],
						[ 114.0411547602, 22.2058602269 ],
						[ 114.0409013028, 22.2058973935 ],
						[ 114.0406242116, 22.2061650306 ],
						[ 114.0404197293, 22.2063625324 ],
						[ 114.0396377194, 22.2067906078 ],
						[ 114.0393499012, 22.2073335887 ],
						[ 114.0393589672, 22.2076840597 ],
						[ 114.0395601261, 22.2078857495 ],
						[ 114.0393986487, 22.2081560556 ],
						[ 114.0383246399, 22.2082468521 ],
						[ 114.0378330513, 22.2086722485 ],
						[ 114.037620412, 22.208666233 ],
						[ 114.0372775523, 22.2083867284 ],
						[ 114.036743835, 22.2082799606 ],
						[ 114.0362105194, 22.2077707474 ],
						[ 114.0361023198, 22.2074458829 ],
						[ 114.0355075177, 22.2069517948 ],
						[ 114.0347754068, 22.2070230059 ],
						[ 114.0334506615, 22.207567398 ],
						[ 114.0336012282, 22.2081679997 ],
						[ 114.0330984179, 22.2078947753 ],
						[ 114.0327030622, 22.2080527248 ],
						[ 114.0322709398, 22.2080019865 ],
						[ 114.0320363379, 22.2079744421 ],
						[ 114.0311623898, 22.2087061422 ],
						[ 114.0302077782, 22.2097952268 ],
						[ 114.0295676541, 22.2106608911 ],
						[ 114.0291029515, 22.2117463295 ],
						[ 114.0289813741, 22.2128262356 ],
						[ 114.0290697461, 22.2134484401 ],
						[ 114.0291071592, 22.2137118631 ],
						[ 114.029282685, 22.2138329342 ],
						[ 114.0295078816, 22.2144429445 ],
						[ 114.0307537573, 22.2156339058 ],
						[ 114.0321146426, 22.2160317314 ],
						[ 114.032219561, 22.2158741127 ],
						[ 114.0324447542, 22.2158965101 ],
						[ 114.0330312257, 22.2159688684 ],
						[ 114.0332591803, 22.2163563417 ],
						[ 114.0337107987, 22.216412224 ],
						[ 114.0337818611, 22.2168532911 ],
						[ 114.0340490871, 22.2168698804 ],
						[ 114.034098506, 22.2170106941 ],
						[ 114.0342887268, 22.2168700904 ],
						[ 114.0348828434, 22.2168390655 ],
						[ 114.0359264261, 22.217127356 ],
						[ 114.035722166, 22.2175068562 ],
						[ 114.0349589312, 22.2178998764 ],
						[ 114.0345273284, 22.2178994995 ],
						[ 114.0341166063, 22.2177180656 ],
						[ 114.0338016018, 22.2178065787 ],
						[ 114.0334743751, 22.2175621281 ],
						[ 114.0329126917, 22.2177800937 ],
						[ 114.0323964263, 22.217752183 ],
						[ 114.0321650136, 22.2182969523 ],
						[ 114.0322448576, 22.2187397796 ],
						[ 114.0325593402, 22.2191740464 ],
						[ 114.0338081071, 22.2194356659 ],
						[ 114.0345144493, 22.220090486 ],
						[ 114.0349102569, 22.2201416473 ],
						[ 114.035385107, 22.220817294 ],
						[ 114.0357056218, 22.2214992264 ],
						[ 114.0356061563, 22.2224681774 ],
						[ 114.0351674128, 22.2226973559 ],
						[ 114.0349882288, 22.2230827106 ],
						[ 114.0347898925, 22.2231742441 ],
						[ 114.034216814, 22.223466382 ],
						[ 114.0339809726, 22.2234206063 ],
						[ 114.0331080008, 22.222500451 ],
						[ 114.0318496324, 22.2217978223 ],
						[ 114.0301904946, 22.2221987878 ],
						[ 114.0295552735, 22.2219277723 ],
						[ 114.028579655, 22.222013328 ],
						[ 114.0279343463, 22.2217831879 ],
						[ 114.027814175, 22.2215243218 ],
						[ 114.0272371404, 22.2214057974 ],
						[ 114.0270399261, 22.2216164824 ],
						[ 114.0267400761, 22.2215975126 ],
						[ 114.0266696952, 22.2211178914 ],
						[ 114.0265366633, 22.2211434699 ],
						[ 114.0262622116, 22.2208383133 ],
						[ 114.0261792774, 22.220372118 ],
						[ 114.025821638, 22.2198320678 ],
						[ 114.0259301706, 22.2192427991 ],
						[ 114.0254521662, 22.2192219187 ],
						[ 114.02549623, 22.2184976628 ],
						[ 114.0263919323, 22.2180329525 ],
						[ 114.0265371353, 22.2171680194 ],
						[ 114.0261598443, 22.2162453666 ],
						[ 114.0256555265, 22.2161981652 ],
						[ 114.0252981725, 22.2159910572 ],
						[ 114.025393991, 22.2155536548 ],
						[ 114.0252270596, 22.2150353909 ],
						[ 114.0247072461, 22.2142340916 ],
						[ 114.0238127907, 22.2135662014 ],
						[ 114.0225682552, 22.2140854651 ],
						[ 114.0221056578, 22.2131825804 ],
						[ 114.0228349973, 22.2128152805 ],
						[ 114.0231784607, 22.2119446945 ],
						[ 114.0235179223, 22.2118614898 ],
						[ 114.0236175248, 22.2114071502 ],
						[ 114.0263615424, 22.2118238393 ],
						[ 114.026620485, 22.2116036484 ],
						[ 114.0280976704, 22.2103475261 ],
						[ 114.0283512899, 22.2099272886 ],
						[ 114.0286089881, 22.2084199574 ],
						[ 114.0286094261, 22.2080029023 ],
						[ 114.0285884106, 22.2077067395 ]
					]
				]
			},
			"properties" : {
				"TYPE" : null
			}
		},
		{
			"type" : "Feature",
			"geometry" : {
				"type" : "Polygon",
				"coordinates" : [
					[
						[ 114.0457193785, 22.2869028871 ],
						[ 114.0443988715, 22.2870755822 ],
						[ 114.0430382591, 22.2866737421 ],
						[ 114.0421640072, 22.2857397776 ],
						[ 114.0421839779, 22.2847764083 ],
						[ 114.0416779441, 22.284648322 ],
						[ 114.0409208372, 22.2847457986 ],
						[ 114.0403730807, 22.2850763201 ],
						[ 114.039720049, 22.2859026309 ],
						[ 114.0395131414, 22.2864261141 ],
						[ 114.0396593357, 22.2869445768 ],
						[ 114.0404269222, 22.2878406357 ],
						[ 114.0411936151, 22.2877017913 ],
						[ 114.041630739, 22.2881673047 ],
						[ 114.0418491942, 22.2881940817 ],
						[ 114.0419236464, 22.2886947554 ],
						[ 114.0421584201, 22.2889183586 ],
						[ 114.0424423304, 22.2889334764 ],
						[ 114.0424433001, 22.2889341726 ],
						[ 114.0424423304, 22.2889334764 ],
						[ 114.0427109288, 22.2889477773 ],
						[ 114.0431856538, 22.2892915578 ],
						[ 114.0446852566, 22.2898223495 ],
						[ 114.045084975, 22.2902417218 ],
						[ 114.0451785073, 22.2907329454 ],
						[ 114.0457912683, 22.29086406 ],
						[ 114.0458260532, 22.2911076978 ],
						[ 114.0448809133, 22.2911179766 ],
						[ 114.0447215041, 22.2911197073 ],
						[ 114.0444309936, 22.2914102561 ],
						[ 114.0446372117, 22.2916084203 ],
						[ 114.044583639, 22.2918524739 ],
						[ 114.0440826067, 22.291958012 ],
						[ 114.0438150029, 22.2920143787 ],
						[ 114.0433739951, 22.292266982 ],
						[ 114.0428204735, 22.2919526853 ],
						[ 114.0421834419, 22.2919722511 ],
						[ 114.0419149795, 22.2917900163 ],
						[ 114.0418146857, 22.2917219415 ],
						[ 114.0410017176, 22.2917449053 ],
						[ 114.0398145527, 22.2912492108 ],
						[ 114.0398554424, 22.290993327 ],
						[ 114.0397088542, 22.2908738096 ],
						[ 114.0379311079, 22.2909591814 ],
						[ 114.0370538263, 22.290522837 ],
						[ 114.0367531186, 22.290193376 ],
						[ 114.035896695, 22.2898675599 ],
						[ 114.0351927841, 22.2892022223 ],
						[ 114.0353383952, 22.2889179483 ],
						[ 114.0355764122, 22.2884532599 ],
						[ 114.0358073666, 22.2883721672 ],
						[ 114.0358205082, 22.288340445 ],
						[ 114.036032739, 22.2878280158 ],
						[ 114.0365497907, 22.2872871416 ],
						[ 114.0365016689, 22.2872687498 ],
						[ 114.0359938634, 22.2870747028 ],
						[ 114.036302612, 22.2861857712 ],
						[ 114.0369240093, 22.2843966483 ],
						[ 114.0373582884, 22.2845164157 ],
						[ 114.0373085554, 22.2847143692 ],
						[ 114.0376583883, 22.28480214 ],
						[ 114.0379947035, 22.2844389457 ],
						[ 114.0383521995, 22.2844306178 ],
						[ 114.0386469044, 22.2838195053 ],
						[ 114.0383157035, 22.2832594424 ],
						[ 114.0382772739, 22.2831944614 ],
						[ 114.0378102484, 22.2828004357 ],
						[ 114.0377048404, 22.2821431153 ],
						[ 114.0378862968, 22.2816781307 ],
						[ 114.0384526779, 22.2811289478 ],
						[ 114.039315247, 22.2809665516 ],
						[ 114.0393401957, 22.2807863126 ],
						[ 114.0394673733, 22.2808990139 ],
						[ 114.040275245, 22.280534136 ],
						[ 114.0407348075, 22.280106615 ],
						[ 114.0409322424, 22.2801735617 ],
						[ 114.0408632567, 22.2799382744 ],
						[ 114.041063402, 22.2798308782 ],
						[ 114.0417915732, 22.280070255 ],
						[ 114.0421193486, 22.2799889717 ],
						[ 114.0424886828, 22.2802629236 ],
						[ 114.0428975819, 22.2803501449 ],
						[ 114.0437354199, 22.2801439695 ],
						[ 114.0445132175, 22.2802929602 ],
						[ 114.0446315049, 22.2807936599 ],
						[ 114.0450682086, 22.2810239254 ],
						[ 114.0456810615, 22.2810007794 ],
						[ 114.0460465719, 22.2813066433 ],
						[ 114.046342942, 22.2822147118 ],
						[ 114.0473803839, 22.2838854661 ],
						[ 114.0473949297, 22.2840222644 ],
						[ 114.0474099662, 22.2841636146 ],
						[ 114.0471500907, 22.2843064432 ],
						[ 114.0470532083, 22.2846875751 ],
						[ 114.0459092207, 22.284913614 ],
						[ 114.0459271995, 22.2867499769 ],
						[ 114.0457193785, 22.2869028871 ]
					]
				]
			},
			"properties" : {
				"TYPE" : null
			}
		},
		{
			"type" : "Feature",
			"geometry" : {
				"type" : "Polygon",
				"coordinates" : [
					[
						[ 113.9140960797, 22.1692161698 ],
						[ 113.9137192147, 22.1691999208 ],
						[ 113.9132393322, 22.1695906892 ],
						[ 113.9125646235, 22.1695560117 ],
						[ 113.9115903851, 22.1701493351 ],
						[ 113.9104387529, 22.1699776802 ],
						[ 113.9101639824, 22.1697807683 ],
						[ 113.9098161882, 22.1697981429 ],
						[ 113.9092097032, 22.1692174234 ],
						[ 113.9092893458, 22.1683751082 ],
						[ 113.9090665989, 22.1678336687 ],
						[ 113.9085514321, 22.1678125749 ],
						[ 113.9085665351, 22.1674049544 ],
						[ 113.9088630427, 22.1673373507 ],
						[ 113.9103447111, 22.1661205908 ],
						[ 113.910602016, 22.1659092866 ],
						[ 113.9104956686, 22.1654609828 ],
						[ 113.9097375278, 22.1654187883 ],
						[ 113.9095151558, 22.1646804266 ],
						[ 113.9096563491, 22.1644588913 ],
						[ 113.9093804209, 22.1640958836 ],
						[ 113.908996771, 22.1637533969 ],
						[ 113.9088137246, 22.1639026263 ],
						[ 113.9084899278, 22.1637783281 ],
						[ 113.907445351, 22.1639661689 ],
						[ 113.9072756335, 22.1641204758 ],
						[ 113.9070957203, 22.1639218823 ],
						[ 113.9066845831, 22.1624562424 ],
						[ 113.9058078293, 22.1621971327 ],
						[ 113.9055754629, 22.162305792 ],
						[ 113.905480713, 22.1627758535 ],
						[ 113.9045584298, 22.163585471 ],
						[ 113.9030681576, 22.1635954018 ],
						[ 113.9021128493, 22.1633435004 ],
						[ 113.901005747, 22.1626643656 ],
						[ 113.9000133486, 22.1619352616 ],
						[ 113.8994819283, 22.1613942058 ],
						[ 113.8991817131, 22.1608406553 ],
						[ 113.8991305833, 22.1597087244 ],
						[ 113.8992957115, 22.1596321724 ],
						[ 113.8993256005, 22.1592517149 ],
						[ 113.8993891579, 22.1590797522 ],
						[ 113.8995571192, 22.1590708356 ],
						[ 113.899574319, 22.1588624364 ],
						[ 113.8996770784, 22.1588308231 ],
						[ 113.8998955764, 22.1587635995 ],
						[ 113.9000125797, 22.1585374348 ],
						[ 113.9006645206, 22.1583121676 ],
						[ 113.9008642286, 22.1579766361 ],
						[ 113.9011972688, 22.157914165 ],
						[ 113.9013267262, 22.1576337188 ],
						[ 113.9023435887, 22.1574541602 ],
						[ 113.9025435002, 22.1570109538 ],
						[ 113.9025150689, 22.1566442055 ],
						[ 113.9027877802, 22.1563589416 ],
						[ 113.9031774106, 22.1561424346 ],
						[ 113.9037525462, 22.156292929 ],
						[ 113.9039056945, 22.1565333568 ],
						[ 113.9043722094, 22.156660666 ],
						[ 113.9052014192, 22.1574819464 ],
						[ 113.9054559459, 22.1579213073 ],
						[ 113.9056413623, 22.1588500889 ],
						[ 113.9060518647, 22.1590863459 ],
						[ 113.9073183365, 22.1590792416 ],
						[ 113.9075621943, 22.1588942261 ],
						[ 113.9078733871, 22.158890134 ],
						[ 113.9094159833, 22.1591305485 ],
						[ 113.910425836, 22.1587406573 ],
						[ 113.9109750984, 22.1587346452 ],
						[ 113.9121309792, 22.1592297553 ],
						[ 113.9123736219, 22.1594270724 ],
						[ 113.9125845067, 22.1599712521 ],
						[ 113.9131895976, 22.160230347 ],
						[ 113.9134076832, 22.160090832 ],
						[ 113.9139623786, 22.160090806 ],
						[ 113.9140576046, 22.1598806886 ],
						[ 113.91473026, 22.1599314671 ],
						[ 113.9147094379, 22.159705061 ],
						[ 113.9155093039, 22.1596065013 ],
						[ 113.9156004186, 22.1602880589 ],
						[ 113.915402393, 22.1607952309 ],
						[ 113.9151857737, 22.1609444138 ],
						[ 113.9151985106, 22.1618002195 ],
						[ 113.9149011546, 22.1623339171 ],
						[ 113.9148007277, 22.1629544356 ],
						[ 113.9139468323, 22.1631407823 ],
						[ 113.9133257626, 22.1627031455 ],
						[ 113.9127809507, 22.1629603796 ],
						[ 113.9126045778, 22.1632402893 ],
						[ 113.9126654165, 22.1634626153 ],
						[ 113.9130754583, 22.1636942482 ],
						[ 113.9129048185, 22.1642216266 ],
						[ 113.912899582, 22.1642378011 ],
						[ 113.9132498793, 22.1665793588 ],
						[ 113.913040001, 22.1665131494 ],
						[ 113.9132498793, 22.1665793588 ],
						[ 113.9139990039, 22.1666983465 ],
						[ 113.9150639399, 22.1664598885 ],
						[ 113.9159190455, 22.1666945312 ],
						[ 113.915960282, 22.1668353857 ],
						[ 113.9162492734, 22.1668243518 ],
						[ 113.9163269965, 22.1670006919 ],
						[ 113.9165969298, 22.1668722912 ],
						[ 113.9169129017, 22.1669625152 ],
						[ 113.9176166229, 22.1676027198 ],
						[ 113.9174727209, 22.1679581468 ],
						[ 113.9165525417, 22.1687176788 ],
						[ 113.9158372685, 22.1689833921 ],
						[ 113.9154762042, 22.1695041104 ],
						[ 113.9146496178, 22.1695929635 ],
						[ 113.9142852334, 22.169501736 ],
						[ 113.9140960797, 22.1692161698 ]
					]
				]
			},
			"properties" : {
				"TYPE" : null
			}
		},
		{
			"type" : "Feature",
			"geometry" : {
				"type" : "Polygon",
				"coordinates" : [
					[
						[ 113.8578993872, 22.2606550418 ],
						[ 113.8554857811, 22.2595717126 ],
						[ 113.8551786065, 22.2588916096 ],
						[ 113.8543397153, 22.2579583093 ],
						[ 113.8539604057, 22.2579014763 ],
						[ 113.8534184035, 22.2573576348 ],
						[ 113.8521450809, 22.2567437359 ],
						[ 113.851756915, 22.2559990405 ],
						[ 113.8519690503, 22.2552619479 ],
						[ 113.8521499468, 22.2546334212 ],
						[ 113.8524469197, 22.2543285645 ],
						[ 113.8531481108, 22.2529839482 ],
						[ 113.8533395582, 22.252877263 ],
						[ 113.8546430466, 22.2531329248 ],
						[ 113.8554212729, 22.2533671472 ],
						[ 113.8569334558, 22.2540366405 ],
						[ 113.8572105353, 22.2543746218 ],
						[ 113.8566691028, 22.254450957 ],
						[ 113.8566140452, 22.2547975499 ],
						[ 113.8571463655, 22.2556630306 ],
						[ 113.857900479, 22.2550763878 ],
						[ 113.8581085722, 22.2549145078 ],
						[ 113.8592168893, 22.2545106543 ],
						[ 113.8604937345, 22.2544468604 ],
						[ 113.8610105135, 22.2547037194 ],
						[ 113.8614037694, 22.2543095765 ],
						[ 113.8618836286, 22.2543744706 ],
						[ 113.8619233655, 22.2541965642 ],
						[ 113.8614727662, 22.2539583762 ],
						[ 113.8615149811, 22.2537874282 ],
						[ 113.8629335752, 22.2544590052 ],
						[ 113.8636689718, 22.2551556784 ],
						[ 113.8638724522, 22.2555823041 ],
						[ 113.8626928661, 22.2572414265 ],
						[ 113.8626115992, 22.2575008168 ],
						[ 113.8625379658, 22.2580259282 ],
						[ 113.862594083, 22.2586549071 ],
						[ 113.8627199381, 22.2588396267 ],
						[ 113.8631377619, 22.2591393907 ],
						[ 113.8631400268, 22.2591678955 ],
						[ 113.8631390478, 22.2591675053 ],
						[ 113.8631400268, 22.2591678955 ],
						[ 113.8631803855, 22.2596775952 ],
						[ 113.8630206167, 22.259865005 ],
						[ 113.8624836071, 22.2599640798 ],
						[ 113.8622831822, 22.2598538441 ],
						[ 113.8622433706, 22.2600646578 ],
						[ 113.8623328405, 22.2601600763 ],
						[ 113.8623318613, 22.2601597854 ],
						[ 113.8622788276, 22.2601441051 ],
						[ 113.8623318613, 22.2601597854 ],
						[ 113.8623328405, 22.2601600763 ],
						[ 113.8625111226, 22.2603502346 ],
						[ 113.8624076406, 22.2609813248 ],
						[ 113.8621626165, 22.2609919761 ],
						[ 113.8617688404, 22.2607223823 ],
						[ 113.8604663492, 22.2613154529 ],
						[ 113.8599734487, 22.2612843575 ],
						[ 113.8599268495, 22.2614098817 ],
						[ 113.8595028768, 22.26128576 ],
						[ 113.859540569, 22.2611305622 ],
						[ 113.8588346367, 22.2610564138 ],
						[ 113.8578993872, 22.2606550418 ]
					]
				]
			},
			"properties" : {
				"TYPE" : null
			}
		},
		{
			"type" : "Feature",
			"geometry" : {
				"type" : "Polygon",
				"coordinates" : [
					[
						[ 114.1458353446, 22.2904898913 ],
						[ 114.1404238458, 22.2906484201 ],
						[ 114.1382824421, 22.2901071629 ],
						[ 114.1343550614, 22.2891144033 ],
						[ 114.1347118847, 22.2879088173 ],
						[ 114.1324013961, 22.2882355345 ],
						[ 114.1274666864, 22.2840080275 ],
						[ 114.1274222559, 22.2840023879 ],
						[ 114.1254069005, 22.2836631224 ],
						[ 114.1240354105, 22.2831401518 ],
						[ 114.1223371571, 22.2825948269 ],
						[ 114.1188700135, 22.281450601 ],
						[ 114.1182862302, 22.2808237379 ],
						[ 114.1173169801, 22.2797850703 ],
						[ 114.1171748794, 22.2789998135 ],
						[ 114.1171727943, 22.2789972661 ],
						[ 114.1171713202, 22.2789954594 ],
						[ 114.1165285398, 22.2782110377 ],
						[ 114.1163425787, 22.2775586676 ],
						[ 114.1164275789, 22.2773070424 ],
						[ 114.1164402672, 22.2772694797 ],
						[ 114.1165340245, 22.2768471336 ],
						[ 114.1163824709, 22.2759712588 ],
						[ 114.1164017465, 22.274761377 ],
						[ 114.1172458894, 22.2740465886 ],
						[ 114.1180400322, 22.2736637079 ],
						[ 114.118309806, 22.2731346639 ],
						[ 114.1189912687, 22.272619448 ],
						[ 114.1195748322, 22.2718031401 ],
						[ 114.1205743015, 22.2715453123 ],
						[ 114.1207308021, 22.2715049362 ],
						[ 114.1208639362, 22.2714705934 ],
						[ 114.1210850998, 22.2713449629 ],
						[ 114.1217708218, 22.2709554432 ],
						[ 114.123369578, 22.2682555249 ],
						[ 114.1233991842, 22.2677081509 ],
						[ 114.1237472765, 22.2673752689 ],
						[ 114.12382091, 22.2670605387 ],
						[ 114.1257970426, 22.2640733444 ],
						[ 114.1260654799, 22.2635130855 ],
						[ 114.1266602152, 22.26227179 ],
						[ 114.1273022975, 22.2620165368 ],
						[ 114.1273196888, 22.2619739807 ],
						[ 114.1274886874, 22.2615604371 ],
						[ 114.1289938612, 22.2595902804 ],
						[ 114.1289008225, 22.2593849861 ],
						[ 114.1306656906, 22.2573738363 ],
						[ 114.1320923595, 22.2554583713 ],
						[ 114.1320428767, 22.2552906673 ],
						[ 114.1318769755, 22.2547284626 ],
						[ 114.1319849355, 22.2542358426 ],
						[ 114.1318283687, 22.2534603271 ],
						[ 114.13203942, 22.2524020998 ],
						[ 114.1324158743, 22.2520222739 ],
						[ 114.1326324805, 22.2520373329 ],
						[ 114.1328676559, 22.2521742383 ],
						[ 114.1330733449, 22.252575716 ],
						[ 114.1333112025, 22.2525763036 ],
						[ 114.1332989079, 22.252115059 ],
						[ 114.1339067031, 22.2516134497 ],
						[ 114.1348577543, 22.250295392 ],
						[ 114.1351126956, 22.2498575515 ],
						[ 114.1362498665, 22.2488132346 ],
						[ 114.1372102791, 22.2489366318 ],
						[ 114.13728076, 22.2488938887 ],
						[ 114.1378719181, 22.2485353784 ],
						[ 114.1394889071, 22.2488505038 ],
						[ 114.1411599552, 22.248563496 ],
						[ 114.1411061104, 22.248349096 ],
						[ 114.1421205341, 22.2480619327 ],
						[ 114.1438698987, 22.2480851082 ],
						[ 114.1466972643, 22.2483319775 ],
						[ 114.1488252036, 22.2478376757 ],
						[ 114.1498824684, 22.2479995396 ],
						[ 114.1504090953, 22.2478646807 ],
						[ 114.154366286, 22.247170013 ],
						[ 114.1547727735, 22.2467561748 ],
						[ 114.1567555069, 22.2466630184 ],
						[ 114.1572095856, 22.2467564871 ],
						[ 114.1584444516, 22.2470361489 ],
						[ 114.1595162594, 22.2467567491 ],
						[ 114.1599858982, 22.2461395608 ],
						[ 114.1602368609, 22.2458097593 ],
						[ 114.1609553598, 22.2456156534 ],
						[ 114.1614120362, 22.245191075 ],
						[ 114.16212594, 22.2452009484 ],
						[ 114.1621832369, 22.2455391072 ],
						[ 114.162834145, 22.2456465844 ],
						[ 114.1631603516, 22.2455965642 ],
						[ 114.1641537447, 22.245444252 ],
						[ 114.1646358356, 22.2448103263 ],
						[ 114.1644062416, 22.2444225949 ],
						[ 114.1643204577, 22.2445295025 ],
						[ 114.1637530613, 22.2440733725 ],
						[ 114.163877255, 22.2438132177 ],
						[ 114.1635863669, 22.2433119103 ],
						[ 114.1636633358, 22.2428597505 ],
						[ 114.163954789, 22.2425843381 ],
						[ 114.1643285929, 22.2422745066 ],
						[ 114.1645852183, 22.2424463709 ],
						[ 114.1656783049, 22.241382211 ],
						[ 114.1656079134, 22.2398485074 ],
						[ 114.164440868, 22.2384138897 ],
						[ 114.1627786857, 22.2380501792 ],
						[ 114.1627229811, 22.2379078689 ],
						[ 114.1644494812, 22.2382007933 ],
						[ 114.1650598794, 22.2363105536 ],
						[ 114.1656491348, 22.2361278953 ],
						[ 114.1664681525, 22.2361458484 ],
						[ 114.1670712108, 22.235933809 ],
						[ 114.1671392779, 22.2356400177 ],
						[ 114.1669839828, 22.2351520352 ],
						[ 114.1672364839, 22.234636994 ],
						[ 114.1662075053, 22.2334690995 ],
						[ 114.1662174034, 22.2330284115 ],
						[ 114.1668702745, 22.2324477433 ],
						[ 114.1675472907, 22.2320520855 ],
						[ 114.168896379, 22.2313479706 ],
						[ 114.1695176629, 22.2310542042 ],
						[ 114.1709130853, 22.2301664535 ],
						[ 114.1716191688, 22.2297707707 ],
						[ 114.1722256331, 22.2299310025 ],
						[ 114.1732502062, 22.2305819606 ],
						[ 114.1739093871, 22.2329786922 ],
						[ 114.1742831244, 22.2337384324 ],
						[ 114.1743353605, 22.2358597147 ],
						[ 114.1753703193, 22.2381976815 ],
						[ 114.1755715042, 22.2382766384 ],
						[ 114.1757583783, 22.2387444111 ],
						[ 114.1765108471, 22.239349443 ],
						[ 114.1767001893, 22.2401899741 ],
						[ 114.176646933, 22.2406554515 ],
						[ 114.1772534496, 22.2407500113 ],
						[ 114.1784763696, 22.2425485719 ],
						[ 114.1783664113, 22.2433262138 ],
						[ 114.1786351679, 22.2439390419 ],
						[ 114.1795686515, 22.2448663168 ],
						[ 114.1808980997, 22.2451508998 ],
						[ 114.1821042757, 22.2452031979 ],
						[ 114.1826827168, 22.2456406511 ],
						[ 114.1837138273, 22.2455258489 ],
						[ 114.1841990367, 22.2451737305 ],
						[ 114.1845940218, 22.2450942964 ],
						[ 114.185300685, 22.2455078751 ],
						[ 114.1855793023, 22.2454849043 ],
						[ 114.1857943271, 22.2458695813 ],
						[ 114.1860862492, 22.2459113318 ],
						[ 114.1879501287, 22.2444055303 ],
						[ 114.1883731251, 22.2431398873 ],
						[ 114.1881008593, 22.2423402398 ],
						[ 114.1868705075, 22.2416783716 ],
						[ 114.1869113799, 22.2409168027 ],
						[ 114.1866056155, 22.2403159199 ],
						[ 114.1866662226, 22.2397356678 ],
						[ 114.1876395265, 22.2386898889 ],
						[ 114.1884495817, 22.2374425872 ],
						[ 114.1896481887, 22.2364532396 ],
						[ 114.1902211293, 22.2361006445 ],
						[ 114.1917353865, 22.2360463376 ],
						[ 114.1926092015, 22.2365654473 ],
						[ 114.1932349953, 22.2371593968 ],
						[ 114.193848931, 22.2374333879 ],
						[ 114.1941181421, 22.2373406324 ],
						[ 114.1941724588, 22.2379305109 ],
						[ 114.19447032, 22.2381811165 ],
						[ 114.1949047265, 22.2381425078 ],
						[ 114.1957103974, 22.2378348582 ],
						[ 114.1966471633, 22.2370350705 ],
						[ 114.1972013573, 22.236747176 ],
						[ 114.1974956293, 22.2360521372 ],
						[ 114.1983135018, 22.2350242126 ],
						[ 114.1973897526, 22.234730347 ],
						[ 114.1972104606, 22.2346321248 ],
						[ 114.1971928864, 22.2345144842 ],
						[ 114.1973369812, 22.2344454536 ],
						[ 114.1976926268, 22.2344509351 ],
						[ 114.1983065333, 22.23461795 ],
						[ 114.1984080918, 22.2344161819 ],
						[ 114.1981680617, 22.2343457742 ],
						[ 114.1984418527, 22.2328014631 ],
						[ 114.1980827993, 22.2321689377 ],
						[ 114.1982869059, 22.23197886 ],
						[ 114.1983153608, 22.2310575361 ],
						[ 114.1981505759, 22.2303933142 ],
						[ 114.1983736164, 22.2299030356 ],
						[ 114.1981218478, 22.2295128525 ],
						[ 114.1976598524, 22.2295436709 ],
						[ 114.1966869973, 22.2292885581 ],
						[ 114.1964325036, 22.228721651 ],
						[ 114.1965828018, 22.2281069676 ],
						[ 114.1970772819, 22.2277052305 ],
						[ 114.1972738869, 22.2268554986 ],
						[ 114.1981400235, 22.225780292 ],
						[ 114.1981567372, 22.2254695074 ],
						[ 114.1976936199, 22.2245151942 ],
						[ 114.1972759761, 22.2242733238 ],
						[ 114.1957070669, 22.2239778845 ],
						[ 114.1949320461, 22.2243484299 ],
						[ 114.1938887608, 22.224293916 ],
						[ 114.1938305534, 22.2241222395 ],
						[ 114.1949368161, 22.2231236768 ],
						[ 114.1954900131, 22.2230919346 ],
						[ 114.1956842018, 22.2225722676 ],
						[ 114.1966144747, 22.2219106582 ],
						[ 114.1971395448, 22.221853673 ],
						[ 114.1982024497, 22.2213026729 ],
						[ 114.199740669, 22.2209636858 ],
						[ 114.2008773513, 22.2211134856 ],
						[ 114.2009831025, 22.2209492736 ],
						[ 114.2008568417, 22.2206830401 ],
						[ 114.2013438774, 22.220192239 ],
						[ 114.2011673255, 22.2199191319 ],
						[ 114.2012377424, 22.2194224236 ],
						[ 114.2015650304, 22.2189385361 ],
						[ 114.202253703, 22.2184646791 ],
						[ 114.2023126441, 22.2171776045 ],
						[ 114.2023141029, 22.2171458162 ],
						[ 114.2015498696, 22.2168291821 ],
						[ 114.2006230098, 22.2169192932 ],
						[ 114.1998034863, 22.216173908 ],
						[ 114.1987814198, 22.2159146872 ],
						[ 114.1984490875, 22.215649861 ],
						[ 114.1972311392, 22.2142407218 ],
						[ 114.1969931885, 22.2120538201 ],
						[ 114.197376043, 22.2106123349 ],
						[ 114.1992247157, 22.2101787521 ],
						[ 114.2005056556, 22.2109823675 ],
						[ 114.2011980782, 22.212433799 ],
						[ 114.2021206113, 22.2130988243 ],
						[ 114.2023621597, 22.2129587744 ],
						[ 114.2045091624, 22.2127982185 ],
						[ 114.2047595262, 22.2123753849 ],
						[ 114.2053146827, 22.21256534 ],
						[ 114.2058147508, 22.2133130488 ],
						[ 114.2061593545, 22.2132702898 ],
						[ 114.2064744377, 22.213515832 ],
						[ 114.2069552775, 22.2142841939 ],
						[ 114.2063776693, 22.2152060824 ],
						[ 114.2065882843, 22.2156935578 ],
						[ 114.2071716665, 22.2163622914 ],
						[ 114.2072713608, 22.2168548347 ],
						[ 114.2079167574, 22.2169997729 ],
						[ 114.2082322426, 22.2167779904 ],
						[ 114.2085374198, 22.2167848216 ],
						[ 114.2088871049, 22.2173879501 ],
						[ 114.2093022159, 22.2173309473 ],
						[ 114.2097652502, 22.217694882 ],
						[ 114.209803885, 22.2184578152 ],
						[ 114.2103723795, 22.2186078164 ],
						[ 114.2112435423, 22.2185557621 ],
						[ 114.2119275884, 22.2179860133 ],
						[ 114.2123081179, 22.2172145188 ],
						[ 114.2122158285, 22.2167725851 ],
						[ 114.2127448494, 22.2167903771 ],
						[ 114.2133950775, 22.2165464664 ],
						[ 114.2135551995, 22.2161488896 ],
						[ 114.2135110763, 22.2152046306 ],
						[ 114.2143214402, 22.214626038 ],
						[ 114.2144519739, 22.2141830245 ],
						[ 114.2143552218, 22.2137542868 ],
						[ 114.214583403, 22.2134287672 ],
						[ 114.215056121, 22.2131619439 ],
						[ 114.2151457867, 22.2129181658 ],
						[ 114.2150481717, 22.212029332 ],
						[ 114.2146529694, 22.2117931447 ],
						[ 114.2142718112, 22.2115177962 ],
						[ 114.2141336739, 22.2111831768 ],
						[ 114.2129085536, 22.2110884318 ],
						[ 114.2128694497, 22.2104829492 ],
						[ 114.2121849587, 22.2096586312 ],
						[ 114.2121129902, 22.2094782944 ],
						[ 114.2117479007, 22.2085634262 ],
						[ 114.2116261874, 22.2067965564 ],
						[ 114.2119415912, 22.20636268 ],
						[ 114.2120242198, 22.2055854875 ],
						[ 114.211697985, 22.2020930708 ],
						[ 114.2111104738, 22.2004800734 ],
						[ 114.2113575319, 22.1988448728 ],
						[ 114.2112748302, 22.1972946575 ],
						[ 114.2115951284, 22.19677311 ],
						[ 114.2116019237, 22.1963686764 ],
						[ 114.2124535978, 22.1957988067 ],
						[ 114.2126373492, 22.1953562425 ],
						[ 114.2130351052, 22.1949281973 ],
						[ 114.2130321272, 22.1949245676 ],
						[ 114.2132533592, 22.1946826662 ],
						[ 114.2140853094, 22.1941784368 ],
						[ 114.2145389244, 22.1945873522 ],
						[ 114.2145668252, 22.1945928906 ],
						[ 114.2158590995, 22.1948496187 ],
						[ 114.2164678375, 22.1946910997 ],
						[ 114.2183115902, 22.1952213042 ],
						[ 114.2184619201, 22.1951579153 ],
						[ 114.2185131003, 22.194853097 ],
						[ 114.2188310041, 22.1947038186 ],
						[ 114.2193639873, 22.1950768932 ],
						[ 114.2209149063, 22.1954625444 ],
						[ 114.2216084544, 22.195394417 ],
						[ 114.2225959634, 22.1958169341 ],
						[ 114.2235994422, 22.1968302399 ],
						[ 114.2240157382, 22.197558177 ],
						[ 114.2240257887, 22.1981498944 ],
						[ 114.2238076165, 22.198746735 ],
						[ 114.2230846858, 22.1994873893 ],
						[ 114.223235694, 22.1999753215 ],
						[ 114.2231487162, 22.2008066967 ],
						[ 114.221756544, 22.2022218941 ],
						[ 114.221283721, 22.2035693444 ],
						[ 114.2209077694, 22.2041919252 ],
						[ 114.2203995694, 22.2043674205 ],
						[ 114.2194720127, 22.2051140913 ],
						[ 114.2194332111, 22.2055974887 ],
						[ 114.2200494472, 22.2056225671 ],
						[ 114.2202190943, 22.2058047709 ],
						[ 114.220101048, 22.2066884762 ],
						[ 114.219632798, 22.2069709183 ],
						[ 114.2192931371, 22.207002687 ],
						[ 114.2189530667, 22.2072873875 ],
						[ 114.2186965068, 22.2082588156 ],
						[ 114.2180268071, 22.2091803091 ],
						[ 114.2181822445, 22.2096824677 ],
						[ 114.2185511076, 22.2100229941 ],
						[ 114.219038676, 22.2100205745 ],
						[ 114.2194098046, 22.2096954625 ],
						[ 114.2197183982, 22.20963204 ],
						[ 114.2204028302, 22.2101230387 ],
						[ 114.220509805, 22.2117241916 ],
						[ 114.2215459461, 22.2128169152 ],
						[ 114.2219639802, 22.212708928 ],
						[ 114.2222617348, 22.2126409071 ],
						[ 114.2224461588, 22.2127464335 ],
						[ 114.2226523618, 22.2131370261 ],
						[ 114.2222988994, 22.2147461086 ],
						[ 114.2216803185, 22.2152209434 ],
						[ 114.2219501158, 22.2156041772 ],
						[ 114.2212604111, 22.2156566999 ],
						[ 114.2211735145, 22.2152706609 ],
						[ 114.2209013647, 22.2152340159 ],
						[ 114.2204306756, 22.2156817137 ],
						[ 114.2203652211, 22.2160682545 ],
						[ 114.2206734438, 22.2163592134 ],
						[ 114.2205817804, 22.2164859389 ],
						[ 114.2197718505, 22.2167840776 ],
						[ 114.2193660477, 22.2166515231 ],
						[ 114.219036154, 22.2164386018 ],
						[ 114.217089528, 22.2174747184 ],
						[ 114.2164020653, 22.2185743213 ],
						[ 114.215676425, 22.2188958357 ],
						[ 114.2152855646, 22.2192911754 ],
						[ 114.2151623045, 22.2192751389 ],
						[ 114.2152203067, 22.2186402486 ],
						[ 114.2145799439, 22.21895026 ],
						[ 114.2142354447, 22.2193928712 ],
						[ 114.2140805473, 22.2209596524 ],
						[ 114.2141948101, 22.2223386234 ],
						[ 114.214673108, 22.2225464628 ],
						[ 114.2151732742, 22.2233776938 ],
						[ 114.2151289973, 22.2237371441 ],
						[ 114.2147316741, 22.2239965989 ],
						[ 114.2147603324, 22.2242004151 ],
						[ 114.2149882194, 22.2243778331 ],
						[ 114.2157895343, 22.2250016734 ],
						[ 114.216784625, 22.2254265159 ],
						[ 114.2174010992, 22.2259795296 ],
						[ 114.2174302707, 22.2262664276 ],
						[ 114.2179593374, 22.2263502982 ],
						[ 114.2181487322, 22.2265536124 ],
						[ 114.2183283095, 22.2269143791 ],
						[ 114.2182751571, 22.2272490432 ],
						[ 114.2187821799, 22.2277864653 ],
						[ 114.2187700911, 22.2285911935 ],
						[ 114.218624732, 22.2289208242 ],
						[ 114.2190833373, 22.2290901034 ],
						[ 114.219964281, 22.2285950082 ],
						[ 114.2201172288, 22.2288887631 ],
						[ 114.2211922775, 22.2294714679 ],
						[ 114.2224837366, 22.231368838 ],
						[ 114.2230030272, 22.2316262196 ],
						[ 114.2228825198, 22.2325301264 ],
						[ 114.2230449197, 22.2330717591 ],
						[ 114.2233999782, 22.2332162662 ],
						[ 114.2236928411, 22.2331574194 ],
						[ 114.2242556251, 22.2322308882 ],
						[ 114.2246992662, 22.2318713187 ],
						[ 114.2250145299, 22.2309815853 ],
						[ 114.2256622851, 22.230583852 ],
						[ 114.2258461084, 22.2303097424 ],
						[ 114.2271944553, 22.2297772872 ],
						[ 114.2276638504, 22.2297858649 ],
						[ 114.2279306737, 22.2299776654 ],
						[ 114.2283605336, 22.2297222953 ],
						[ 114.2286298127, 22.2299163877 ],
						[ 114.2289359677, 22.2298125453 ],
						[ 114.2294839637, 22.2303494601 ],
						[ 114.2295838204, 22.2310412238 ],
						[ 114.2300111694, 22.2319715797 ],
						[ 114.2295671266, 22.2325441616 ],
						[ 114.2297349465, 22.2330109666 ],
						[ 114.2297311453, 22.2337379291 ],
						[ 114.2295726549, 22.2341494729 ],
						[ 114.2293665812, 22.2342399729 ],
						[ 114.2291799717, 22.2349474247 ],
						[ 114.2288153252, 22.2355819564 ],
						[ 114.228712092, 22.2364408797 ],
						[ 114.2289400008, 22.23670751 ],
						[ 114.2286975419, 22.2371005396 ],
						[ 114.2287657292, 22.2374796982 ],
						[ 114.2277763827, 22.2382801387 ],
						[ 114.2272823017, 22.2382734023 ],
						[ 114.2267912994, 22.2386054496 ],
						[ 114.2257480593, 22.2387125185 ],
						[ 114.225708384, 22.2384028774 ],
						[ 114.2245708258, 22.2384183688 ],
						[ 114.2241637056, 22.2404250059 ],
						[ 114.2239914722, 22.2414661849 ],
						[ 114.2234602269, 22.2424266695 ],
						[ 114.2234953954, 22.242906369 ],
						[ 114.2230000315, 22.2435629594 ],
						[ 114.2231092508, 22.2442974113 ],
						[ 114.2232984724, 22.2438796163 ],
						[ 114.2234917789, 22.243907565 ],
						[ 114.2233155929, 22.2449634369 ],
						[ 114.2224058261, 22.2450724871 ],
						[ 114.2215768399, 22.2443974035 ],
						[ 114.2214024444, 22.2447206864 ],
						[ 114.2216634515, 22.244772243 ],
						[ 114.2224956834, 22.2454268527 ],
						[ 114.2217645251, 22.2467514589 ],
						[ 114.2218683641, 22.2467514302 ],
						[ 114.2227555739, 22.245469928 ],
						[ 114.2232451878, 22.2452981068 ],
						[ 114.2239686944, 22.2456095923 ],
						[ 114.2235565659, 22.2459709834 ],
						[ 114.2230151505, 22.2460643257 ],
						[ 114.2234788302, 22.2464911093 ],
						[ 114.223871844, 22.2464905445 ],
						[ 114.22382752, 22.2467508755 ],
						[ 114.2239438215, 22.2469731499 ],
						[ 114.2241258208, 22.2469137565 ],
						[ 114.2242716273, 22.2470319075 ],
						[ 114.2243834305, 22.2468866977 ],
						[ 114.2249630272, 22.2468953049 ],
						[ 114.2251512538, 22.2467504874 ],
						[ 114.2251776725, 22.2465897697 ],
						[ 114.2245468923, 22.2463728226 ],
						[ 114.2248041428, 22.2459210416 ],
						[ 114.2251044349, 22.2458667867 ],
						[ 114.2253643763, 22.244617171 ],
						[ 114.2255053709, 22.244513845 ],
						[ 114.2262711851, 22.2445250828 ],
						[ 114.2258086962, 22.2443206148 ],
						[ 114.2257942223, 22.2441800206 ],
						[ 114.2259922907, 22.243701633 ],
						[ 114.2257514423, 22.2431196244 ],
						[ 114.2254945402, 22.2431242981 ],
						[ 114.2254919119, 22.2426767205 ],
						[ 114.2260250867, 22.2413894807 ],
						[ 114.2263479439, 22.2412304427 ],
						[ 114.226690195, 22.2413547448 ],
						[ 114.2272289093, 22.2420390228 ],
						[ 114.227664415, 22.2422697926 ],
						[ 114.2283744496, 22.2421791358 ],
						[ 114.2290033477, 22.2416966157 ],
						[ 114.2295370475, 22.2417789298 ],
						[ 114.2303594159, 22.241419222 ],
						[ 114.2310680188, 22.2414552544 ],
						[ 114.2315624714, 22.2411158513 ],
						[ 114.2319656272, 22.2405960627 ],
						[ 114.2324217202, 22.2405059347 ],
						[ 114.232761171, 22.2397736289 ],
						[ 114.2334626067, 22.2391568796 ],
						[ 114.2336007486, 22.2393445883 ],
						[ 114.2337371887, 22.2414185354 ],
						[ 114.2339310667, 22.2416392675 ],
						[ 114.2346418425, 22.2409375854 ],
						[ 114.2347978909, 22.2403136816 ],
						[ 114.2348671526, 22.2396544534 ],
						[ 114.2345226934, 22.2389779342 ],
						[ 114.2346094531, 22.2377219434 ],
						[ 114.2349562265, 22.236842728 ],
						[ 114.2347720907, 22.236310751 ],
						[ 114.2338952721, 22.2360595024 ],
						[ 114.2337156905, 22.2358153485 ],
						[ 114.2347930864, 22.2346232698 ],
						[ 114.2352494183, 22.2339905341 ],
						[ 114.2353938973, 22.2328143887 ],
						[ 114.2352861324, 22.2321644077 ],
						[ 114.235417662, 22.2318567931 ],
						[ 114.2360748694, 22.2317381176 ],
						[ 114.2359311386, 22.2311427856 ],
						[ 114.2357519431, 22.2306323819 ],
						[ 114.2358167753, 22.2302807756 ],
						[ 114.2362360133, 22.2280068846 ],
						[ 114.2361727057, 22.2275281094 ],
						[ 114.2366299162, 22.2267255197 ],
						[ 114.2371251794, 22.2261198469 ],
						[ 114.237127837, 22.2254165805 ],
						[ 114.2364507917, 22.2252056653 ],
						[ 114.2362536884, 22.2243069123 ],
						[ 114.2364282175, 22.2231316657 ],
						[ 114.236316156, 22.2227975168 ],
						[ 114.2358558602, 22.2227144394 ],
						[ 114.2357648239, 22.2224160711 ],
						[ 114.2366140774, 22.2208468758 ],
						[ 114.2380477256, 22.2203428631 ],
						[ 114.2380806852, 22.2200345877 ],
						[ 114.2371871478, 22.2197472216 ],
						[ 114.2368671413, 22.2193954135 ],
						[ 114.2376060265, 22.2191485378 ],
						[ 114.2375948791, 22.2188711098 ],
						[ 114.2372914225, 22.2185475534 ],
						[ 114.2380164639, 22.2186402535 ],
						[ 114.2383988756, 22.2183710123 ],
						[ 114.2389156319, 22.2186871073 ],
						[ 114.2401433491, 22.2188720887 ],
						[ 114.2404343528, 22.2191382274 ],
						[ 114.2408031478, 22.2191771044 ],
						[ 114.241385787, 22.2188963897 ],
						[ 114.2418755262, 22.2181938409 ],
						[ 114.2419143157, 22.2178435695 ],
						[ 114.2420891157, 22.2176034273 ],
						[ 114.2421710197, 22.217490917 ],
						[ 114.2423439803, 22.2162367085 ],
						[ 114.2422145194, 22.2156285155 ],
						[ 114.2425584803, 22.2152588404 ],
						[ 114.2430818623, 22.2137855213 ],
						[ 114.2432358124, 22.2119781699 ],
						[ 114.242473748, 22.2111650289 ],
						[ 114.2417410839, 22.211016596 ],
						[ 114.241502973, 22.2099728038 ],
						[ 114.2415343816, 22.2096454822 ],
						[ 114.2422200293, 22.2083685814 ],
						[ 114.242646792, 22.2080112628 ],
						[ 114.2430885844, 22.2081694551 ],
						[ 114.2439085721, 22.2074277519 ],
						[ 114.2456693882, 22.207174536 ],
						[ 114.2461116187, 22.2070183518 ],
						[ 114.2469499407, 22.2067222821 ],
						[ 114.2474602214, 22.2068005564 ],
						[ 114.2477024344, 22.207110313 ],
						[ 114.248285101, 22.2070283484 ],
						[ 114.2486638386, 22.2072815745 ],
						[ 114.2493864446, 22.2070554048 ],
						[ 114.2507334794, 22.2074454494 ],
						[ 114.2512984576, 22.2074768717 ],
						[ 114.2522306714, 22.2083458834 ],
						[ 114.2526989397, 22.2082286097 ],
						[ 114.2524823115, 22.2078357662 ],
						[ 114.2525453283, 22.207668181 ],
						[ 114.2532271403, 22.2076949456 ],
						[ 114.2531493805, 22.2070330217 ],
						[ 114.253495832, 22.206804716 ],
						[ 114.2540080267, 22.2067934565 ],
						[ 114.2550054797, 22.2070436189 ],
						[ 114.2552819911, 22.2078385679 ],
						[ 114.2556169742, 22.2082813896 ],
						[ 114.2561992888, 22.2084527986 ],
						[ 114.2565925833, 22.2082446561 ],
						[ 114.2568056178, 22.2074944516 ],
						[ 114.2571939852, 22.2073088057 ],
						[ 114.2582465126, 22.2073041465 ],
						[ 114.2583039872, 22.2073595122 ],
						[ 114.2587175768, 22.2077579202 ],
						[ 114.2594745258, 22.2081211051 ],
						[ 114.2599211389, 22.2080667115 ],
						[ 114.2602023774, 22.2076690809 ],
						[ 114.2602023677, 22.2076690809 ],
						[ 114.2603966546, 22.2068692576 ],
						[ 114.2606047202, 22.2069187292 ],
						[ 114.2608475071, 22.207410805 ],
						[ 114.2610170207, 22.2075213978 ],
						[ 114.2609157475, 22.207677257 ],
						[ 114.2609157572, 22.207677248 ],
						[ 114.2608818733, 22.2079083072 ],
						[ 114.2611000792, 22.2078506868 ],
						[ 114.2613021574, 22.2079237941 ],
						[ 114.2611763912, 22.2082664393 ],
						[ 114.2609413848, 22.2083362238 ],
						[ 114.2608965095, 22.2086598444 ],
						[ 114.2606963445, 22.2087720008 ],
						[ 114.2606681305, 22.2087857871 ],
						[ 114.2601011087, 22.2089521349 ],
						[ 114.2600943251, 22.2091582553 ],
						[ 114.2597326247, 22.2094223895 ],
						[ 114.259214807, 22.209369597 ],
						[ 114.2591293169, 22.2093881623 ],
						[ 114.2583861943, 22.2095495449 ],
						[ 114.2583109631, 22.2096489655 ],
						[ 114.2584910245, 22.2098517772 ],
						[ 114.2583675035, 22.2102342265 ],
						[ 114.258656127, 22.2106155568 ],
						[ 114.2586390031, 22.2108391297 ],
						[ 114.2585158479, 22.2109998569 ],
						[ 114.2573368393, 22.2114383795 ],
						[ 114.2565966915, 22.2111545927 ],
						[ 114.2565651319, 22.2111362487 ],
						[ 114.2554004136, 22.2106896958 ],
						[ 114.254671823, 22.2107901152 ],
						[ 114.2543909856, 22.2111102163 ],
						[ 114.2543783322, 22.2112748521 ],
						[ 114.2543479121, 22.2116707368 ],
						[ 114.255144381, 22.2121702683 ],
						[ 114.2555859204, 22.2126956695 ],
						[ 114.2554889294, 22.212930289 ],
						[ 114.2549648672, 22.2129355896 ],
						[ 114.2551445262, 22.2133055004 ],
						[ 114.2551883926, 22.2141776829 ],
						[ 114.254747457, 22.2147338067 ],
						[ 114.2546680128, 22.2155041367 ],
						[ 114.2549811116, 22.2155604556 ],
						[ 114.2549418541, 22.2158992523 ],
						[ 114.255243233, 22.2161566359 ],
						[ 114.254864945, 22.2167981151 ],
						[ 114.2550009666, 22.2175935914 ],
						[ 114.254798607, 22.2180834957 ],
						[ 114.254497878, 22.2198932292 ],
						[ 114.2547233052, 22.2204389911 ],
						[ 114.2547797716, 22.2205757069 ],
						[ 114.2539176661, 22.2209543774 ],
						[ 114.2539649736, 22.2218141587 ],
						[ 114.253703502, 22.2224197726 ],
						[ 114.2532813058, 22.2230525537 ],
						[ 114.2522001544, 22.2241281535 ],
						[ 114.2520910248, 22.2247428782 ],
						[ 114.2515552526, 22.2250640038 ],
						[ 114.251249437, 22.2257596067 ],
						[ 114.2513809546, 22.2264421585 ],
						[ 114.2502936315, 22.2275714897 ],
						[ 114.2502401475, 22.2276270345 ],
						[ 114.2502431855, 22.2276680325 ],
						[ 114.2502898004, 22.2282981459 ],
						[ 114.2506277759, 22.2287239977 ],
						[ 114.2514554295, 22.2292859611 ],
						[ 114.2521980675, 22.2294421566 ],
						[ 114.2525525495, 22.2293960799 ],
						[ 114.2531345248, 22.2287861913 ],
						[ 114.253784376, 22.2287675257 ],
						[ 114.2545721136, 22.2284591233 ],
						[ 114.2564100206, 22.2280639095 ],
						[ 114.2559342246, 22.2289657204 ],
						[ 114.2559969522, 22.2295001441 ],
						[ 114.2552914054, 22.2300829021 ],
						[ 114.2544794895, 22.2303757145 ],
						[ 114.2543144728, 22.2306695885 ],
						[ 114.2537554915, 22.2307607929 ],
						[ 114.253323967, 22.2311583557 ],
						[ 114.2531259682, 22.2311852066 ],
						[ 114.2527935082, 22.2309393031 ],
						[ 114.2522477803, 22.2311314411 ],
						[ 114.2517140902, 22.2317100942 ],
						[ 114.2517099756, 22.2323091647 ],
						[ 114.2523458897, 22.2329510788 ],
						[ 114.2522750533, 22.2332641875 ],
						[ 114.2529280448, 22.2335618145 ],
						[ 114.2526806264, 22.233761156 ],
						[ 114.2526327114, 22.2345066794 ],
						[ 114.2536373102, 22.2348582962 ],
						[ 114.2537451924, 22.2355821718 ],
						[ 114.2536186239, 22.2358659305 ],
						[ 114.2528570627, 22.2363363534 ],
						[ 114.2529057795, 22.2370593449 ],
						[ 114.2520815811, 22.2369969201 ],
						[ 114.2520639353, 22.2369769433 ],
						[ 114.2520815811, 22.2369969201 ],
						[ 114.2516586998, 22.2369648938 ],
						[ 114.251770449, 22.2375524325 ],
						[ 114.2515350644, 22.2381442581 ],
						[ 114.2509268065, 22.2385558477 ],
						[ 114.2502517142, 22.2384744444 ],
						[ 114.2500915392, 22.2386191159 ],
						[ 114.2501449271, 22.2388743259 ],
						[ 114.2506358466, 22.239432308 ],
						[ 114.2509279159, 22.2406656483 ],
						[ 114.2505953389, 22.2411767281 ],
						[ 114.2508406013, 22.2415333013 ],
						[ 114.2504112127, 22.2417345551 ],
						[ 114.2501614427, 22.2421840795 ],
						[ 114.2500233023, 22.2420657045 ],
						[ 114.2495938147, 22.2420805902 ],
						[ 114.2494238065, 22.2422973392 ],
						[ 114.2485442194, 22.2425249594 ],
						[ 114.2480023372, 22.242614258 ],
						[ 114.2479461925, 22.2427542942 ],
						[ 114.2481598147, 22.2429529657 ],
						[ 114.2478664785, 22.2430935663 ],
						[ 114.2477330266, 22.2434415855 ],
						[ 114.2470970145, 22.2436484293 ],
						[ 114.2469033091, 22.2438413178 ],
						[ 114.2473181806, 22.2441505383 ],
						[ 114.2471121807, 22.2443953046 ],
						[ 114.2472602297, 22.2446385358 ],
						[ 114.2469223977, 22.2447917518 ],
						[ 114.24643562, 22.2453798035 ],
						[ 114.246525876, 22.2454173776 ],
						[ 114.2469357446, 22.2455879984 ],
						[ 114.2466978512, 22.2461573221 ],
						[ 114.2474134894, 22.2467423449 ],
						[ 114.2480231969, 22.2468822802 ],
						[ 114.248234597, 22.2467419863 ],
						[ 114.2483488606, 22.2462374015 ],
						[ 114.248707746, 22.2460283728 ],
						[ 114.2498095529, 22.2463616103 ],
						[ 114.2499571943, 22.2467412205 ],
						[ 114.2499735314, 22.2470228165 ],
						[ 114.250331233, 22.2469998527 ],
						[ 114.2506207235, 22.2477295802 ],
						[ 114.2500428645, 22.2484231982 ],
						[ 114.2501262815, 22.2486421182 ],
						[ 114.2505526957, 22.2488335109 ],
						[ 114.2511993908, 22.2485595149 ],
						[ 114.2512386603, 22.2487054776 ],
						[ 114.2509692865, 22.2489747327 ],
						[ 114.2512486319, 22.2490339004 ],
						[ 114.2513418396, 22.2492163223 ],
						[ 114.2514806428, 22.2495266517 ],
						[ 114.252389623, 22.2495677095 ],
						[ 114.2525423033, 22.2490333029 ],
						[ 114.2528607606, 22.2489236755 ],
						[ 114.2531300518, 22.2485266966 ],
						[ 114.2533946059, 22.2484125329 ],
						[ 114.2541444182, 22.2485672707 ],
						[ 114.2543406542, 22.2489777204 ],
						[ 114.2545808417, 22.2491144564 ],
						[ 114.2544241461, 22.2493197983 ],
						[ 114.2540419365, 22.2493291013 ],
						[ 114.2546939073, 22.2497621449 ],
						[ 114.2539353691, 22.2515962643 ],
						[ 114.2542539765, 22.2517512055 ],
						[ 114.2543423965, 22.2521434553 ],
						[ 114.2547883627, 22.2522071069 ],
						[ 114.2550681647, 22.2530736722 ],
						[ 114.2552886919, 22.2530826869 ],
						[ 114.2555387418, 22.2533197744 ],
						[ 114.2556077487, 22.2540495899 ],
						[ 114.2554267031, 22.2545240853 ],
						[ 114.2558187938, 22.2546196834 ],
						[ 114.2556229283, 22.2548934707 ],
						[ 114.2556183405, 22.2554499874 ],
						[ 114.2562407152, 22.2554861773 ],
						[ 114.2562016707, 22.2557690186 ],
						[ 114.2563635536, 22.256065443 ],
						[ 114.2562313823, 22.2563118279 ],
						[ 114.2565254888, 22.256453095 ],
						[ 114.2561924789, 22.2568455498 ],
						[ 114.2563005327, 22.2572697302 ],
						[ 114.2558599203, 22.2580454076 ],
						[ 114.2556590589, 22.2581549838 ],
						[ 114.2553263787, 22.2591678156 ],
						[ 114.2550275659, 22.2593823564 ],
						[ 114.2553075897, 22.2606184097 ],
						[ 114.2555773704, 22.2610516241 ],
						[ 114.2573417885, 22.2613655137 ],
						[ 114.2574350105, 22.2615616132 ],
						[ 114.2572930141, 22.2617852013 ],
						[ 114.2563771695, 22.2628211339 ],
						[ 114.2546284042, 22.2642451933 ],
						[ 114.2544815539, 22.2645645692 ],
						[ 114.2537172762, 22.264993717 ],
						[ 114.2533056367, 22.2650577761 ],
						[ 114.2532959614, 22.2652858587 ],
						[ 114.2528204384, 22.2657038668 ],
						[ 114.2528194679, 22.2657033254 ],
						[ 114.2528204384, 22.2657038668 ],
						[ 114.2487892457, 22.2692473598 ],
						[ 114.2474555561, 22.2679843952 ],
						[ 114.2470686045, 22.2684315981 ],
						[ 114.246627803, 22.2689791807 ],
						[ 114.2456980639, 22.27193547 ],
						[ 114.2456910008, 22.2723525894 ],
						[ 114.2455217528, 22.272186434 ],
						[ 114.2448695847, 22.2715024748 ],
						[ 114.2454420921, 22.269636548 ],
						[ 114.2436819965, 22.268250563 ],
						[ 114.2430154965, 22.2683101312 ],
						[ 114.2416488985, 22.2699528512 ],
						[ 114.244296363, 22.2727603122 ],
						[ 114.2415046824, 22.2760791065 ],
						[ 114.2406435397, 22.2792999078 ],
						[ 114.2391736075, 22.2803177167 ],
						[ 114.2391760421, 22.2804908962 ],
						[ 114.2391786674, 22.2806780732 ],
						[ 114.2387620851, 22.2807648996 ],
						[ 114.2389975186, 22.2811434189 ],
						[ 114.2384242119, 22.2814857539 ],
						[ 114.2372529578, 22.2818876147 ],
						[ 114.2368414422, 22.2823530436 ],
						[ 114.2367286653, 22.2822527369 ],
						[ 114.2365767547, 22.2823348994 ],
						[ 114.2354598534, 22.2837995693 ],
						[ 114.2351069995, 22.2839274256 ],
						[ 114.234578896, 22.2845903542 ],
						[ 114.2337104835, 22.2842254982 ],
						[ 114.2337461285, 22.2841155017 ],
						[ 114.2335026542, 22.2839150798 ],
						[ 114.2335027605, 22.2839141767 ],
						[ 114.2335026542, 22.2839150798 ],
						[ 114.2332247411, 22.2836863223 ],
						[ 114.2310827119, 22.2834316028 ],
						[ 114.2303130708, 22.2831262345 ],
						[ 114.2298338386, 22.2831322887 ],
						[ 114.2298117345, 22.2831331899 ],
						[ 114.2258661715, 22.2831058928 ],
						[ 114.2248126463, 22.2842114396 ],
						[ 114.2257194868, 22.2850107682 ],
						[ 114.2233151853, 22.2872292345 ],
						[ 114.2221832686, 22.288269594 ],
						[ 114.2196837858, 22.289374168 ],
						[ 114.2153215224, 22.2901370486 ],
						[ 114.2095192466, 22.2922848553 ],
						[ 114.2077891982, 22.2928023242 ],
						[ 114.2077872575, 22.2928029025 ],
						[ 114.2066405243, 22.2931412147 ],
						[ 114.2055214054, 22.2933934972 ],
						[ 114.2034410972, 22.2937740409 ],
						[ 114.2034280629, 22.2940217259 ],
						[ 114.2012641312, 22.2935837468 ],
						[ 114.2002279815, 22.29337997 ],
						[ 114.1986562632, 22.2930567211 ],
						[ 114.1986113804, 22.2932368068 ],
						[ 114.1961540078, 22.2927597051 ],
						[ 114.193684065, 22.2916299151 ],
						[ 114.1919475952, 22.2898445056 ],
						[ 114.191427079, 22.2902415216 ],
						[ 114.18870015, 22.2873524847 ],
						[ 114.1888968604, 22.2869646498 ],
						[ 114.189139811, 22.2860597172 ],
						[ 114.1897786131, 22.2857451035 ],
						[ 114.1898572611, 22.2852215373 ],
						[ 114.1891133329, 22.284985959 ],
						[ 114.1856029659, 22.2841208444 ],
						[ 114.1848217597, 22.283540224 ],
						[ 114.1848078607, 22.283305383 ],
						[ 114.1831100883, 22.2823520664 ],
						[ 114.1830047884, 22.2826073845 ],
						[ 114.1833867843, 22.2847091413 ],
						[ 114.1828775797, 22.2847113103 ],
						[ 114.1828729568, 22.284843817 ],
						[ 114.1832502366, 22.2849429137 ],
						[ 114.1832224691, 22.28503556 ],
						[ 114.182687785, 22.2848847596 ],
						[ 114.1825141966, 22.2848589111 ],
						[ 114.1820605321, 22.2847899865 ],
						[ 114.1817758298, 22.2845335977 ],
						[ 114.1813997135, 22.2846370275 ],
						[ 114.1813534143, 22.2845314607 ],
						[ 114.1817538333, 22.2842987568 ],
						[ 114.1817908242, 22.2832268555 ],
						[ 114.1807492591, 22.282724871 ],
						[ 114.1801879695, 22.2825546742 ],
						[ 114.1799056161, 22.2832958511 ],
						[ 114.1808916372, 22.2840542311 ],
						[ 114.1809147952, 22.2842395301 ],
						[ 114.1807597157, 22.2843278625 ],
						[ 114.1789647332, 22.2829769945 ],
						[ 114.1762497593, 22.2820796333 ],
						[ 114.1758794393, 22.2820559261 ],
						[ 114.1757498202, 22.2822045967 ],
						[ 114.1757035212, 22.2827173739 ],
						[ 114.1754859509, 22.2827044494 ],
						[ 114.1754327247, 22.282021453 ],
						[ 114.1749825462, 22.2819848202 ],
						[ 114.1749200549, 22.2820990119 ],
						[ 114.1745844459, 22.2819546529 ],
						[ 114.1731488721, 22.2818503499 ],
						[ 114.1729027793, 22.2820477719 ],
						[ 114.1728746565, 22.28247511 ],
						[ 114.1743272366, 22.2825988585 ],
						[ 114.1743137564, 22.2827189206 ],
						[ 114.1742989262, 22.2829078684 ],
						[ 114.1742918392, 22.2830972136 ],
						[ 114.1742925248, 22.2832866673 ],
						[ 114.1743009634, 22.2834759585 ],
						[ 114.1743171454, 22.2836648164 ],
						[ 114.1743410612, 22.283852961 ],
						[ 114.1743726623, 22.2840401214 ],
						[ 114.1744119002, 22.2842260266 ],
						[ 114.1744587361, 22.2844103967 ],
						[ 114.1746143901, 22.2844503414 ],
						[ 114.1746212115, 22.2844614582 ],
						[ 114.1744348729, 22.2851037051 ],
						[ 114.174210261, 22.2852482911 ],
						[ 114.1741229135, 22.2850210067 ],
						[ 114.1741848175, 22.2847664071 ],
						[ 114.1741772586, 22.2847574938 ],
						[ 114.1735623529, 22.2847504296 ],
						[ 114.17292622, 22.2849412509 ],
						[ 114.1726623411, 22.2849238514 ],
						[ 114.1719968996, 22.2846012768 ],
						[ 114.1718782296, 22.2844709612 ],
						[ 114.1720019052, 22.2843607009 ],
						[ 114.1720028562, 22.284359852 ],
						[ 114.1720024972, 22.2843588948 ],
						[ 114.1718206213, 22.2838777281 ],
						[ 114.1716808603, 22.2839132141 ],
						[ 114.1716062187, 22.2837076474 ],
						[ 114.1717412153, 22.2836677182 ],
						[ 114.1712103793, 22.2823610491 ],
						[ 114.171216978, 22.2823524883 ],
						[ 114.171325297, 22.2823552103 ],
						[ 114.171192425, 22.2817099397 ],
						[ 114.1670830607, 22.2812713799 ],
						[ 114.167039071, 22.2814760657 ],
						[ 114.1655761963, 22.282539247 ],
						[ 114.1634174339, 22.283081201 ],
						[ 114.162757227, 22.2827225567 ],
						[ 114.1624746647, 22.2828007824 ],
						[ 114.1620997032, 22.2829041677 ],
						[ 114.1621529152, 22.2831066935 ],
						[ 114.1615592086, 22.2832876217 ],
						[ 114.1614805363, 22.2830786274 ],
						[ 114.1610477014, 22.2831863123 ],
						[ 114.160039646, 22.2836828328 ],
						[ 114.1593442773, 22.2840434339 ],
						[ 114.1613720602, 22.286796402 ],
						[ 114.1551779387, 22.288603924 ],
						[ 114.1542301033, 22.2874759957 ],
						[ 114.1537544215, 22.2877330037 ],
						[ 114.1523844117, 22.2880733843 ],
						[ 114.1515602798, 22.28827549 ],
						[ 114.1507605303, 22.2884827881 ],
						[ 114.1498941262, 22.2894825087 ],
						[ 114.1458353446, 22.2904898913 ]
					]
				]
			},
			"properties" : {
				"TYPE" : null
			}
		},
		{
			"type" : "Feature",
			"geometry" : {
				"type" : "Polygon",
				"coordinates" : [
					[
						[ 114.3593912203, 22.5047136594 ],
						[ 114.3580909252, 22.5039417046 ],
						[ 114.3576938388, 22.5037346061 ],
						[ 114.3572638847, 22.503722229 ],
						[ 114.3568718348, 22.5032074766 ],
						[ 114.3567711082, 22.502507357 ],
						[ 114.3570428485, 22.5017021231 ],
						[ 114.3570538622, 22.5010514643 ],
						[ 114.3566403195, 22.5007217853 ],
						[ 114.3557496185, 22.5005579366 ],
						[ 114.3552847272, 22.5002581475 ],
						[ 114.3554981479, 22.4998285895 ],
						[ 114.3560421556, 22.4993959005 ],
						[ 114.3563817832, 22.4987384551 ],
						[ 114.3566252712, 22.49864313 ],
						[ 114.3568387213, 22.4981437925 ],
						[ 114.3574452971, 22.4972862857 ],
						[ 114.3574274235, 22.4968432037 ],
						[ 114.35753715, 22.4966318153 ],
						[ 114.3578109075, 22.4961044237 ],
						[ 114.3580200002, 22.496153323 ],
						[ 114.358173916, 22.4967114974 ],
						[ 114.3586799716, 22.4967536317 ],
						[ 114.3588340109, 22.4970248293 ],
						[ 114.3592400698, 22.4969210538 ],
						[ 114.359710903, 22.4964792604 ],
						[ 114.3599665184, 22.4965873345 ],
						[ 114.3599882129, 22.4962502876 ],
						[ 114.3601424704, 22.4962135031 ],
						[ 114.3601534735, 22.4967092576 ],
						[ 114.3601329401, 22.4972561598 ],
						[ 114.3605097471, 22.4974545523 ],
						[ 114.3607391269, 22.49790198 ],
						[ 114.3606536172, 22.4982565554 ],
						[ 114.3606223364, 22.4985160244 ],
						[ 114.360876363, 22.4989184254 ],
						[ 114.3607014721, 22.4993167286 ],
						[ 114.3611307787, 22.4999801954 ],
						[ 114.3613627192, 22.5008587917 ],
						[ 114.3618031229, 22.5009377178 ],
						[ 114.3620265554, 22.5006187978 ],
						[ 114.3622388452, 22.5012081278 ],
						[ 114.3619591513, 22.5012130459 ],
						[ 114.3619919447, 22.5017190153 ],
						[ 114.3622931293, 22.5018977409 ],
						[ 114.3626458448, 22.5018087106 ],
						[ 114.3628120596, 22.5026717668 ],
						[ 114.3631413728, 22.5031911647 ],
						[ 114.3635426807, 22.5032223876 ],
						[ 114.3639618478, 22.5036695902 ],
						[ 114.3638501477, 22.5040219038 ],
						[ 114.36333404, 22.5038824503 ],
						[ 114.3625856835, 22.5041207139 ],
						[ 114.3624224912, 22.504037326 ],
						[ 114.3621299053, 22.5032694685 ],
						[ 114.3614939147, 22.5040177316 ],
						[ 114.3607475494, 22.5046403073 ],
						[ 114.3604557789, 22.5046019902 ],
						[ 114.3604350858, 22.5045417633 ],
						[ 114.3604557789, 22.5046019902 ],
						[ 114.3602345017, 22.5045729297 ],
						[ 114.3593912203, 22.5047136594 ]
					]
				]
			},
			"properties" : {
				"TYPE" : null
			}
		},
		{
			"type" : "Feature",
			"geometry" : {
				"type" : "Polygon",
				"coordinates" : [
					[
						[ 114.3002369671, 22.3756380793 ],
						[ 114.2998831418, 22.3758607614 ],
						[ 114.2998460214, 22.3755408203 ],
						[ 114.299379369, 22.3752665021 ],
						[ 114.2995138938, 22.3748843099 ],
						[ 114.2998953613, 22.3748497585 ],
						[ 114.30005976, 22.3746868583 ],
						[ 114.3003950466, 22.3743546227 ],
						[ 114.3004410758, 22.3741513377 ],
						[ 114.300136379, 22.3734402181 ],
						[ 114.3007227575, 22.3728370101 ],
						[ 114.3011709199, 22.372688006 ],
						[ 114.3020132486, 22.3727506516 ],
						[ 114.3022023368, 22.3733497886 ],
						[ 114.3024896701, 22.373484283 ],
						[ 114.3023182834, 22.3738299327 ],
						[ 114.3020337521, 22.3747337197 ],
						[ 114.3013024212, 22.375225553 ],
						[ 114.3011243885, 22.3751345177 ],
						[ 114.3011516265, 22.3748743457 ],
						[ 114.300617201, 22.3749200524 ],
						[ 114.3002369671, 22.3756380793 ]
					]
				]
			},
			"properties" : {
				"TYPE" : null
			}
		},
		{
			"type" : "Feature",
			"geometry" : {
				"type" : "Polygon",
				"coordinates" : [
					[
						[ 114.2297063202, 22.4578502203 ],
						[ 114.2284423763, 22.4566276913 ],
						[ 114.2280560109, 22.4559938053 ],
						[ 114.2275565664, 22.4555865095 ],
						[ 114.2275251934, 22.4548062893 ],
						[ 114.2268501733, 22.4537326719 ],
						[ 114.2268497902, 22.4526646235 ],
						[ 114.2267445871, 22.4526185556 ],
						[ 114.2259319105, 22.4522626532 ],
						[ 114.2242078637, 22.4508067381 ],
						[ 114.2233092365, 22.4502787544 ],
						[ 114.2233887834, 22.4501625638 ],
						[ 114.2246459041, 22.4499188799 ],
						[ 114.2247483604, 22.4497538994 ],
						[ 114.2249000636, 22.4495096168 ],
						[ 114.224875589, 22.4488536524 ],
						[ 114.2257958858, 22.4491290574 ],
						[ 114.2270939368, 22.4503550654 ],
						[ 114.2280615336, 22.450716557 ],
						[ 114.2292777207, 22.450754889 ],
						[ 114.2296253393, 22.4508917495 ],
						[ 114.230654179, 22.4520288124 ],
						[ 114.2311127793, 22.4529412393 ],
						[ 114.2321189638, 22.4533258114 ],
						[ 114.2331820379, 22.4544582224 ],
						[ 114.2336326027, 22.4554272836 ],
						[ 114.2335688214, 22.4560728741 ],
						[ 114.2343731914, 22.457034295 ],
						[ 114.2342502306, 22.4574088491 ],
						[ 114.233506056, 22.4576894169 ],
						[ 114.232385324, 22.4586093219 ],
						[ 114.2307157289, 22.4584509523 ],
						[ 114.2297063202, 22.4578502203 ]
					]
				]
			},
			"properties" : {
				"TYPE" : null
			}
		},
		{
			"type" : "Feature",
			"geometry" : {
				"type" : "Polygon",
				"coordinates" : [
					[
						[ 114.0796641081, 22.2833373975 ],
						[ 114.0794644483, 22.2836895355 ],
						[ 114.0789790608, 22.2839676217 ],
						[ 114.0788319173, 22.2845934364 ],
						[ 114.0789693993, 22.2850645747 ],
						[ 114.0795008768, 22.2851872411 ],
						[ 114.0794096621, 22.2857628524 ],
						[ 114.0797123486, 22.2861265253 ],
						[ 114.0797432495, 22.286443338 ],
						[ 114.0795429245, 22.2868392108 ],
						[ 114.0787058872, 22.2868186139 ],
						[ 114.0775777023, 22.2863001755 ],
						[ 114.0761559914, 22.2859706847 ],
						[ 114.0744719264, 22.2848466648 ],
						[ 114.0740721521, 22.2844043182 ],
						[ 114.073997711, 22.2842655246 ],
						[ 114.0738787141, 22.2840436661 ],
						[ 114.0743455351, 22.2831189908 ],
						[ 114.0741672383, 22.2829007886 ],
						[ 114.0742950843, 22.2826301674 ],
						[ 114.0745483756, 22.2827727672 ],
						[ 114.0747549101, 22.2825896839 ],
						[ 114.074464999, 22.2821527261 ],
						[ 114.0755433123, 22.2821859036 ],
						[ 114.076018207, 22.2823871577 ],
						[ 114.0765713702, 22.282357943 ],
						[ 114.0765682975, 22.2822036799 ],
						[ 114.0767518845, 22.2821370117 ],
						[ 114.077318815, 22.2823968191 ],
						[ 114.0776777197, 22.2822658327 ],
						[ 114.0780117096, 22.2823499579 ],
						[ 114.0781655243, 22.2821615191 ],
						[ 114.0787058137, 22.2823769831 ],
						[ 114.0793587265, 22.2822928498 ],
						[ 114.0794598293, 22.282638675 ],
						[ 114.0796641081, 22.2833373975 ]
					]
				]
			},
			"properties" : {
				"TYPE" : null
			}
		},
		{
			"type" : "Feature",
			"geometry" : {
				"type" : "Polygon",
				"coordinates" : [
					[
						[ 114.051820373, 22.3438629279 ],
						[ 114.052008647, 22.3442183078 ],
						[ 114.0517475389, 22.3443389623 ],
						[ 114.0515615212, 22.3444249249 ],
						[ 114.0518236639, 22.3446249102 ],
						[ 114.0518943753, 22.3446788591 ],
						[ 114.0518999302, 22.344850778 ],
						[ 114.051906118, 22.3450423478 ],
						[ 114.0512122937, 22.3450678193 ],
						[ 114.0511716154, 22.3451469224 ],
						[ 114.0509850759, 22.3455097335 ],
						[ 114.0506682874, 22.3455584056 ],
						[ 114.0506598643, 22.3455656054 ],
						[ 114.0503305461, 22.345847192 ],
						[ 114.0498529514, 22.34625555 ],
						[ 114.0498483852, 22.3462594566 ],
						[ 114.0477153911, 22.3463795204 ],
						[ 114.0476575329, 22.3464107651 ],
						[ 114.0469023622, 22.3468185947 ],
						[ 114.0461938565, 22.3468995888 ],
						[ 114.0461177787, 22.3469591742 ],
						[ 114.0459420739, 22.3470967933 ],
						[ 114.0459237085, 22.3473130961 ],
						[ 114.0459099565, 22.3474750298 ],
						[ 114.0455128172, 22.3475154813 ],
						[ 114.0449834949, 22.3471845062 ],
						[ 114.0447158998, 22.347017187 ],
						[ 114.0444649217, 22.3467197868 ],
						[ 114.044383981, 22.3466238794 ],
						[ 114.0444613966, 22.3459808594 ],
						[ 114.0444857992, 22.3457781977 ],
						[ 114.0442738775, 22.3455533625 ],
						[ 114.0441513042, 22.3454233126 ],
						[ 114.0441236119, 22.3451525992 ],
						[ 114.0442863456, 22.3450569816 ],
						[ 114.0442428885, 22.3446520884 ],
						[ 114.0443276526, 22.3446147262 ],
						[ 114.0445157786, 22.3445318079 ],
						[ 114.0445102839, 22.3442850979 ],
						[ 114.0444949921, 22.3435984114 ],
						[ 114.0444942472, 22.3435647991 ],
						[ 114.0446476276, 22.343266257 ],
						[ 114.0437041663, 22.3429278321 ],
						[ 114.0422002934, 22.3423255521 ],
						[ 114.0418127548, 22.3408479759 ],
						[ 114.0413511791, 22.3408447821 ],
						[ 114.041384077, 22.3411368396 ],
						[ 114.0401660055, 22.3412461339 ],
						[ 114.0400759397, 22.3404398915 ],
						[ 114.0393040231, 22.3404333322 ],
						[ 114.0396598237, 22.3400315123 ],
						[ 114.0391773471, 22.3395179239 ],
						[ 114.0388893168, 22.3397092531 ],
						[ 114.0383779949, 22.3391358013 ],
						[ 114.038605941, 22.3389693642 ],
						[ 114.0383033374, 22.338672434 ],
						[ 114.0376264068, 22.3382843618 ],
						[ 114.0375657442, 22.3383938774 ],
						[ 114.0366449207, 22.3377553727 ],
						[ 114.03334252, 22.3359580748 ],
						[ 114.0307857863, 22.3339093765 ],
						[ 114.0302379115, 22.3337933178 ],
						[ 114.0299327582, 22.3335393822 ],
						[ 114.0284771144, 22.3322392634 ],
						[ 114.0282811014, 22.3322053277 ],
						[ 114.0278409673, 22.3312888638 ],
						[ 114.0260114894, 22.3292437187 ],
						[ 114.0236374413, 22.3271118331 ],
						[ 114.0213403193, 22.3259353839 ],
						[ 114.0206443348, 22.3259677576 ],
						[ 114.0206362587, 22.3259681291 ],
						[ 114.0207073436, 22.3261206245 ],
						[ 114.0204537672, 22.3262220371 ],
						[ 114.0204970991, 22.3266641701 ],
						[ 114.0205865155, 22.3267507691 ],
						[ 114.0208404152, 22.3269966539 ],
						[ 114.0218155951, 22.3275324786 ],
						[ 114.0218750661, 22.3277704456 ],
						[ 114.022002281, 22.3282795024 ],
						[ 114.0226701712, 22.3287817505 ],
						[ 114.0224323602, 22.3293368945 ],
						[ 114.0226950063, 22.3296954229 ],
						[ 114.0227412765, 22.3297585905 ],
						[ 114.0228101425, 22.3302120442 ],
						[ 114.0229122087, 22.3308840779 ],
						[ 114.0230897587, 22.3311815324 ],
						[ 114.0239772092, 22.3318047307 ],
						[ 114.0239928454, 22.3320287484 ],
						[ 114.0242613225, 22.3322642293 ],
						[ 114.0240766532, 22.3326624113 ],
						[ 114.0232164875, 22.3320880767 ],
						[ 114.0225443894, 22.3323684962 ],
						[ 114.0223417214, 22.3320325019 ],
						[ 114.0214098963, 22.3319009931 ],
						[ 114.0206285304, 22.3323864741 ],
						[ 114.0205408557, 22.3324409522 ],
						[ 114.0204779723, 22.3327306188 ],
						[ 114.0204246309, 22.3329763158 ],
						[ 114.0200833072, 22.333133199 ],
						[ 114.019945187, 22.3333682932 ],
						[ 114.0193208555, 22.3327567797 ],
						[ 114.0188729797, 22.3323180819 ],
						[ 114.0187045482, 22.3321531101 ],
						[ 114.0185245499, 22.3317788075 ],
						[ 114.0185537666, 22.3312203142 ],
						[ 114.0181289247, 22.3305136189 ],
						[ 114.0175418937, 22.3299307618 ],
						[ 114.0172792366, 22.3296699719 ],
						[ 114.0164178034, 22.3291070507 ],
						[ 114.015854948, 22.3291138075 ],
						[ 114.0150976762, 22.3291228789 ],
						[ 114.0141037475, 22.3288807411 ],
						[ 114.0138197107, 22.3289413397 ],
						[ 114.0120974102, 22.3284537635 ],
						[ 114.0111134737, 22.3278304107 ],
						[ 114.0114149814, 22.3267734209 ],
						[ 114.0111855188, 22.326561411 ],
						[ 114.0106159125, 22.3266792366 ],
						[ 114.0111861652, 22.3261208016 ],
						[ 114.011228668, 22.3254970501 ],
						[ 114.0110783456, 22.3252751421 ],
						[ 114.0100582803, 22.3250760376 ],
						[ 114.0090749449, 22.3250976355 ],
						[ 114.0083082563, 22.3247864961 ],
						[ 114.0080686774, 22.3245911597 ],
						[ 114.007837412, 22.3239489543 ],
						[ 114.0034196993, 22.3218434737 ],
						[ 114.0031903394, 22.3218628878 ],
						[ 114.0027743354, 22.3213700774 ],
						[ 114.0020430119, 22.32098821 ],
						[ 114.0013773773, 22.3207737918 ],
						[ 114.000611755, 22.3205271677 ],
						[ 114.0006408685, 22.3210642197 ],
						[ 114.0000367595, 22.3210831765 ],
						[ 113.9996581132, 22.3209014566 ],
						[ 113.9988073806, 22.3205175296 ],
						[ 113.9986105783, 22.3201913102 ],
						[ 113.9983364068, 22.3202040126 ],
						[ 113.9983954407, 22.3197137813 ],
						[ 113.9983963824, 22.3197059347 ],
						[ 113.9971721344, 22.3198704833 ],
						[ 113.9962100914, 22.3186162886 ],
						[ 113.9970666046, 22.3180793439 ],
						[ 113.9972544435, 22.3172965299 ],
						[ 113.9952662706, 22.3147828346 ],
						[ 113.9924022203, 22.3123973483 ],
						[ 113.9910865536, 22.3117634903 ],
						[ 113.9871655775, 22.3112987458 ],
						[ 113.9863536839, 22.3110558654 ],
						[ 113.9797346051, 22.3072386472 ],
						[ 113.9776081781, 22.3043744156 ],
						[ 113.9768965786, 22.3036368803 ],
						[ 113.9704759576, 22.3004717169 ],
						[ 113.9681096092, 22.2997560787 ],
						[ 113.967498572, 22.2997293376 ],
						[ 113.9678360103, 22.2982933064 ],
						[ 113.9704781835, 22.2989560915 ],
						[ 113.9726656932, 22.2996664133 ],
						[ 113.9761332321, 22.3011730297 ],
						[ 113.9796301582, 22.301943905 ],
						[ 113.979725497, 22.3019649176 ],
						[ 113.9797139568, 22.3018828879 ],
						[ 113.9796405642, 22.3013612921 ],
						[ 113.9797788563, 22.3008351943 ],
						[ 113.9798697983, 22.3004892078 ],
						[ 113.9800366715, 22.3002727849 ],
						[ 113.9802070345, 22.3000518506 ],
						[ 113.9804627245, 22.2988900062 ],
						[ 113.9802791153, 22.2984736909 ],
						[ 113.9803595, 22.2977639577 ],
						[ 113.9796573334, 22.2961956862 ],
						[ 113.9795544578, 22.2953800546 ],
						[ 113.9795516292, 22.2953764208 ],
						[ 113.9793247461, 22.2950845383 ],
						[ 113.9791994908, 22.2952382037 ],
						[ 113.9784678707, 22.2952083952 ],
						[ 113.9782217946, 22.2949580916 ],
						[ 113.9782445583, 22.2946233016 ],
						[ 113.9782496819, 22.2945479477 ],
						[ 113.9780368272, 22.2946115152 ],
						[ 113.9777096235, 22.2951436385 ],
						[ 113.977708544, 22.2952069144 ],
						[ 113.9776997511, 22.2957211591 ],
						[ 113.9776978462, 22.2958327657 ],
						[ 113.9779987193, 22.2959554809 ],
						[ 113.978091018, 22.2962635187 ],
						[ 113.9776333971, 22.2969438272 ],
						[ 113.9776197712, 22.297026648 ],
						[ 113.9775616456, 22.2973799252 ],
						[ 113.9773263799, 22.2975658105 ],
						[ 113.976513537, 22.2974779259 ],
						[ 113.9759823533, 22.2976226616 ],
						[ 113.9759913066, 22.297645809 ],
						[ 113.9760880324, 22.29789585 ],
						[ 113.9764418631, 22.2978501862 ],
						[ 113.9766523988, 22.2979946915 ],
						[ 113.976836573, 22.298619681 ],
						[ 113.9769034634, 22.2988466477 ],
						[ 113.9773121684, 22.2990723372 ],
						[ 113.9772527811, 22.2994382373 ],
						[ 113.9765928969, 22.2992777186 ],
						[ 113.9765120951, 22.2989318652 ],
						[ 113.9759648598, 22.2987538823 ],
						[ 113.9756548863, 22.2992162702 ],
						[ 113.9752768612, 22.2992938253 ],
						[ 113.9749177276, 22.2990492823 ],
						[ 113.9745169179, 22.2990718291 ],
						[ 113.9742454196, 22.2988327129 ],
						[ 113.9733174103, 22.2988841547 ],
						[ 113.9726800959, 22.2986303896 ],
						[ 113.9721983855, 22.2981365418 ],
						[ 113.9721404007, 22.2980770927 ],
						[ 113.9717546706, 22.2978959309 ],
						[ 113.9717189633, 22.2978791612 ],
						[ 113.9710494613, 22.2979273676 ],
						[ 113.9705979981, 22.2976451037 ],
						[ 113.9704796656, 22.2979469357 ],
						[ 113.9686509762, 22.2974519098 ],
						[ 113.9675609205, 22.2977507653 ],
						[ 113.967552395, 22.2977997542 ],
						[ 113.9672326096, 22.2996376952 ],
						[ 113.9658338175, 22.2992026858 ],
						[ 113.9607579226, 22.2983645703 ],
						[ 113.9594709901, 22.2979844977 ],
						[ 113.9570795048, 22.2968373923 ],
						[ 113.9567700712, 22.296688971 ],
						[ 113.9563007729, 22.296463852 ],
						[ 113.9538103922, 22.2947437369 ],
						[ 113.953387755, 22.2947433452 ],
						[ 113.9530629781, 22.2951372267 ],
						[ 113.9441397683, 22.2940468882 ],
						[ 113.9440989618, 22.2944104816 ],
						[ 113.9403978945, 22.2939424869 ],
						[ 113.9394389618, 22.293228756 ],
						[ 113.9393140868, 22.2931442097 ],
						[ 113.9365900924, 22.2905422687 ],
						[ 113.9364611913, 22.2887399826 ],
						[ 113.9363485655, 22.2885208334 ],
						[ 113.936280497, 22.2883883805 ],
						[ 113.9352274585, 22.2876067378 ],
						[ 113.9352209829, 22.2874730577 ],
						[ 113.9352178434, 22.2874083489 ],
						[ 113.9351401413, 22.2871231743 ],
						[ 113.9344153544, 22.2863070844 ],
						[ 113.9346567177, 22.2861463212 ],
						[ 113.9349563507, 22.2856809439 ],
						[ 113.935622435, 22.2858552858 ],
						[ 113.9357035582, 22.285939481 ],
						[ 113.935840688, 22.2860817987 ],
						[ 113.9362745054, 22.2861111052 ],
						[ 113.9366195841, 22.2861344184 ],
						[ 113.9367106711, 22.2861405675 ],
						[ 113.9367316374, 22.2861196837 ],
						[ 113.9370883367, 22.2857642889 ],
						[ 113.9371088145, 22.2854380174 ],
						[ 113.9367837585, 22.2853392754 ],
						[ 113.9365597115, 22.2853004737 ],
						[ 113.9363637439, 22.2854392363 ],
						[ 113.9355208328, 22.2852762209 ],
						[ 113.9354284424, 22.2848427062 ],
						[ 113.9342846368, 22.2841471372 ],
						[ 113.9336755654, 22.283840776 ],
						[ 113.9331714608, 22.283320437 ],
						[ 113.9330112217, 22.2829605177 ],
						[ 113.9328149233, 22.2824230209 ],
						[ 113.9329333898, 22.2818869272 ],
						[ 113.9335447439, 22.2814456622 ],
						[ 113.9337097374, 22.2807840313 ],
						[ 113.9334899599, 22.2802956264 ],
						[ 113.9330982973, 22.2801291111 ],
						[ 113.9328886068, 22.2810043468 ],
						[ 113.9327488649, 22.2811751759 ],
						[ 113.9325797521, 22.2807642561 ],
						[ 113.9326767612, 22.2799616107 ],
						[ 113.93255954, 22.2797811299 ],
						[ 113.9319271215, 22.2800290781 ],
						[ 113.9315931965, 22.2804573188 ],
						[ 113.9315360521, 22.280664421 ],
						[ 113.9319357549, 22.2807883098 ],
						[ 113.931954288, 22.2810168475 ],
						[ 113.9302409816, 22.2807806515 ],
						[ 113.9297695202, 22.2803998649 ],
						[ 113.9299933953, 22.2778385285 ],
						[ 113.9298064773, 22.277815731 ],
						[ 113.9295895138, 22.2793910019 ],
						[ 113.9292133959, 22.2803030679 ],
						[ 113.9288262066, 22.2801448844 ],
						[ 113.9287087939, 22.2801746956 ],
						[ 113.9286029914, 22.2802015533 ],
						[ 113.9284908373, 22.2799733417 ],
						[ 113.9278231002, 22.2801943358 ],
						[ 113.9278772353, 22.2805610511 ],
						[ 113.9277417385, 22.2808574887 ],
						[ 113.9275961645, 22.2806473405 ],
						[ 113.9275614188, 22.2805971856 ],
						[ 113.9275627187, 22.2806028136 ],
						[ 113.9276562117, 22.2810067322 ],
						[ 113.9277091934, 22.2812356573 ],
						[ 113.9276348194, 22.2817331097 ],
						[ 113.9275435449, 22.2823436802 ],
						[ 113.9274214058, 22.2831606059 ],
						[ 113.9269450645, 22.2838440025 ],
						[ 113.9265963666, 22.2838847171 ],
						[ 113.9262775927, 22.2841766895 ],
						[ 113.9262386862, 22.2842123273 ],
						[ 113.9259949622, 22.2845560698 ],
						[ 113.925731927, 22.2849270454 ],
						[ 113.9254642792, 22.2853045334 ],
						[ 113.9244876523, 22.2858365081 ],
						[ 113.9243326989, 22.286148201 ],
						[ 113.9241785769, 22.287384589 ],
						[ 113.9243380444, 22.2883262826 ],
						[ 113.9243737056, 22.2884938731 ],
						[ 113.9243553785, 22.2886865207 ],
						[ 113.9243642235, 22.288770302 ],
						[ 113.924427277, 22.2887117646 ],
						[ 113.9245292071, 22.2884891932 ],
						[ 113.9245599131, 22.2877951697 ],
						[ 113.924587366, 22.2878324364 ],
						[ 113.92460705, 22.287905461 ],
						[ 113.9246540999, 22.2880642554 ],
						[ 113.9247060522, 22.2884709282 ],
						[ 113.9245878555, 22.2888359858 ],
						[ 113.9240718541, 22.2896792248 ],
						[ 113.9240958209, 22.2899230602 ],
						[ 113.9240217433, 22.2901217888 ],
						[ 113.9236142489, 22.2904446735 ],
						[ 113.9230457218, 22.2905763542 ],
						[ 113.9220099595, 22.2912862042 ],
						[ 113.9216273339, 22.2913495664 ],
						[ 113.919751522, 22.290854829 ],
						[ 113.9192994286, 22.2910492446 ],
						[ 113.91925429, 22.2914918239 ],
						[ 113.9189457285, 22.2916317681 ],
						[ 113.9186868859, 22.292090696 ],
						[ 113.9182461011, 22.2920904549 ],
						[ 113.9180903209, 22.2923918633 ],
						[ 113.9178752628, 22.2922377209 ],
						[ 113.9166025678, 22.2925800656 ],
						[ 113.9166028302, 22.292705672 ],
						[ 113.9162076164, 22.292834825 ],
						[ 113.9157344446, 22.292841018 ],
						[ 113.9155066532, 22.2926626591 ],
						[ 113.9148425286, 22.2927714451 ],
						[ 113.9145190086, 22.2926499492 ],
						[ 113.9145087928, 22.2927889762 ],
						[ 113.9142368766, 22.2927727781 ],
						[ 113.9136698615, 22.2920872714 ],
						[ 113.9133976351, 22.2919681683 ],
						[ 113.9129688452, 22.2919470808 ],
						[ 113.9126690357, 22.2921973445 ],
						[ 113.9124703366, 22.2921817322 ],
						[ 113.9123066678, 22.2920739297 ],
						[ 113.9121905504, 22.2913210166 ],
						[ 113.9119869443, 22.291263205 ],
						[ 113.9118104913, 22.2913384666 ],
						[ 113.9114134598, 22.2911144109 ],
						[ 113.9113506199, 22.2906299543 ],
						[ 113.9106159568, 22.2901175041 ],
						[ 113.9096629812, 22.2899527832 ],
						[ 113.9088692023, 22.2901429044 ],
						[ 113.9085943779, 22.2903519503 ],
						[ 113.9083274336, 22.2913832678 ],
						[ 113.9086110102, 22.2918115501 ],
						[ 113.90835532, 22.292172196 ],
						[ 113.9075906864, 22.2922209857 ],
						[ 113.9071581602, 22.2925896803 ],
						[ 113.9066557685, 22.2925058721 ],
						[ 113.906160148, 22.2927863931 ],
						[ 113.9058495122, 22.2924438155 ],
						[ 113.9056487635, 22.2924596991 ],
						[ 113.9053537342, 22.2926243295 ],
						[ 113.90511874, 22.2927554572 ],
						[ 113.9048236029, 22.2934163783 ],
						[ 113.9040693289, 22.2929833709 ],
						[ 113.903927686, 22.292584741 ],
						[ 113.9041057159, 22.291959774 ],
						[ 113.9039887126, 22.291681012 ],
						[ 113.9033714848, 22.2912354805 ],
						[ 113.9032522909, 22.2908019035 ],
						[ 113.9030417345, 22.290737585 ],
						[ 113.9029944743, 22.2909678656 ],
						[ 113.9027695753, 22.2908488336 ],
						[ 113.9025690049, 22.2905156919 ],
						[ 113.9025915445, 22.2901986945 ],
						[ 113.9027349294, 22.2899695065 ],
						[ 113.9017393106, 22.2897133592 ],
						[ 113.9018174364, 22.2889890427 ],
						[ 113.9014236605, 22.2896558141 ],
						[ 113.9003057914, 22.2897679332 ],
						[ 113.8999133315, 22.2900180245 ],
						[ 113.8997911977, 22.2908112582 ],
						[ 113.899775406, 22.2915121193 ],
						[ 113.899370557, 22.2917283415 ],
						[ 113.8986262624, 22.2913164032 ],
						[ 113.8984774336, 22.2910171917 ],
						[ 113.8980462419, 22.2909524883 ],
						[ 113.8973010229, 22.2912631397 ],
						[ 113.8969965776, 22.2915768691 ],
						[ 113.8969267388, 22.2918835886 ],
						[ 113.8963025599, 22.2914310649 ],
						[ 113.8963254198, 22.2909606491 ],
						[ 113.8966083166, 22.2904600958 ],
						[ 113.8965130554, 22.2900260858 ],
						[ 113.8958411192, 22.2893088195 ],
						[ 113.8951842455, 22.2890249436 ],
						[ 113.8944270413, 22.2878648731 ],
						[ 113.8944670767, 22.2875228745 ],
						[ 113.8948152365, 22.2872657749 ],
						[ 113.8947966206, 22.2868615713 ],
						[ 113.8945883445, 22.2856663047 ],
						[ 113.8940653306, 22.2849580856 ],
						[ 113.8941207766, 22.2841326903 ],
						[ 113.8943905973, 22.2837960403 ],
						[ 113.894491747, 22.2836698336 ],
						[ 113.8940593155, 22.2827717329 ],
						[ 113.89407294, 22.2824093062 ],
						[ 113.8937725364, 22.2819601087 ],
						[ 113.8916119782, 22.2800429966 ],
						[ 113.8911072335, 22.2799215964 ],
						[ 113.8907076165, 22.2800228658 ],
						[ 113.88985609, 22.2792412855 ],
						[ 113.8884734827, 22.2785607316 ],
						[ 113.8863835214, 22.2779734613 ],
						[ 113.8862137839, 22.2769650404 ],
						[ 113.8859717828, 22.2767068931 ],
						[ 113.8858429679, 22.2761435078 ],
						[ 113.8856742224, 22.2749024156 ],
						[ 113.885765885, 22.2744052399 ],
						[ 113.88562879, 22.2742339644 ],
						[ 113.8858111852, 22.2741763513 ],
						[ 113.886064083, 22.2734931366 ],
						[ 113.8877013845, 22.2723465775 ],
						[ 113.888029158, 22.2715717152 ],
						[ 113.8876546156, 22.2701430005 ],
						[ 113.8877181308, 22.2683424366 ],
						[ 113.8872241664, 22.2687799998 ],
						[ 113.8871975545, 22.2687791576 ],
						[ 113.8867112833, 22.2687637868 ],
						[ 113.8862107841, 22.2690136528 ],
						[ 113.8860947451, 22.2691302465 ],
						[ 113.8858287844, 22.2693968582 ],
						[ 113.8857297305, 22.2694962247 ],
						[ 113.8847731904, 22.2696910307 ],
						[ 113.8842090403, 22.270139611 ],
						[ 113.8839772435, 22.2707292322 ],
						[ 113.8843905079, 22.2719591808 ],
						[ 113.8834683582, 22.2726082781 ],
						[ 113.8829950829, 22.272691777 ],
						[ 113.8806587659, 22.270662033 ],
						[ 113.8799244282, 22.2703325307 ],
						[ 113.8788067103, 22.2702048777 ],
						[ 113.8779484219, 22.2698565994 ],
						[ 113.8770784965, 22.2693618284 ],
						[ 113.8747634721, 22.2686154716 ],
						[ 113.8736419173, 22.2686606661 ],
						[ 113.8722395643, 22.2689036918 ],
						[ 113.8714974191, 22.2687428549 ],
						[ 113.8699607365, 22.2675557099 ],
						[ 113.8696875617, 22.2670031646 ],
						[ 113.8696472514, 22.2663041322 ],
						[ 113.869565011, 22.2656573886 ],
						[ 113.8685139547, 22.2642190055 ],
						[ 113.8679257706, 22.2631212349 ],
						[ 113.8670179492, 22.2620047828 ],
						[ 113.8663480743, 22.2613833393 ],
						[ 113.8655487292, 22.2600886423 ],
						[ 113.8652834199, 22.2593673865 ],
						[ 113.8646277946, 22.2588391224 ],
						[ 113.8641579334, 22.258746911 ],
						[ 113.8639670627, 22.2585722537 ],
						[ 113.8638980399, 22.2585090965 ],
						[ 113.863226054, 22.2585266748 ],
						[ 113.8630883406, 22.2584693358 ],
						[ 113.8629818596, 22.2581409415 ],
						[ 113.863075025, 22.2575703536 ],
						[ 113.8631521813, 22.2573136643 ],
						[ 113.8642527705, 22.255708272 ],
						[ 113.86406966, 22.2554484624 ],
						[ 113.865329094, 22.2553776435 ],
						[ 113.8667097751, 22.2549677677 ],
						[ 113.8669500284, 22.254854206 ],
						[ 113.8668547974, 22.2546876271 ],
						[ 113.8675539144, 22.2542259165 ],
						[ 113.8684195847, 22.2541028765 ],
						[ 113.8693722766, 22.2535790752 ],
						[ 113.8694868402, 22.2533164661 ],
						[ 113.8691509173, 22.2532079693 ],
						[ 113.8687579726, 22.2532139347 ],
						[ 113.868452465, 22.2534151073 ],
						[ 113.867985207, 22.2532798 ],
						[ 113.8675261524, 22.2534912086 ],
						[ 113.8670549826, 22.2540010984 ],
						[ 113.8665968111, 22.2540345226 ],
						[ 113.8654892015, 22.2550289369 ],
						[ 113.8646043912, 22.2552441536 ],
						[ 113.8640969132, 22.255281648 ],
						[ 113.8644117199, 22.2547853826 ],
						[ 113.8643174739, 22.2541719807 ],
						[ 113.8640314454, 22.2538196356 ],
						[ 113.8636489542, 22.2538573692 ],
						[ 113.8629970564, 22.2541258728 ],
						[ 113.8626435876, 22.2540996965 ],
						[ 113.8615965355, 22.2533908284 ],
						[ 113.8617198917, 22.2530031144 ],
						[ 113.8605549051, 22.2522638848 ],
						[ 113.8613898385, 22.247188294 ],
						[ 113.8620120363, 22.2472738548 ],
						[ 113.8620711574, 22.2471071113 ],
						[ 113.8614308594, 22.2466571952 ],
						[ 113.8613517514, 22.2465045243 ],
						[ 113.8613242809, 22.2464515066 ],
						[ 113.8609656979, 22.2461233977 ],
						[ 113.8590469061, 22.2453586968 ],
						[ 113.8581971724, 22.2452712973 ],
						[ 113.8553983666, 22.2449590642 ],
						[ 113.853261905, 22.2442596255 ],
						[ 113.8515518361, 22.2431989226 ],
						[ 113.8511156911, 22.2424462542 ],
						[ 113.850986131, 22.24161967 ],
						[ 113.8512962405, 22.2402363284 ],
						[ 113.8524483896, 22.2384645107 ],
						[ 113.8524973289, 22.2375618394 ],
						[ 113.8525144591, 22.2372458574 ],
						[ 113.8528575437, 22.2361239136 ],
						[ 113.8528513517, 22.2349479027 ],
						[ 113.8528031889, 22.2330499302 ],
						[ 113.8519090449, 22.2318873188 ],
						[ 113.8512752961, 22.231333479 ],
						[ 113.8509262164, 22.2307687115 ],
						[ 113.8503311877, 22.2305710578 ],
						[ 113.8491832129, 22.2305595472 ],
						[ 113.8489736808, 22.2307716869 ],
						[ 113.8488268993, 22.231557675 ],
						[ 113.8487174701, 22.2321436295 ],
						[ 113.8487621429, 22.2326958314 ],
						[ 113.8487256784, 22.2328636905 ],
						[ 113.8479548848, 22.233858234 ],
						[ 113.8470289367, 22.2344181333 ],
						[ 113.8461632004, 22.2354281253 ],
						[ 113.8459049467, 22.2355476796 ],
						[ 113.8452611018, 22.2355035813 ],
						[ 113.8447853949, 22.2349955889 ],
						[ 113.8431483371, 22.2351077213 ],
						[ 113.8423631006, 22.2344615147 ],
						[ 113.841884228, 22.2342507308 ],
						[ 113.8416524128, 22.2338490518 ],
						[ 113.8414627843, 22.233165877 ],
						[ 113.8416854979, 22.2324053474 ],
						[ 113.8413686599, 22.2318070324 ],
						[ 113.8412154987, 22.2307563246 ],
						[ 113.8407518766, 22.2293378191 ],
						[ 113.8405875319, 22.2290384137 ],
						[ 113.8397761696, 22.2283847897 ],
						[ 113.8390300101, 22.2273323802 ],
						[ 113.8390765998, 22.2270679261 ],
						[ 113.8401184317, 22.2268115131 ],
						[ 113.8404246262, 22.2258592935 ],
						[ 113.8402240081, 22.2248172276 ],
						[ 113.8399400318, 22.223091292 ],
						[ 113.8399466457, 22.2223891956 ],
						[ 113.8399219056, 22.220333448 ],
						[ 113.8401398283, 22.2188846066 ],
						[ 113.8405104889, 22.2184464411 ],
						[ 113.8417610894, 22.2180639204 ],
						[ 113.8427974977, 22.2173726278 ],
						[ 113.8433255384, 22.2170204249 ],
						[ 113.8435535186, 22.2167328701 ],
						[ 113.8436818108, 22.2161837744 ],
						[ 113.8439836434, 22.2160077174 ],
						[ 113.8441940512, 22.2156276524 ],
						[ 113.8440616796, 22.2149754267 ],
						[ 113.8433913878, 22.2136204582 ],
						[ 113.8433108859, 22.2127645174 ],
						[ 113.8430905441, 22.2122648812 ],
						[ 113.8430371302, 22.2121437526 ],
						[ 113.8420381441, 22.2120892511 ],
						[ 113.841742088, 22.2117058346 ],
						[ 113.8416609897, 22.21027662 ],
						[ 113.8422159667, 22.2100311541 ],
						[ 113.8420782575, 22.2091369044 ],
						[ 113.8425099146, 22.2079668471 ],
						[ 113.8435698818, 22.2068758384 ],
						[ 113.8443415999, 22.2066938332 ],
						[ 113.8445812154, 22.2060736577 ],
						[ 113.844878131, 22.2058796447 ],
						[ 113.8454183531, 22.2058080489 ],
						[ 113.8457836551, 22.2055281388 ],
						[ 113.8462933189, 22.204788881 ],
						[ 113.8469764002, 22.2048942448 ],
						[ 113.8475023844, 22.2052035696 ],
						[ 113.8480167285, 22.2052069121 ],
						[ 113.8489809335, 22.204688034 ],
						[ 113.8492293042, 22.2043301179 ],
						[ 113.8492933989, 22.2033974566 ],
						[ 113.8492998724, 22.2033033255 ],
						[ 113.8491368224, 22.2022378814 ],
						[ 113.848569616, 22.2016008841 ],
						[ 113.8479936844, 22.2015270255 ],
						[ 113.8477862304, 22.2017101808 ],
						[ 113.8471798727, 22.2017627858 ],
						[ 113.8469797498, 22.2015594806 ],
						[ 113.8470484132, 22.2011427755 ],
						[ 113.8466995032, 22.2005439436 ],
						[ 113.8472671522, 22.19908291 ],
						[ 113.8471395063, 22.1985250199 ],
						[ 113.8465912015, 22.1982625718 ],
						[ 113.8462086556, 22.1974750299 ],
						[ 113.8449310043, 22.1968407211 ],
						[ 113.8448467445, 22.1965350434 ],
						[ 113.8451046142, 22.1963381957 ],
						[ 113.8450087345, 22.1959303491 ],
						[ 113.8451067568, 22.1956365479 ],
						[ 113.8462209973, 22.1953719588 ],
						[ 113.846550866, 22.1954402674 ],
						[ 113.8469416189, 22.1958845894 ],
						[ 113.8474693089, 22.1958723102 ],
						[ 113.8477520669, 22.1955922281 ],
						[ 113.8481214405, 22.1956744122 ],
						[ 113.8476121737, 22.196261846 ],
						[ 113.8476918119, 22.1970676287 ],
						[ 113.8480367882, 22.197442383 ],
						[ 113.8482438234, 22.197436362 ],
						[ 113.8484726714, 22.1971828554 ],
						[ 113.8492243397, 22.1970987861 ],
						[ 113.8493698407, 22.1972072024 ],
						[ 113.8493080161, 22.1976602708 ],
						[ 113.8495751696, 22.1977197056 ],
						[ 113.8504133715, 22.1971821513 ],
						[ 113.8520238893, 22.1966015145 ],
						[ 113.8523689915, 22.1967107777 ],
						[ 113.8528350662, 22.1972822243 ],
						[ 113.8534205478, 22.1974945783 ],
						[ 113.8540647879, 22.1972869691 ],
						[ 113.8544723491, 22.1977428115 ],
						[ 113.854155336, 22.1983127024 ],
						[ 113.8533229587, 22.1984697822 ],
						[ 113.8528041274, 22.1989237857 ],
						[ 113.8525375357, 22.1996906953 ],
						[ 113.8528076026, 22.2006381116 ],
						[ 113.8531235755, 22.2011738314 ],
						[ 113.8535603747, 22.2018240911 ],
						[ 113.8536775317, 22.2019984973 ],
						[ 113.8542124477, 22.2022926468 ],
						[ 113.8554968097, 22.2028394712 ],
						[ 113.856313939, 22.2028820356 ],
						[ 113.857777285, 22.2033875993 ],
						[ 113.8579559936, 22.2034493396 ],
						[ 113.8584155935, 22.2034069824 ],
						[ 113.8585318277, 22.2035723887 ],
						[ 113.8591327453, 22.2035257092 ],
						[ 113.8594105598, 22.2032455973 ],
						[ 113.8600652629, 22.2030117602 ],
						[ 113.8600999986, 22.2036048958 ],
						[ 113.8611638606, 22.2042317636 ],
						[ 113.8614157869, 22.2047033975 ],
						[ 113.8617562929, 22.2046681691 ],
						[ 113.8621165342, 22.2044240909 ],
						[ 113.8631431275, 22.2042631957 ],
						[ 113.8635688749, 22.2043380937 ],
						[ 113.8638482883, 22.2042259108 ],
						[ 113.8640675869, 22.2044844455 ],
						[ 113.8642037383, 22.20413319 ],
						[ 113.8645540151, 22.2039281988 ],
						[ 113.8645067225, 22.2031942614 ],
						[ 113.8641817338, 22.2029157382 ],
						[ 113.8640474746, 22.2021857697 ],
						[ 113.864335453, 22.2017726929 ],
						[ 113.8647075929, 22.2017296984 ],
						[ 113.864839705, 22.2020897499 ],
						[ 113.8650828966, 22.2022696452 ],
						[ 113.8661178622, 22.2025614886 ],
						[ 113.8675920424, 22.2024170598 ],
						[ 113.8679946672, 22.2028954087 ],
						[ 113.8678719559, 22.2031988398 ],
						[ 113.8680657001, 22.2036243332 ],
						[ 113.8687109861, 22.2043005137 ],
						[ 113.8683934018, 22.2051510941 ],
						[ 113.8684688806, 22.2054355753 ],
						[ 113.8688683125, 22.205795669 ],
						[ 113.8698576006, 22.2062010348 ],
						[ 113.8702919991, 22.2075306104 ],
						[ 113.8714587378, 22.208825212 ],
						[ 113.8714731343, 22.2090249241 ],
						[ 113.8710711387, 22.209612632 ],
						[ 113.871837343, 22.2092312703 ],
						[ 113.8724853708, 22.2098030019 ],
						[ 113.8729254626, 22.2098788144 ],
						[ 113.8730630094, 22.2102503743 ],
						[ 113.8733278704, 22.2102462627 ],
						[ 113.8735709516, 22.2104845914 ],
						[ 113.8741350019, 22.2103609555 ],
						[ 113.8742810285, 22.2104702627 ],
						[ 113.8741349134, 22.2106328674 ],
						[ 113.8736919906, 22.2107268195 ],
						[ 113.8736722001, 22.2109687943 ],
						[ 113.8741239531, 22.2111352747 ],
						[ 113.8742214999, 22.2110402101 ],
						[ 113.8753835287, 22.2111058607 ],
						[ 113.8765884672, 22.211671707 ],
						[ 113.8768024375, 22.2116610571 ],
						[ 113.8769829396, 22.2113623316 ],
						[ 113.877405934, 22.2113451664 ],
						[ 113.8778373033, 22.2111103865 ],
						[ 113.8778255704, 22.2108209696 ],
						[ 113.8782496534, 22.2105222202 ],
						[ 113.87848747, 22.2106905898 ],
						[ 113.8787210495, 22.2105189482 ],
						[ 113.8793867595, 22.2106917751 ],
						[ 113.8793963259, 22.2108417913 ],
						[ 113.879630094, 22.2108150722 ],
						[ 113.8799080133, 22.2114132443 ],
						[ 113.8796152587, 22.211992431 ],
						[ 113.8793350884, 22.2122320886 ],
						[ 113.8792943754, 22.2120889239 ],
						[ 113.8785177049, 22.212280279 ],
						[ 113.8783033432, 22.2127597733 ],
						[ 113.8787010429, 22.2132086289 ],
						[ 113.8784303059, 22.2136544261 ],
						[ 113.8782235641, 22.2135155533 ],
						[ 113.8780141769, 22.2136872475 ],
						[ 113.8779686283, 22.2141974121 ],
						[ 113.8781236983, 22.2147065633 ],
						[ 113.8788341072, 22.2145449893 ],
						[ 113.8792549995, 22.2145954459 ],
						[ 113.8795823785, 22.2149355955 ],
						[ 113.8795395895, 22.2153123381 ],
						[ 113.8798078247, 22.215114985 ],
						[ 113.8801115983, 22.2151698312 ],
						[ 113.8803232723, 22.2153174523 ],
						[ 113.8802913307, 22.2154669231 ],
						[ 113.8804711877, 22.2154695536 ],
						[ 113.8809081077, 22.2158936319 ],
						[ 113.8810815521, 22.2165960509 ],
						[ 113.8816398002, 22.2171312347 ],
						[ 113.8817455306, 22.2176117742 ],
						[ 113.8819696086, 22.2177345633 ],
						[ 113.8820017487, 22.2184362646 ],
						[ 113.8831093107, 22.2190584723 ],
						[ 113.8830960164, 22.2195088866 ],
						[ 113.8832038702, 22.2194990392 ],
						[ 113.8832887719, 22.2194912906 ],
						[ 113.8834241261, 22.2197501084 ],
						[ 113.8841435043, 22.2200385054 ],
						[ 113.8853917666, 22.2209738165 ],
						[ 113.8867802568, 22.2212155999 ],
						[ 113.8874847424, 22.2213382709 ],
						[ 113.8881293491, 22.2212276078 ],
						[ 113.8885211707, 22.2210060771 ],
						[ 113.8887729548, 22.2203955203 ],
						[ 113.8884517337, 22.2204041535 ],
						[ 113.8884013754, 22.2201436482 ],
						[ 113.8888293416, 22.2201264624 ],
						[ 113.889065699, 22.2198071153 ],
						[ 113.8895086832, 22.2196970111 ],
						[ 113.8900050274, 22.2198317748 ],
						[ 113.8901938249, 22.2200626141 ],
						[ 113.8901400455, 22.2202622044 ],
						[ 113.8903728547, 22.2204756378 ],
						[ 113.8906259368, 22.2204351293 ],
						[ 113.8905131335, 22.2207473362 ],
						[ 113.8906882111, 22.2209197226 ],
						[ 113.8910409823, 22.2209456464 ],
						[ 113.8913695838, 22.2207078961 ],
						[ 113.8916310752, 22.2211518846 ],
						[ 113.891611271, 22.2214150293 ],
						[ 113.8914502713, 22.221613502 ],
						[ 113.8915324339, 22.2217903301 ],
						[ 113.8910504831, 22.2221110919 ],
						[ 113.8910431263, 22.2223241022 ],
						[ 113.8910588818, 22.222341261 ],
						[ 113.8914573096, 22.2227752585 ],
						[ 113.8923420354, 22.2231734146 ],
						[ 113.8933589451, 22.2232110772 ],
						[ 113.8942221662, 22.2230041522 ],
						[ 113.8942691229, 22.2225041089 ],
						[ 113.8940726503, 22.2224053067 ],
						[ 113.8941076983, 22.2219287133 ],
						[ 113.8959002058, 22.2222327817 ],
						[ 113.8959940875, 22.2223285781 ],
						[ 113.8962673443, 22.2223375383 ],
						[ 113.8973707205, 22.2223737355 ],
						[ 113.8974486185, 22.222215138 ],
						[ 113.8982796978, 22.2220113601 ],
						[ 113.898688311, 22.2200995531 ],
						[ 113.8995127806, 22.2199204923 ],
						[ 113.8996177356, 22.219569154 ],
						[ 113.8994254309, 22.2198614547 ],
						[ 113.8985348079, 22.2200682434 ],
						[ 113.8983404647, 22.2200160299 ],
						[ 113.8969377643, 22.218675203 ],
						[ 113.8969186543, 22.2183443602 ],
						[ 113.8970705968, 22.2179779238 ],
						[ 113.8976885168, 22.2176035546 ],
						[ 113.8983224652, 22.2168707847 ],
						[ 113.8984695687, 22.2161965386 ],
						[ 113.8982464409, 22.2160825063 ],
						[ 113.8982462324, 22.2159375824 ],
						[ 113.8984461289, 22.2158021941 ],
						[ 113.898412806, 22.2154128988 ],
						[ 113.8988465427, 22.2149696402 ],
						[ 113.8988941886, 22.2143610207 ],
						[ 113.8993733775, 22.214169513 ],
						[ 113.8995435921, 22.2143009369 ],
						[ 113.9002840628, 22.2136631168 ],
						[ 113.9010154815, 22.213857144 ],
						[ 113.9014070857, 22.2137262127 ],
						[ 113.901461256, 22.2133168193 ],
						[ 113.9018947463, 22.2132407194 ],
						[ 113.9022140493, 22.2126840773 ],
						[ 113.902792717, 22.212661591 ],
						[ 113.9029899457, 22.2126218991 ],
						[ 113.9032525131, 22.2123271653 ],
						[ 113.9034286914, 22.2121294104 ],
						[ 113.9034391232, 22.2118460103 ],
						[ 113.9031965898, 22.2118078728 ],
						[ 113.9029995918, 22.2114693712 ],
						[ 113.903527856, 22.2109337849 ],
						[ 113.9044782308, 22.2113517626 ],
						[ 113.9048068226, 22.211352312 ],
						[ 113.9053472424, 22.2109119862 ],
						[ 113.9053426069, 22.2107555407 ],
						[ 113.9061603667, 22.2104974162 ],
						[ 113.9067889094, 22.2097116925 ],
						[ 113.9070826557, 22.208806704 ],
						[ 113.9083041876, 22.2082428092 ],
						[ 113.9084999537, 22.2076675458 ],
						[ 113.9088217033, 22.2073648809 ],
						[ 113.9092689307, 22.2075919788 ],
						[ 113.9104348535, 22.2068945485 ],
						[ 113.9111811416, 22.206798228 ],
						[ 113.9115029845, 22.2064366509 ],
						[ 113.9124663323, 22.2062523403 ],
						[ 113.9125868972, 22.2065175495 ],
						[ 113.9125397606, 22.2071514877 ],
						[ 113.9130984712, 22.2074786079 ],
						[ 113.9132759323, 22.2074402442 ],
						[ 113.9135612407, 22.2081225649 ],
						[ 113.9142703825, 22.2088640066 ],
						[ 113.914239604, 22.2097376811 ],
						[ 113.9144262171, 22.210093636 ],
						[ 113.9141407295, 22.2105661556 ],
						[ 113.914282964, 22.2111355235 ],
						[ 113.9155873288, 22.2119929417 ],
						[ 113.9163573255, 22.2113758113 ],
						[ 113.9167948621, 22.2115122415 ],
						[ 113.9171379318, 22.2114509383 ],
						[ 113.9173588382, 22.2114114565 ],
						[ 113.9177369182, 22.2108327969 ],
						[ 113.9187132635, 22.2100392988 ],
						[ 113.9187680068, 22.2092829875 ],
						[ 113.9189826632, 22.2088986852 ],
						[ 113.9192310114, 22.2090026058 ],
						[ 113.9197452283, 22.2096286828 ],
						[ 113.9201506292, 22.2097774794 ],
						[ 113.9199202708, 22.2095608681 ],
						[ 113.9201058209, 22.2091493722 ],
						[ 113.9199811717, 22.2081351238 ],
						[ 113.9204443015, 22.20751012 ],
						[ 113.9210717452, 22.2075474553 ],
						[ 113.9214891977, 22.207856381 ],
						[ 113.9217934979, 22.2078996453 ],
						[ 113.9227199684, 22.2076139916 ],
						[ 113.9232002166, 22.2070778049 ],
						[ 113.9234099833, 22.208030992 ],
						[ 113.9246102507, 22.2085380489 ],
						[ 113.9249110757, 22.2088670228 ],
						[ 113.9265670012, 22.2090572972 ],
						[ 113.9267976381, 22.2091165406 ],
						[ 113.926894538, 22.2093660618 ],
						[ 113.9271913339, 22.2091806393 ],
						[ 113.9274267531, 22.2095249146 ],
						[ 113.9278044627, 22.2092179268 ],
						[ 113.9279584011, 22.2095715679 ],
						[ 113.9295566327, 22.209757073 ],
						[ 113.9300746747, 22.2096377694 ],
						[ 113.9305801596, 22.2099168958 ],
						[ 113.9308224697, 22.2103750622 ],
						[ 113.930578302, 22.210981562 ],
						[ 113.930681465, 22.2113258672 ],
						[ 113.9305395476, 22.2133707791 ],
						[ 113.9311055724, 22.2140751314 ],
						[ 113.9311243283, 22.2157913173 ],
						[ 113.9306433888, 22.2167236641 ],
						[ 113.9302418174, 22.216913079 ],
						[ 113.9297062009, 22.2174602371 ],
						[ 113.9289568347, 22.2175994336 ],
						[ 113.9286446935, 22.2180746922 ],
						[ 113.9282113116, 22.2183638963 ],
						[ 113.9261534116, 22.2188001342 ],
						[ 113.9251305818, 22.2177978969 ],
						[ 113.9251140643, 22.2177817155 ],
						[ 113.9246624201, 22.2175026557 ],
						[ 113.9244070133, 22.2174682142 ],
						[ 113.9239159816, 22.2173855529 ],
						[ 113.9231408909, 22.2172647175 ],
						[ 113.9223868234, 22.2169962242 ],
						[ 113.9216619102, 22.2172711469 ],
						[ 113.9207271846, 22.21771367 ],
						[ 113.9201612328, 22.2180401572 ],
						[ 113.9188484488, 22.2187974587 ],
						[ 113.9186467265, 22.2199386295 ],
						[ 113.919194066, 22.2211210295 ],
						[ 113.9195489683, 22.2213327725 ],
						[ 113.9199738284, 22.2215729091 ],
						[ 113.9201946644, 22.2216977269 ],
						[ 113.9208978043, 22.2217195417 ],
						[ 113.9215815361, 22.2215485369 ],
						[ 113.921781621, 22.2223954277 ],
						[ 113.9222980437, 22.2232027897 ],
						[ 113.9225396357, 22.2240566438 ],
						[ 113.9227852613, 22.2243151411 ],
						[ 113.9226509805, 22.2245159985 ],
						[ 113.9226888441, 22.2248942515 ],
						[ 113.9231376651, 22.2256536517 ],
						[ 113.9233421731, 22.2258882613 ],
						[ 113.9235962989, 22.2261797956 ],
						[ 113.9248020079, 22.2264963765 ],
						[ 113.9252838438, 22.2264833145 ],
						[ 113.9254136493, 22.2262999404 ],
						[ 113.9257892179, 22.2261773786 ],
						[ 113.9260549631, 22.2260906609 ],
						[ 113.9268186112, 22.2248873121 ],
						[ 113.9279621979, 22.2245628517 ],
						[ 113.9280449553, 22.2244295506 ],
						[ 113.9277145235, 22.2243384045 ],
						[ 113.9277250507, 22.2239740254 ],
						[ 113.9292029748, 22.2243222724 ],
						[ 113.9295348505, 22.2247244419 ],
						[ 113.9299024495, 22.2247562914 ],
						[ 113.9301155037, 22.2248629684 ],
						[ 113.9308914073, 22.2252514673 ],
						[ 113.9329223383, 22.2253129621 ],
						[ 113.933013615, 22.2256802576 ],
						[ 113.9328637112, 22.226066508 ],
						[ 113.9331498577, 22.2254812368 ],
						[ 113.9338300983, 22.2259032446 ],
						[ 113.9343898322, 22.2257071575 ],
						[ 113.9345186331, 22.2261011937 ],
						[ 113.9341939823, 22.2266647815 ],
						[ 113.9342633694, 22.2272925324 ],
						[ 113.9350425095, 22.2280877472 ],
						[ 113.935786073, 22.2284785498 ],
						[ 113.937322769, 22.2288884626 ],
						[ 113.9389734135, 22.2288458036 ],
						[ 113.9396806426, 22.2291067831 ],
						[ 113.9399777032, 22.2290731704 ],
						[ 113.9402294881, 22.229806933 ],
						[ 113.9410358744, 22.2304743212 ],
						[ 113.9417456188, 22.2307173605 ],
						[ 113.9425086559, 22.2313050827 ],
						[ 113.944584009, 22.2320552542 ],
						[ 113.945021388, 22.2323434407 ],
						[ 113.9457071084, 22.2324824498 ],
						[ 113.9463874094, 22.2329113048 ],
						[ 113.9480986689, 22.2333029589 ],
						[ 113.9505101938, 22.2340190214 ],
						[ 113.9507679426, 22.2341583253 ],
						[ 113.9508114761, 22.2344367461 ],
						[ 113.950913643, 22.2342151227 ],
						[ 113.9519248483, 22.2344792345 ],
						[ 113.9523143694, 22.2344208839 ],
						[ 113.9523213799, 22.2344103368 ],
						[ 113.9526537134, 22.2339101818 ],
						[ 113.9530915376, 22.2339319525 ],
						[ 113.9532901406, 22.2339717978 ],
						[ 113.9534110429, 22.2343993931 ],
						[ 113.9537862343, 22.2346488196 ],
						[ 113.9538511604, 22.2345361792 ],
						[ 113.9562893509, 22.2340324785 ],
						[ 113.9568779551, 22.2337112068 ],
						[ 113.9576089702, 22.233010549 ],
						[ 113.9577396622, 22.2332011272 ],
						[ 113.9577109709, 22.2328883032 ],
						[ 113.9574111871, 22.2327618313 ],
						[ 113.9570572636, 22.2324954191 ],
						[ 113.9572844079, 22.231977656 ],
						[ 113.9575471101, 22.2317967293 ],
						[ 113.9578439088, 22.2319328597 ],
						[ 113.9581522789, 22.2316194868 ],
						[ 113.9586124538, 22.2318864998 ],
						[ 113.9588497883, 22.2324463025 ],
						[ 113.9595110303, 22.2327618872 ],
						[ 113.9599434012, 22.2327960583 ],
						[ 113.9605367398, 22.2332431338 ],
						[ 113.961191773, 22.2330949348 ],
						[ 113.961261271, 22.2332169587 ],
						[ 113.9617475076, 22.2332511874 ],
						[ 113.9621858253, 22.2329485625 ],
						[ 113.9625744811, 22.2331349527 ],
						[ 113.9626977753, 22.2336536005 ],
						[ 113.9627875407, 22.2340678459 ],
						[ 113.9627699325, 22.2342739471 ],
						[ 113.9625239978, 22.2344843533 ],
						[ 113.9627242215, 22.2357392982 ],
						[ 113.9630714285, 22.2358800821 ],
						[ 113.9638206617, 22.235871863 ],
						[ 113.9653594007, 22.236678122 ],
						[ 113.966854322, 22.2367223857 ],
						[ 113.9679430757, 22.2373826454 ],
						[ 113.9682447522, 22.2375804154 ],
						[ 113.9684046471, 22.2377342948 ],
						[ 113.9697993827, 22.2390358476 ],
						[ 113.9702515111, 22.2390930176 ],
						[ 113.9705654903, 22.2394064092 ],
						[ 113.9707835185, 22.2397434833 ],
						[ 113.9716569366, 22.2397159696 ],
						[ 113.9724808249, 22.2401025161 ],
						[ 113.9730358083, 22.240732296 ],
						[ 113.9733099447, 22.2407723562 ],
						[ 113.9734069714, 22.2407506234 ],
						[ 113.9750553915, 22.2403814277 ],
						[ 113.9779862501, 22.2394078324 ],
						[ 113.9799401157, 22.2383318155 ],
						[ 113.9812934345, 22.2375865057 ],
						[ 113.9814039786, 22.2379575452 ],
						[ 113.9801276833, 22.2389419813 ],
						[ 113.9798229541, 22.2405946356 ],
						[ 113.9801855118, 22.2415664465 ],
						[ 113.9797821768, 22.2420557982 ],
						[ 113.9803484504, 22.2417068261 ],
						[ 113.9804079142, 22.2413593537 ],
						[ 113.9800698361, 22.2405913674 ],
						[ 113.9805737024, 22.2398992899 ],
						[ 113.9808929593, 22.2390719893 ],
						[ 113.9813042955, 22.2388055475 ],
						[ 113.9818941625, 22.2387513133 ],
						[ 113.9823265044, 22.2387115633 ],
						[ 113.9822807276, 22.2382342931 ],
						[ 113.9817953082, 22.2371585951 ],
						[ 113.9815044448, 22.2369915583 ],
						[ 113.9817959704, 22.2362454168 ],
						[ 113.9819535145, 22.2360465431 ],
						[ 113.9822189569, 22.2357114627 ],
						[ 113.9821395511, 22.2355151045 ],
						[ 113.981404634, 22.235218081 ],
						[ 113.9813403027, 22.235008312 ],
						[ 113.980992394, 22.2347952758 ],
						[ 113.9807388783, 22.2348259274 ],
						[ 113.9805290769, 22.2345529035 ],
						[ 113.9799302975, 22.2342706402 ],
						[ 113.9793663331, 22.2333242848 ],
						[ 113.9793740809, 22.2322664709 ],
						[ 113.978783614, 22.2309918169 ],
						[ 113.978799491, 22.2304059726 ],
						[ 113.9784171507, 22.2301467514 ],
						[ 113.977789328, 22.2286798757 ],
						[ 113.9777865158, 22.228452652 ],
						[ 113.9786729503, 22.2280366804 ],
						[ 113.9790315985, 22.2281924893 ],
						[ 113.9790746367, 22.2279221006 ],
						[ 113.9794182305, 22.2276211198 ],
						[ 113.9797173667, 22.2277108499 ],
						[ 113.9800972724, 22.2274665699 ],
						[ 113.982178367, 22.2251268003 ],
						[ 113.9823949824, 22.2249944621 ],
						[ 113.9828887208, 22.2249950515 ],
						[ 113.9830897077, 22.2248288197 ],
						[ 113.9833466986, 22.2240756342 ],
						[ 113.9836914229, 22.2238564181 ],
						[ 113.9842201656, 22.2230235237 ],
						[ 113.9841180061, 22.2224959487 ],
						[ 113.9835542295, 22.2214257784 ],
						[ 113.982851054, 22.2209074213 ],
						[ 113.9825627372, 22.2198089573 ],
						[ 113.981816538, 22.2186526903 ],
						[ 113.9808061056, 22.2185077893 ],
						[ 113.9804566794, 22.2180558527 ],
						[ 113.9804170674, 22.2176737986 ],
						[ 113.9807013349, 22.2171560339 ],
						[ 113.981375861, 22.2170522883 ],
						[ 113.9818786895, 22.2163502151 ],
						[ 113.9825488793, 22.2162014867 ],
						[ 113.9832030617, 22.2162881299 ],
						[ 113.9832254766, 22.2159552138 ],
						[ 113.9835743706, 22.2158779376 ],
						[ 113.9836606897, 22.2156017557 ],
						[ 113.9839268354, 22.2154870026 ],
						[ 113.9860831337, 22.2158090494 ],
						[ 113.9861836415, 22.2152425827 ],
						[ 113.9860016852, 22.2147821573 ],
						[ 113.9864055703, 22.214479272 ],
						[ 113.9867096502, 22.2145393473 ],
						[ 113.9869417766, 22.2140653273 ],
						[ 113.9870400555, 22.2123545804 ],
						[ 113.9877587377, 22.2125137156 ],
						[ 113.9892222612, 22.2124984675 ],
						[ 113.9898423974, 22.2127030396 ],
						[ 113.9897618018, 22.2129301589 ],
						[ 113.9899125492, 22.2132580192 ],
						[ 113.9899992488, 22.2131599914 ],
						[ 113.9901502821, 22.2132723077 ],
						[ 113.9900082566, 22.2134619876 ],
						[ 113.9898163698, 22.2134103646 ],
						[ 113.9894522442, 22.213622555 ],
						[ 113.9893679576, 22.2142690724 ],
						[ 113.9903798783, 22.2151726792 ],
						[ 113.9910889556, 22.2154953342 ],
						[ 113.9914272711, 22.215825159 ],
						[ 113.9918324589, 22.2158758577 ],
						[ 113.9922600818, 22.2150801989 ],
						[ 113.9934449808, 22.2151592203 ],
						[ 113.9938462718, 22.2153121278 ],
						[ 113.9942139937, 22.2157068111 ],
						[ 113.9945267206, 22.2164279541 ],
						[ 113.9951010116, 22.2166961211 ],
						[ 113.9950753345, 22.2176330069 ],
						[ 113.9958463671, 22.2180882987 ],
						[ 113.9979048208, 22.2184498062 ],
						[ 113.998966909, 22.2184404498 ],
						[ 113.9991799694, 22.2186229306 ],
						[ 113.999709375, 22.2171813359 ],
						[ 114.0002655341, 22.2169056558 ],
						[ 114.0005194238, 22.2165467088 ],
						[ 114.000424609, 22.2156149472 ],
						[ 114.0007036415, 22.2147069618 ],
						[ 114.0010430506, 22.2146816274 ],
						[ 114.0016725167, 22.2149784491 ],
						[ 114.0027962914, 22.2152839796 ],
						[ 114.0034569615, 22.2152046639 ],
						[ 114.0039572908, 22.2149119699 ],
						[ 114.0042350922, 22.2149987154 ],
						[ 114.0045251298, 22.2153348828 ],
						[ 114.0045304835, 22.2155732081 ],
						[ 114.0040367489, 22.215596047 ],
						[ 114.0040552288, 22.215878194 ],
						[ 114.0050508413, 22.2168646395 ],
						[ 114.004985881, 22.2171490283 ],
						[ 114.0051166428, 22.2174347976 ],
						[ 114.0048795825, 22.2178959968 ],
						[ 114.0050169263, 22.2184399421 ],
						[ 114.0054661636, 22.2183919392 ],
						[ 114.0061202078, 22.2186052358 ],
						[ 114.0073293617, 22.2194201637 ],
						[ 114.007937489, 22.2192280453 ],
						[ 114.0080332161, 22.2194407538 ],
						[ 114.0082220773, 22.2194152574 ],
						[ 114.0088611559, 22.2190333246 ],
						[ 114.0093184626, 22.2190513155 ],
						[ 114.0096101904, 22.2195743924 ],
						[ 114.0099407236, 22.2196325642 ],
						[ 114.0100705669, 22.2196472999 ],
						[ 114.010391496, 22.2198801052 ],
						[ 114.0106380902, 22.2198347885 ],
						[ 114.0105020832, 22.220259886 ],
						[ 114.0106749342, 22.2205123977 ],
						[ 114.0106376175, 22.2207711156 ],
						[ 114.0101956787, 22.221015413 ],
						[ 114.0102015138, 22.221379897 ],
						[ 114.0099385979, 22.2214292782 ],
						[ 114.0099352813, 22.2215846476 ],
						[ 114.0108210697, 22.2221369486 ],
						[ 114.0110857986, 22.2226833666 ],
						[ 114.0119374287, 22.2234920527 ],
						[ 114.0119791721, 22.2242742145 ],
						[ 114.0120025333, 22.2243030551 ],
						[ 114.0123017744, 22.2246724957 ],
						[ 114.0136926396, 22.224698252 ],
						[ 114.0147330212, 22.2245094581 ],
						[ 114.0150414341, 22.2247282261 ],
						[ 114.0156523912, 22.2248123572 ],
						[ 114.0160226393, 22.225270082 ],
						[ 114.0166767155, 22.2255061207 ],
						[ 114.0173749471, 22.225526665 ],
						[ 114.0175705232, 22.2256675725 ],
						[ 114.0176482324, 22.2263061352 ],
						[ 114.0179413674, 22.2267228892 ],
						[ 114.018105054, 22.2273287723 ],
						[ 114.0181315846, 22.2276801454 ],
						[ 114.0181439994, 22.227844579 ],
						[ 114.0178231115, 22.2282359077 ],
						[ 114.0177482047, 22.228327252 ],
						[ 114.0178122795, 22.2288185469 ],
						[ 114.0182409276, 22.2292418626 ],
						[ 114.01935197, 22.2298521689 ],
						[ 114.0204479718, 22.2298906042 ],
						[ 114.0202867056, 22.2304827345 ],
						[ 114.0197956163, 22.2308987285 ],
						[ 114.0190790353, 22.2309903285 ],
						[ 114.0187266707, 22.2313521342 ],
						[ 114.0182203385, 22.2313685828 ],
						[ 114.0179334393, 22.2315289312 ],
						[ 114.0170720903, 22.2314772719 ],
						[ 114.0167440713, 22.2313817391 ],
						[ 114.0165974892, 22.230628672 ],
						[ 114.0161958711, 22.2307112226 ],
						[ 114.0158146395, 22.230948614 ],
						[ 114.0154054219, 22.2312034241 ],
						[ 114.015163159, 22.2318287648 ],
						[ 114.0140601578, 22.2324053473 ],
						[ 114.0129974795, 22.2322897986 ],
						[ 114.0127129188, 22.2320511925 ],
						[ 114.0120564717, 22.2322134962 ],
						[ 114.0115374678, 22.2323455668 ],
						[ 114.0114096872, 22.2326956641 ],
						[ 114.0112806603, 22.2330491555 ],
						[ 114.0111476509, 22.233051937 ],
						[ 114.0109435351, 22.2333972962 ],
						[ 114.0108012629, 22.2336380259 ],
						[ 114.0107730271, 22.2341724587 ],
						[ 114.0110508273, 22.2342878108 ],
						[ 114.0108862755, 22.2344360077 ],
						[ 114.0109752897, 22.2350324743 ],
						[ 114.0108022124, 22.2354919853 ],
						[ 114.0096570285, 22.2350942037 ],
						[ 114.0085679176, 22.2345095555 ],
						[ 114.0084579387, 22.2336157585 ],
						[ 114.0082541416, 22.2335261799 ],
						[ 114.0081679822, 22.2331727028 ],
						[ 114.0077020554, 22.2329765426 ],
						[ 114.007441902, 22.2333156441 ],
						[ 114.0070779098, 22.233404045 ],
						[ 114.0059598541, 22.2334233197 ],
						[ 114.0059882871, 22.2332533745 ],
						[ 114.0055097713, 22.2330980856 ],
						[ 114.0053270066, 22.2332555954 ],
						[ 114.0051143535, 22.233223836 ],
						[ 114.004075907, 22.233820864 ],
						[ 114.0034390332, 22.234379762 ],
						[ 114.0036009838, 22.2348232676 ],
						[ 114.0038585054, 22.2356742928 ],
						[ 114.0036996044, 22.2362608636 ],
						[ 114.0031742649, 22.2364150889 ],
						[ 114.0031004661, 22.2367374406 ],
						[ 114.0025628357, 22.2366784551 ],
						[ 114.0024503809, 22.2368039148 ],
						[ 114.0024942784, 22.2373261595 ],
						[ 114.0022129479, 22.2375244508 ],
						[ 114.0018466025, 22.2374732415 ],
						[ 114.0016450296, 22.2376067866 ],
						[ 114.0014957832, 22.2380493716 ],
						[ 114.0011961741, 22.2383101515 ],
						[ 114.0012668905, 22.2384574185 ],
						[ 114.0006808045, 22.2385198728 ],
						[ 113.9999111322, 22.2381006923 ],
						[ 113.9992931916, 22.2388174229 ],
						[ 113.9994224975, 22.239472503 ],
						[ 113.9990560102, 22.2408148159 ],
						[ 113.9987436028, 22.2407706574 ],
						[ 113.9972286161, 22.2395832577 ],
						[ 113.9968904537, 22.2395647774 ],
						[ 113.996457713, 22.2399095036 ],
						[ 113.9959546273, 22.2398195774 ],
						[ 113.9954343321, 22.2404317274 ],
						[ 113.9952594326, 22.2398217195 ],
						[ 113.9949845712, 22.2398587993 ],
						[ 113.994399066, 22.2394586094 ],
						[ 113.9939166185, 22.2394265324 ],
						[ 113.9937774641, 22.2398089593 ],
						[ 113.9933174635, 22.2398802886 ],
						[ 113.9931241062, 22.2400873598 ],
						[ 113.9929687497, 22.2402537274 ],
						[ 113.9932727287, 22.2401158116 ],
						[ 113.9933158599, 22.240098684 ],
						[ 113.994095026, 22.2397427335 ],
						[ 113.9946419243, 22.2399098182 ],
						[ 113.9942797274, 22.2403229163 ],
						[ 113.9937854888, 22.2408749641 ],
						[ 113.993459574, 22.2420504052 ],
						[ 113.9937832217, 22.2426202785 ],
						[ 113.9942751957, 22.2430571563 ],
						[ 113.9953383866, 22.2433147718 ],
						[ 113.9963350547, 22.2440717192 ],
						[ 113.9972208615, 22.2441906856 ],
						[ 113.9975040676, 22.2445011558 ],
						[ 113.9983563909, 22.2448040784 ],
						[ 113.9985999305, 22.2452324975 ],
						[ 113.9988526463, 22.2453478428 ],
						[ 113.9996802437, 22.2453627713 ],
						[ 113.9998746175, 22.2454722087 ],
						[ 113.9994259199, 22.2460231127 ],
						[ 113.9994993613, 22.2464963263 ],
						[ 114.0000146697, 22.2466615163 ],
						[ 114.0004818668, 22.2470869155 ],
						[ 114.0004867785, 22.2471620106 ],
						[ 114.0005342011, 22.2478872317 ],
						[ 114.0007929649, 22.2486174409 ],
						[ 114.0014736796, 22.2490602717 ],
						[ 114.0013379979, 22.2493502798 ],
						[ 114.0015927563, 22.2492897242 ],
						[ 114.0021234914, 22.2488221922 ],
						[ 114.0030514969, 22.248506392 ],
						[ 114.0035799953, 22.248817845 ],
						[ 114.0038918867, 22.2492112178 ],
						[ 114.0056286739, 22.248971324 ],
						[ 114.0061381116, 22.2493034288 ],
						[ 114.0059003156, 22.2495774215 ],
						[ 114.0064874792, 22.2502163598 ],
						[ 114.006758656, 22.2501599042 ],
						[ 114.0078406967, 22.2505783026 ],
						[ 114.0086915608, 22.2510561474 ],
						[ 114.0090656656, 22.2514743998 ],
						[ 114.0094813107, 22.251666323 ],
						[ 114.0098342046, 22.2523120969 ],
						[ 114.0101952173, 22.2525352894 ],
						[ 114.0105431534, 22.2525368288 ],
						[ 114.0105994153, 22.2522129934 ],
						[ 114.0111303507, 22.2520953334 ],
						[ 114.0118248469, 22.2521947449 ],
						[ 114.0121804812, 22.2526726639 ],
						[ 114.0120918335, 22.2530100491 ],
						[ 114.0115324303, 22.2530295834 ],
						[ 114.0115169466, 22.2532447046 ],
						[ 114.0112826421, 22.2532503721 ],
						[ 114.011503349, 22.2540100826 ],
						[ 114.0113408136, 22.2545448019 ],
						[ 114.0107339774, 22.2549395894 ],
						[ 114.0100780043, 22.2550027462 ],
						[ 114.0089646616, 22.2557752637 ],
						[ 114.008267466, 22.2560214216 ],
						[ 114.0081935186, 22.2560475247 ],
						[ 114.0081352305, 22.2564694658 ],
						[ 114.0082854662, 22.2569098561 ],
						[ 114.0083566882, 22.257118655 ],
						[ 114.0082654876, 22.2574471762 ],
						[ 114.0075281187, 22.257603624 ],
						[ 114.0074098085, 22.2577796342 ],
						[ 114.0075554193, 22.2581361799 ],
						[ 114.0074108127, 22.2590574517 ],
						[ 114.0070725778, 22.2594211777 ],
						[ 114.0068750227, 22.2600137779 ],
						[ 114.0063256472, 22.2603575674 ],
						[ 114.0062904125, 22.2603796103 ],
						[ 114.0064771733, 22.2608366749 ],
						[ 114.004913996, 22.2617806888 ],
						[ 114.0036567218, 22.2623148338 ],
						[ 114.0013100287, 22.2623567102 ],
						[ 114.0012196331, 22.2623583193 ],
						[ 114.0012259892, 22.2625128763 ],
						[ 114.001231347, 22.2626432121 ],
						[ 114.002443205, 22.2628951172 ],
						[ 114.0020286387, 22.2648781853 ],
						[ 114.0027161156, 22.2650503248 ],
						[ 114.0026968509, 22.2652276114 ],
						[ 114.0019596665, 22.2651978584 ],
						[ 114.0018619483, 22.2656487154 ],
						[ 114.0014651338, 22.2656045522 ],
						[ 114.0013073227, 22.2658727087 ],
						[ 113.9992482894, 22.2666914177 ],
						[ 113.9987631436, 22.2667542726 ],
						[ 113.998389716, 22.266620905 ],
						[ 113.9983100187, 22.2665924432 ],
						[ 113.9962531378, 22.2657801051 ],
						[ 113.9955623493, 22.2655460568 ],
						[ 113.9949172652, 22.2656536219 ],
						[ 113.9950518767, 22.2659443689 ],
						[ 113.9955588076, 22.2658250268 ],
						[ 113.9961467295, 22.2660400596 ],
						[ 113.9969574061, 22.2665446873 ],
						[ 113.9972952883, 22.2664989597 ],
						[ 113.9979715414, 22.2667706062 ],
						[ 113.9981746719, 22.2668522047 ],
						[ 113.9983399372, 22.26843102 ],
						[ 113.9980914134, 22.2686649829 ],
						[ 113.9979827909, 22.2687672434 ],
						[ 113.9992226967, 22.2708641045 ],
						[ 114.0002750343, 22.2717801706 ],
						[ 114.0016664314, 22.2724280796 ],
						[ 114.002206278, 22.2726794502 ],
						[ 114.0030949579, 22.272475932 ],
						[ 114.0036156544, 22.272356679 ],
						[ 114.0039476503, 22.2720494951 ],
						[ 114.0037822912, 22.271739027 ],
						[ 114.0040757901, 22.2716412308 ],
						[ 114.0042456661, 22.2713783946 ],
						[ 114.0046990292, 22.271411386 ],
						[ 114.0053052008, 22.2711088242 ],
						[ 114.0056152612, 22.270443649 ],
						[ 114.0065357409, 22.2696354821 ],
						[ 114.0073727893, 22.2695435679 ],
						[ 114.0080641454, 22.2691512479 ],
						[ 114.0092296545, 22.2689231311 ],
						[ 114.0100671763, 22.2689671414 ],
						[ 114.0101793584, 22.2688587265 ],
						[ 114.0102865086, 22.2687551829 ],
						[ 114.0106091335, 22.2687147311 ],
						[ 114.0104551077, 22.2684763907 ],
						[ 114.0106298335, 22.2680371395 ],
						[ 114.0106748406, 22.2679239957 ],
						[ 114.0104661628, 22.2671843997 ],
						[ 114.0106225964, 22.2669930655 ],
						[ 114.0106108973, 22.2666874843 ],
						[ 114.0110014381, 22.2666677902 ],
						[ 114.0113700805, 22.2669122639 ],
						[ 114.0115641334, 22.2665927141 ],
						[ 114.0135459947, 22.2660131369 ],
						[ 114.0136150904, 22.2655646099 ],
						[ 114.0138996634, 22.2654833309 ],
						[ 114.013946866, 22.2652977899 ],
						[ 114.0147856992, 22.2652809016 ],
						[ 114.0157527978, 22.2652789103 ],
						[ 114.0164275668, 22.2654746125 ],
						[ 114.0171718698, 22.265391424 ],
						[ 114.0182464347, 22.2658079757 ],
						[ 114.0186200241, 22.2661836439 ],
						[ 114.0192581212, 22.2662457355 ],
						[ 114.0197544079, 22.2664926801 ],
						[ 114.0205076311, 22.2663917488 ],
						[ 114.0209766756, 22.2660086145 ],
						[ 114.0228205675, 22.2661262179 ],
						[ 114.0233770891, 22.2658773276 ],
						[ 114.0234077539, 22.2662904898 ],
						[ 114.0232234371, 22.2664439808 ],
						[ 114.0219281793, 22.2662788089 ],
						[ 114.021535228, 22.2668058676 ],
						[ 114.021245759, 22.2678682697 ],
						[ 114.0219861905, 22.2684292825 ],
						[ 114.022774778, 22.2685056818 ],
						[ 114.022826434, 22.2685764135 ],
						[ 114.0229833881, 22.2687913467 ],
						[ 114.0225049013, 22.2690929131 ],
						[ 114.0224185485, 22.2692351356 ],
						[ 114.0220634057, 22.2698200634 ],
						[ 114.0217380564, 22.2700177496 ],
						[ 114.0219502215, 22.2705291937 ],
						[ 114.0222218563, 22.2706689395 ],
						[ 114.0223609588, 22.2724925444 ],
						[ 114.0223610258, 22.2724934385 ],
						[ 114.0223610927, 22.2724943506 ],
						[ 114.0224018016, 22.273028072 ],
						[ 114.0223039653, 22.2732168634 ],
						[ 114.0225117542, 22.2744157856 ],
						[ 114.0223985086, 22.2746136743 ],
						[ 114.0225392388, 22.2748348596 ],
						[ 114.0223579509, 22.2751172012 ],
						[ 114.022090067, 22.2752026738 ],
						[ 114.0216413735, 22.2753458415 ],
						[ 114.0214380836, 22.2759910564 ],
						[ 114.0217245286, 22.2765327158 ],
						[ 114.0217965067, 22.2765754452 ],
						[ 114.0219897997, 22.276690183 ],
						[ 114.021939586, 22.2770521725 ],
						[ 114.0218733023, 22.2775299373 ],
						[ 114.0219886475, 22.2777369116 ],
						[ 114.0220043401, 22.2777520168 ],
						[ 114.022479657, 22.2782096081 ],
						[ 114.0238354104, 22.2782741325 ],
						[ 114.0240996817, 22.2787767635 ],
						[ 114.0235500371, 22.2790711765 ],
						[ 114.0235373526, 22.2790912666 ],
						[ 114.0230366657, 22.2798845391 ],
						[ 114.0227335724, 22.2800385127 ],
						[ 114.0227485325, 22.2802973985 ],
						[ 114.0223292842, 22.2809778722 ],
						[ 114.0226317287, 22.2817629651 ],
						[ 114.0224014561, 22.2823396849 ],
						[ 114.0224494086, 22.2826240232 ],
						[ 114.0227606204, 22.2831780939 ],
						[ 114.0231263397, 22.2838291954 ],
						[ 114.0230905142, 22.2846548391 ],
						[ 114.0223846055, 22.2849597288 ],
						[ 114.0217812904, 22.2849473326 ],
						[ 114.0213154375, 22.2846880156 ],
						[ 114.0208078289, 22.2848512445 ],
						[ 114.020274221, 22.2855481556 ],
						[ 114.0196001451, 22.2857785973 ],
						[ 114.0192571347, 22.286399435 ],
						[ 114.0191559521, 22.2874918594 ],
						[ 114.0189345248, 22.2875244524 ],
						[ 114.0188312118, 22.287720623 ],
						[ 114.0189757201, 22.2892934613 ],
						[ 114.0191488119, 22.2896359254 ],
						[ 114.0194814135, 22.2902939831 ],
						[ 114.0198025862, 22.2906832873 ],
						[ 114.020676209, 22.2907141749 ],
						[ 114.0210307264, 22.290589216 ],
						[ 114.0210616819, 22.2907381874 ],
						[ 114.0208652231, 22.2909324547 ],
						[ 114.0201460325, 22.2911587191 ],
						[ 114.0198547564, 22.2915160133 ],
						[ 114.0196364622, 22.2913532693 ],
						[ 114.0193175527, 22.2914286095 ],
						[ 114.0190163039, 22.2921783353 ],
						[ 114.0192598972, 22.2929989296 ],
						[ 114.0194780587, 22.2933600401 ],
						[ 114.0198050949, 22.29390138 ],
						[ 114.0201390252, 22.2940234533 ],
						[ 114.0203419275, 22.2938863478 ],
						[ 114.0215931381, 22.2930408676 ],
						[ 114.0219804268, 22.2927791606 ],
						[ 114.0227883386, 22.2922332168 ],
						[ 114.0237084623, 22.2916331733 ],
						[ 114.0239116903, 22.2916363179 ],
						[ 114.0244364409, 22.2920877726 ],
						[ 114.0247043853, 22.292736981 ],
						[ 114.0245134241, 22.2931345637 ],
						[ 114.0240875279, 22.293475186 ],
						[ 114.0240126294, 22.2936911094 ],
						[ 114.0237708771, 22.2943880347 ],
						[ 114.0240271659, 22.2946642965 ],
						[ 114.0246177599, 22.2947233607 ],
						[ 114.0254092951, 22.2939764399 ],
						[ 114.0261156706, 22.2938606659 ],
						[ 114.0274552528, 22.2919635004 ],
						[ 114.0271212606, 22.2912876404 ],
						[ 114.0248993065, 22.2916195183 ],
						[ 114.0248525081, 22.2914362526 ],
						[ 114.0272059509, 22.2910838165 ],
						[ 114.027443865, 22.2913198608 ],
						[ 114.0276679442, 22.2920293033 ],
						[ 114.0262418753, 22.2940310008 ],
						[ 114.0264652943, 22.294176727 ],
						[ 114.0261748315, 22.2943636891 ],
						[ 114.026099543, 22.2946833746 ],
						[ 114.0255150284, 22.2948719585 ],
						[ 114.0253065112, 22.2962329188 ],
						[ 114.0258501356, 22.2968681952 ],
						[ 114.0258625452, 22.2971412649 ],
						[ 114.025829311, 22.2971742769 ],
						[ 114.0252426233, 22.2977571335 ],
						[ 114.0247242567, 22.2978500338 ],
						[ 114.0244607155, 22.2984023957 ],
						[ 114.0244727278, 22.2990306744 ],
						[ 114.0237444506, 22.2988260872 ],
						[ 114.0232008399, 22.2981801659 ],
						[ 114.0233112414, 22.2976973955 ],
						[ 114.0231488447, 22.2975222921 ],
						[ 114.0228866993, 22.297371332 ],
						[ 114.0220674456, 22.2973067245 ],
						[ 114.0215114359, 22.2969687109 ],
						[ 114.0214710769, 22.2967127542 ],
						[ 114.0198423773, 22.2958222059 ],
						[ 114.0197027224, 22.295805021 ],
						[ 114.0194505121, 22.2960693821 ],
						[ 114.0194110273, 22.2961107671 ],
						[ 114.0192293427, 22.2963012086 ],
						[ 114.0177625755, 22.295901763 ],
						[ 114.0175733334, 22.2966622876 ],
						[ 114.0180450987, 22.2967850874 ],
						[ 114.0178448262, 22.296968113 ],
						[ 114.017430133, 22.2968443483 ],
						[ 114.0165402723, 22.296578767 ],
						[ 114.0163404596, 22.2965191301 ],
						[ 114.0163388008, 22.2965186318 ],
						[ 114.0151974473, 22.2970961162 ],
						[ 114.0147551038, 22.2984485479 ],
						[ 114.0147511696, 22.2991081384 ],
						[ 114.014914246, 22.2995617271 ],
						[ 114.0150158089, 22.2998442421 ],
						[ 114.0151335129, 22.2999817508 ],
						[ 114.0153722846, 22.3002606816 ],
						[ 114.0158250198, 22.3003663378 ],
						[ 114.016213224, 22.3002561972 ],
						[ 114.0175380634, 22.3003213405 ],
						[ 114.0184626028, 22.3005285132 ],
						[ 114.0190015323, 22.3008032793 ],
						[ 114.0193943198, 22.3011399601 ],
						[ 114.0197627152, 22.3011261301 ],
						[ 114.0200970687, 22.3013017281 ],
						[ 114.0201404136, 22.301324491 ],
						[ 114.0205655047, 22.3011706404 ],
						[ 114.0209446174, 22.3012324763 ],
						[ 114.0207246488, 22.3014178434 ],
						[ 114.0205494434, 22.3019035024 ],
						[ 114.0201868071, 22.3018682856 ],
						[ 114.0198625317, 22.3016091013 ],
						[ 114.019530967, 22.3016206013 ],
						[ 114.0193090494, 22.3018109314 ],
						[ 114.0192811118, 22.3018348985 ],
						[ 114.0192425078, 22.3022834555 ],
						[ 114.0200701821, 22.30279314 ],
						[ 114.0193172985, 22.3029880405 ],
						[ 114.0188138595, 22.3027741942 ],
						[ 114.01816033, 22.3027304083 ],
						[ 114.0168689694, 22.3030735668 ],
						[ 114.0160476444, 22.3028589467 ],
						[ 114.0149777898, 22.3030759716 ],
						[ 114.0146280656, 22.3042540415 ],
						[ 114.0145703298, 22.3044485387 ],
						[ 114.0145435781, 22.3048728139 ],
						[ 114.0139357322, 22.3048280903 ],
						[ 114.0139144352, 22.3047983583 ],
						[ 114.013924718, 22.3048272845 ],
						[ 114.0140720827, 22.3052417918 ],
						[ 114.0132494594, 22.305851504 ],
						[ 114.0139690152, 22.3053847237 ],
						[ 114.0141379224, 22.3054250793 ],
						[ 114.014156046, 22.3056810152 ],
						[ 114.0159368196, 22.3064564502 ],
						[ 114.0164422189, 22.3069500115 ],
						[ 114.0169297647, 22.3074261426 ],
						[ 114.0170359586, 22.3078777944 ],
						[ 114.0165656507, 22.3081298977 ],
						[ 114.0164028343, 22.3082171708 ],
						[ 114.0163549642, 22.3083992432 ],
						[ 114.0166845729, 22.3091044328 ],
						[ 114.0166963667, 22.3091197874 ],
						[ 114.0176143879, 22.310315193 ],
						[ 114.0182451683, 22.3108453731 ],
						[ 114.0183286191, 22.3111941615 ],
						[ 114.0196369576, 22.3102095935 ],
						[ 114.0216217472, 22.3103799524 ],
						[ 114.0222531924, 22.3103202672 ],
						[ 114.0229605264, 22.309982871 ],
						[ 114.0233726595, 22.3100825526 ],
						[ 114.0239261219, 22.3098880328 ],
						[ 114.0249759965, 22.3099818174 ],
						[ 114.0253419728, 22.3098834554 ],
						[ 114.0261108623, 22.3101838244 ],
						[ 114.0262108564, 22.3105273052 ],
						[ 114.0268445864, 22.3107081609 ],
						[ 114.0271020982, 22.3109630883 ],
						[ 114.0283027336, 22.3121516233 ],
						[ 114.0282330241, 22.3132018249 ],
						[ 114.0289400665, 22.313141587 ],
						[ 114.0294128438, 22.312982131 ],
						[ 114.0300952841, 22.3127519644 ],
						[ 114.0321711388, 22.3115114832 ],
						[ 114.0321971235, 22.311442296 ],
						[ 114.0323231537, 22.3111067145 ],
						[ 114.0326432775, 22.3102543317 ],
						[ 114.0327067976, 22.3100852092 ],
						[ 114.0328783988, 22.3099604325 ],
						[ 114.0332223287, 22.3097103554 ],
						[ 114.0333324823, 22.3094456671 ],
						[ 114.0346039154, 22.3096607486 ],
						[ 114.0351769846, 22.3102361823 ],
						[ 114.0352949401, 22.310354631 ],
						[ 114.0355192023, 22.3103146405 ],
						[ 114.0364943841, 22.3107894935 ],
						[ 114.0365053418, 22.3108280275 ],
						[ 114.0367257631, 22.3116031866 ],
						[ 114.0367747879, 22.3117755776 ],
						[ 114.0365743292, 22.3121477534 ],
						[ 114.0365741755, 22.3123015982 ],
						[ 114.0365736143, 22.3128634986 ],
						[ 114.0359883844, 22.3137034405 ],
						[ 114.0361096885, 22.3143578114 ],
						[ 114.0359797081, 22.3148445642 ],
						[ 114.0357959882, 22.3155325166 ],
						[ 114.0360903761, 22.3159536334 ],
						[ 114.0362863061, 22.3162339048 ],
						[ 114.0366367011, 22.3171195749 ],
						[ 114.0363900468, 22.3179355811 ],
						[ 114.0357610233, 22.3187151956 ],
						[ 114.0355665863, 22.3187717654 ],
						[ 114.0356691662, 22.3191016513 ],
						[ 114.0355454052, 22.319198857 ],
						[ 114.0353106074, 22.3193832552 ],
						[ 114.0352295763, 22.3197354401 ],
						[ 114.0354091515, 22.3205589052 ],
						[ 114.0351358319, 22.3209510359 ],
						[ 114.0349587501, 22.3212051007 ],
						[ 114.0348913273, 22.3218045723 ],
						[ 114.0346229662, 22.3222036509 ],
						[ 114.0345748789, 22.3226185183 ],
						[ 114.0345758494, 22.3226186185 ],
						[ 114.0343223329, 22.322992415 ],
						[ 114.034292168, 22.3230861167 ],
						[ 114.0339782085, 22.3240612954 ],
						[ 114.034016189, 22.3248148936 ],
						[ 114.0336468322, 22.3257111587 ],
						[ 114.0337961796, 22.326268043 ],
						[ 114.0338145287, 22.3262451486 ],
						[ 114.0345009523, 22.3253886165 ],
						[ 114.0356227531, 22.3260852402 ],
						[ 114.0368612612, 22.3250738793 ],
						[ 114.0383000837, 22.3251099913 ],
						[ 114.0390128771, 22.32442973 ],
						[ 114.0394477812, 22.3246836505 ],
						[ 114.0395635964, 22.3244857534 ],
						[ 114.0392481552, 22.3241946926 ],
						[ 114.0415231632, 22.3220588452 ],
						[ 114.0415518632, 22.3218586072 ],
						[ 114.0408908457, 22.3216499177 ],
						[ 114.0402039756, 22.3211794705 ],
						[ 114.0401330736, 22.3209293993 ],
						[ 114.040430527, 22.3201087074 ],
						[ 114.0409349511, 22.3194034367 ],
						[ 114.0417344203, 22.3197061233 ],
						[ 114.0421347731, 22.3195433281 ],
						[ 114.0424822156, 22.3195755394 ],
						[ 114.0425477854, 22.3194272394 ],
						[ 114.0426591929, 22.3194042134 ],
						[ 114.0431742531, 22.3192977348 ],
						[ 114.0431313882, 22.3189141077 ],
						[ 114.0431243725, 22.3188513123 ],
						[ 114.043026737, 22.318468245 ],
						[ 114.0429339563, 22.318104218 ],
						[ 114.0432640991, 22.3175656538 ],
						[ 114.043457399, 22.3172503116 ],
						[ 114.0436667568, 22.3169087755 ],
						[ 114.0438392273, 22.3169919894 ],
						[ 114.0443312209, 22.3167064569 ],
						[ 114.0445035478, 22.3165405343 ],
						[ 114.0446807658, 22.3161377795 ],
						[ 114.0449492356, 22.3160036952 ],
						[ 114.0452423778, 22.3160342671 ],
						[ 114.0454454211, 22.3162005041 ],
						[ 114.0455321712, 22.3163247629 ],
						[ 114.0455307085, 22.3166330025 ],
						[ 114.0462930838, 22.3167712441 ],
						[ 114.0461368784, 22.3168762161 ],
						[ 114.0464884866, 22.3170048598 ],
						[ 114.0465781661, 22.3172788925 ],
						[ 114.0466976845, 22.31764414 ],
						[ 114.046710189, 22.3176823584 ],
						[ 114.0470969999, 22.3180347074 ],
						[ 114.0475219636, 22.3184217994 ],
						[ 114.0479316311, 22.3181982124 ],
						[ 114.0505953154, 22.3182995179 ],
						[ 114.0511797067, 22.3183206518 ],
						[ 114.0511981201, 22.3183516771 ],
						[ 114.0514264372, 22.3187363398 ],
						[ 114.0516451642, 22.3192211529 ],
						[ 114.0524136189, 22.3194221058 ],
						[ 114.052385476, 22.3196360367 ],
						[ 114.053407255, 22.3199973545 ],
						[ 114.0533362315, 22.3201021274 ],
						[ 114.053263507, 22.3202094185 ],
						[ 114.0538377487, 22.3209456936 ],
						[ 114.0541242426, 22.3216782002 ],
						[ 114.0544310262, 22.3217198012 ],
						[ 114.0545500448, 22.3214610205 ],
						[ 114.055040651, 22.3212350293 ],
						[ 114.055660887, 22.3202141898 ],
						[ 114.0560922766, 22.3201394495 ],
						[ 114.0563668312, 22.320726551 ],
						[ 114.0559910978, 22.3218232247 ],
						[ 114.0555940493, 22.3218459743 ],
						[ 114.0553753057, 22.3221898394 ],
						[ 114.0552276488, 22.322421959 ],
						[ 114.0551918436, 22.3224433978 ],
						[ 114.0547090211, 22.3227324558 ],
						[ 114.054479099, 22.3226790833 ],
						[ 114.0542113007, 22.3230955608 ],
						[ 114.0541829579, 22.3235405932 ],
						[ 114.0539230706, 22.3236213645 ],
						[ 114.0538757469, 22.3239824522 ],
						[ 114.054143882, 22.3246381034 ],
						[ 114.0548444325, 22.3247976244 ],
						[ 114.0549846225, 22.3250305921 ],
						[ 114.0548823734, 22.3253573407 ],
						[ 114.0547871417, 22.3256616716 ],
						[ 114.054916495, 22.3262914888 ],
						[ 114.0550572646, 22.3269769156 ],
						[ 114.0555175029, 22.3273519752 ],
						[ 114.0555268487, 22.3275671175 ],
						[ 114.0558672324, 22.327707445 ],
						[ 114.0556637833, 22.3278987954 ],
						[ 114.055825955, 22.3284337971 ],
						[ 114.0562045437, 22.3284754484 ],
						[ 114.0564258995, 22.3288857904 ],
						[ 114.0566539441, 22.3289113717 ],
						[ 114.0565883619, 22.3290862723 ],
						[ 114.0571110397, 22.3292621954 ],
						[ 114.057269786, 22.3293485996 ],
						[ 114.0572314841, 22.3295643026 ],
						[ 114.0568030561, 22.3298541833 ],
						[ 114.0567028018, 22.3304593286 ],
						[ 114.0563153635, 22.3303627029 ],
						[ 114.0562959453, 22.3305264668 ],
						[ 114.0561933891, 22.3303626122 ],
						[ 114.0554540436, 22.3300988372 ],
						[ 114.0553737143, 22.3302631514 ],
						[ 114.0551391238, 22.3307430314 ],
						[ 114.0551782043, 22.3307752637 ],
						[ 114.055459402, 22.3310071989 ],
						[ 114.0555701742, 22.3310985718 ],
						[ 114.0555739487, 22.3312237021 ],
						[ 114.055585612, 22.3316104178 ],
						[ 114.0554228842, 22.331714906 ],
						[ 114.0554034773, 22.3321221068 ],
						[ 114.0556661371, 22.3325236217 ],
						[ 114.0555783437, 22.3326748541 ],
						[ 114.0559282903, 22.3327826876 ],
						[ 114.0560156649, 22.333128506 ],
						[ 114.055268292, 22.3334305523 ],
						[ 114.0550950243, 22.3335861633 ],
						[ 114.0547113392, 22.3339307429 ],
						[ 114.0547111156, 22.3341875538 ],
						[ 114.0548067999, 22.334474563 ],
						[ 114.056069814, 22.3344317651 ],
						[ 114.0560326705, 22.3347751336 ],
						[ 114.0564037024, 22.3348083351 ],
						[ 114.0569236392, 22.3352060654 ],
						[ 114.0574426939, 22.3351952146 ],
						[ 114.0576235818, 22.3353927559 ],
						[ 114.0580804552, 22.3352884813 ],
						[ 114.0582173784, 22.3356496957 ],
						[ 114.0579892054, 22.3357624196 ],
						[ 114.0576486489, 22.3357999985 ],
						[ 114.0574767681, 22.3359565884 ],
						[ 114.0573167583, 22.3361023591 ],
						[ 114.057352969, 22.3364746346 ],
						[ 114.0574282393, 22.3372484466 ],
						[ 114.0572500577, 22.3375857962 ],
						[ 114.0566805608, 22.337885027 ],
						[ 114.0564381787, 22.3381363391 ],
						[ 114.0561643939, 22.3384202188 ],
						[ 114.0559264016, 22.338666991 ],
						[ 114.0553760311, 22.3388758084 ],
						[ 114.055411361, 22.3390158356 ],
						[ 114.05562932, 22.3398797265 ],
						[ 114.0557996065, 22.3405546531 ],
						[ 114.0557597349, 22.3406146494 ],
						[ 114.0556217002, 22.3408223844 ],
						[ 114.0553803792, 22.3411855571 ],
						[ 114.0537129893, 22.3422221532 ],
						[ 114.0537231996, 22.3423792384 ],
						[ 114.0539666955, 22.3424992406 ],
						[ 114.0541217106, 22.3423493967 ],
						[ 114.0543722899, 22.3424621702 ],
						[ 114.0542549532, 22.3429636113 ],
						[ 114.0542349683, 22.3430489982 ],
						[ 114.0539307384, 22.3434076328 ],
						[ 114.0532934783, 22.3434009802 ],
						[ 114.0531579959, 22.343569387 ],
						[ 114.0528548918, 22.3433092018 ],
						[ 114.051820373, 22.3438629279 ]
					]
				]
			},
			"properties" : {
				"TYPE" : null
			}
		},
		{
			"type" : "Feature",
			"geometry" : {
				"type" : "Polygon",
				"coordinates" : [
					[
						[ 114.0244508257, 22.3332591143 ],
						[ 114.0241003008, 22.3336949692 ],
						[ 114.024040045, 22.3341895972 ],
						[ 114.0240500322, 22.3346808597 ],
						[ 114.024052105, 22.3347830063 ],
						[ 114.0237864966, 22.3352415078 ],
						[ 114.0235607218, 22.3356312607 ],
						[ 114.0222622103, 22.336157231 ],
						[ 114.0222936776, 22.3358516942 ],
						[ 114.0226635693, 22.3352746782 ],
						[ 114.0228358926, 22.335005858 ],
						[ 114.0233208639, 22.3347941362 ],
						[ 114.0234054281, 22.3346551458 ],
						[ 114.0236709057, 22.3342188057 ],
						[ 114.023769156, 22.3332614249 ],
						[ 114.0241009244, 22.333122252 ],
						[ 114.0244508257, 22.3332591143 ]
					]
				]
			},
			"properties" : {
				"TYPE" : null
			}
		},
		{
			"type" : "Feature",
			"geometry" : {
				"type" : "Polygon",
				"coordinates" : [
					[
						[ 114.1590647165, 22.5600435579 ],
						[ 114.1586963912, 22.5594445352 ],
						[ 114.1583506707, 22.558944911 ],
						[ 114.1581586119, 22.5586385892 ],
						[ 114.1579601415, 22.5583709341 ],
						[ 114.1578451795, 22.5581722082 ],
						[ 114.1577640555, 22.5580214734 ],
						[ 114.1577153922, 22.5578933544 ],
						[ 114.1576720753, 22.5577731826 ],
						[ 114.1575583335, 22.557475701 ],
						[ 114.1573202456, 22.5568008809 ],
						[ 114.1572020541, 22.5564921105 ],
						[ 114.1571421026, 22.5563743386 ],
						[ 114.1570812523, 22.5562881276 ],
						[ 114.1569398087, 22.5561609541 ],
						[ 114.1567846824, 22.5559913994 ],
						[ 114.1566660623, 22.5558345729 ],
						[ 114.1565716892, 22.5556173274 ],
						[ 114.1565063998, 22.5555081966 ],
						[ 114.1564543807, 22.5554046121 ],
						[ 114.1563923665, 22.5552390422 ],
						[ 114.1563581731, 22.5549741421 ],
						[ 114.1563235316, 22.5548477311 ],
						[ 114.1562920309, 22.5547834943 ],
						[ 114.156235015, 22.5546795659 ],
						[ 114.1561985149, 22.5546308155 ],
						[ 114.1561232336, 22.5545735897 ],
						[ 114.1560502374, 22.5545142419 ],
						[ 114.1559425144, 22.5544471687 ],
						[ 114.1558887019, 22.5544429987 ],
						[ 114.1557559206, 22.5544654669 ],
						[ 114.1556783409, 22.5544993566 ],
						[ 114.1554985133, 22.5545846514 ],
						[ 114.1553056522, 22.5546408937 ],
						[ 114.1551112547, 22.554698174 ],
						[ 114.1548668372, 22.5546835568 ],
						[ 114.154641836, 22.554603183 ],
						[ 114.1545925095, 22.5545740173 ],
						[ 114.1545173994, 22.5545448479 ],
						[ 114.1544366762, 22.5545365107 ],
						[ 114.1543548234, 22.5545396238 ],
						[ 114.1541874666, 22.5545772929 ],
						[ 114.1539539384, 22.5546808829 ],
						[ 114.1538950365, 22.5547043353 ],
						[ 114.1537183166, 22.5547434113 ],
						[ 114.1536488961, 22.5547610014 ],
						[ 114.1535892573, 22.5547723259 ],
						[ 114.1534751226, 22.5547958875 ],
						[ 114.153292104, 22.5548251733 ],
						[ 114.1530144054, 22.554875928 ],
						[ 114.1528931668, 22.5549364583 ],
						[ 114.1528250566, 22.5549657787 ],
						[ 114.1527977053, 22.5549784803 ],
						[ 114.1527698968, 22.5549934303 ],
						[ 114.1527293302, 22.5550214544 ],
						[ 114.1526791903, 22.5550305946 ],
						[ 114.1524764652, 22.555052878 ],
						[ 114.1523324318, 22.5550330255 ],
						[ 114.1522070671, 22.5550032604 ],
						[ 114.1520737041, 22.5549561377 ],
						[ 114.1519936953, 22.5548668786 ],
						[ 114.1518983244, 22.5546744004 ],
						[ 114.1518396834, 22.5545432076 ],
						[ 114.1517679247, 22.5543174923 ],
						[ 114.151724508, 22.554085397 ],
						[ 114.1517177774, 22.5539391858 ],
						[ 114.1517187415, 22.5538768586 ],
						[ 114.1517192418, 22.5538520163 ],
						[ 114.1517351639, 22.5536541009 ],
						[ 114.1517405635, 22.5534723844 ],
						[ 114.1517325378, 22.5534450393 ],
						[ 114.1517084609, 22.553362995 ],
						[ 114.1516763637, 22.553278457 ],
						[ 114.1515937828, 22.5530119409 ],
						[ 114.1515965317, 22.5528652074 ],
						[ 114.1517300684, 22.5524781521 ],
						[ 114.1517409908, 22.5523465908 ],
						[ 114.1517464741, 22.5521315523 ],
						[ 114.1516861886, 22.5518006715 ],
						[ 114.1516375427, 22.5516196869 ],
						[ 114.1515185837, 22.5514013057 ],
						[ 114.1514266623, 22.5512354942 ],
						[ 114.1512509102, 22.5510018425 ],
						[ 114.1511751965, 22.5509390245 ],
						[ 114.1510784302, 22.5508996909 ],
						[ 114.1508565047, 22.5508974609 ],
						[ 114.1505944381, 22.5509391114 ],
						[ 114.1504598667, 22.5509303118 ],
						[ 114.1503559908, 22.5509061567 ],
						[ 114.1502247253, 22.5508446926 ],
						[ 114.1500878085, 22.5507481266 ],
						[ 114.1499226017, 22.5504957643 ],
						[ 114.1498744773, 22.5503968109 ],
						[ 114.1498502301, 22.5503489731 ],
						[ 114.1497990759, 22.5501828063 ],
						[ 114.1497357485, 22.5499243023 ],
						[ 114.1496678355, 22.5494025179 ],
						[ 114.1495734682, 22.5490362766 ],
						[ 114.1495700647, 22.5488921338 ],
						[ 114.1495557388, 22.5486727303 ],
						[ 114.1495855114, 22.5483551022 ],
						[ 114.1495806431, 22.5479471287 ],
						[ 114.14956117, 22.5476017962 ],
						[ 114.1495791404, 22.5475300532 ],
						[ 114.1496342912, 22.5473872297 ],
						[ 114.1497869112, 22.547253787 ],
						[ 114.149876906, 22.5472043429 ],
						[ 114.1500387777, 22.5471364347 ],
						[ 114.1500921151, 22.54711869 ],
						[ 114.1501603379, 22.5470936692 ],
						[ 114.1506281962, 22.5470119042 ],
						[ 114.1508059212, 22.5470085918 ],
						[ 114.1509244028, 22.5469986053 ],
						[ 114.1509576318, 22.5469994505 ],
						[ 114.1509769482, 22.5470035985 ],
						[ 114.1510608272, 22.5470603316 ],
						[ 114.1510643904, 22.5471903961 ],
						[ 114.1510051273, 22.5472887631 ],
						[ 114.150904587, 22.5473771269 ],
						[ 114.1506944467, 22.547753649 ],
						[ 114.1506877062, 22.5478741307 ],
						[ 114.1506867348, 22.5479214224 ],
						[ 114.150754933, 22.5479767714 ],
						[ 114.15083179, 22.5479990888 ],
						[ 114.1509250437, 22.5479913107 ],
						[ 114.1511075369, 22.5479705792 ],
						[ 114.1511691688, 22.5479439676 ],
						[ 114.1512122701, 22.547921507 ],
						[ 114.1512747285, 22.547893857 ],
						[ 114.1513581198, 22.5478566562 ],
						[ 114.1513962545, 22.5478793375 ],
						[ 114.1514053827, 22.5478828336 ],
						[ 114.1514370743, 22.5478920406 ],
						[ 114.1514725195, 22.5480026407 ],
						[ 114.1514282607, 22.5480819924 ],
						[ 114.1513931741, 22.5480834046 ],
						[ 114.1512406081, 22.5480862159 ],
						[ 114.1512369809, 22.5480911639 ],
						[ 114.1512176691, 22.5481137006 ],
						[ 114.1512421148, 22.5481924942 ],
						[ 114.1513473689, 22.5482718695 ],
						[ 114.151444996, 22.5483257329 ],
						[ 114.1514983856, 22.5483427454 ],
						[ 114.1515548477, 22.5483044928 ],
						[ 114.1515559198, 22.5482894935 ],
						[ 114.1515762286, 22.5481840495 ],
						[ 114.151582332, 22.5481415356 ],
						[ 114.1515976077, 22.5480735125 ],
						[ 114.1516250863, 22.547941728 ],
						[ 114.1516983414, 22.5478297904 ],
						[ 114.1519373902, 22.5477337176 ],
						[ 114.1519400823, 22.547738757 ],
						[ 114.1519642754, 22.5476557809 ],
						[ 114.1519773326, 22.5474345035 ],
						[ 114.1519871213, 22.5470614346 ],
						[ 114.1519439496, 22.5469369808 ],
						[ 114.1518910292, 22.546800172 ],
						[ 114.1517427676, 22.5466090669 ],
						[ 114.1517134812, 22.5465792803 ],
						[ 114.1516756602, 22.5465441373 ],
						[ 114.1516318683, 22.5465182405 ],
						[ 114.1515701508, 22.5464849449 ],
						[ 114.1514546857, 22.5464294443 ],
						[ 114.1513770538, 22.5463961462 ],
						[ 114.1512814936, 22.5463702411 ],
						[ 114.1511660188, 22.5463683715 ],
						[ 114.1510283456, 22.5463864643 ],
						[ 114.1508922218, 22.5463844015 ],
						[ 114.1507516914, 22.5463966149 ],
						[ 114.1505804404, 22.5463047575 ],
						[ 114.1503762761, 22.5461394327 ],
						[ 114.1502248064, 22.5459618621 ],
						[ 114.1500169359, 22.5456116581 ],
						[ 114.1499181529, 22.5454648804 ],
						[ 114.1498011557, 22.5453473851 ],
						[ 114.1495559347, 22.5451548078 ],
						[ 114.1492529768, 22.5449161293 ],
						[ 114.1490180099, 22.5446456481 ],
						[ 114.1488878215, 22.5444815623 ],
						[ 114.1487749934, 22.5443317202 ],
						[ 114.1485695794, 22.5441219003 ],
						[ 114.1484712162, 22.543979339 ],
						[ 114.1484596516, 22.5439591722 ],
						[ 114.1484394025, 22.5439067204 ],
						[ 114.1484104746, 22.5438421664 ],
						[ 114.1483251556, 22.5436169165 ],
						[ 114.1483107308, 22.5434178852 ],
						[ 114.1482919389, 22.5433237495 ],
						[ 114.1482601404, 22.5431790597 ],
						[ 114.1482587107, 22.5430876091 ],
						[ 114.1483074999, 22.543008512 ],
						[ 114.1483658069, 22.5429746676 ],
						[ 114.148416531, 22.5428932138 ],
						[ 114.1484307705, 22.5428582869 ],
						[ 114.14849896, 22.5427495917 ],
						[ 114.1485410506, 22.5426712157 ],
						[ 114.1485959406, 22.5425640352 ],
						[ 114.1486393894, 22.5423559024 ],
						[ 114.148640878, 22.5421583367 ],
						[ 114.1486167294, 22.5420653651 ],
						[ 114.1485531605, 22.5420188747 ],
						[ 114.148524941, 22.5420096678 ],
						[ 114.1482098642, 22.5419363218 ],
						[ 114.148058729, 22.5418221332 ],
						[ 114.1478886945, 22.5416662389 ],
						[ 114.1478024277, 22.541614037 ],
						[ 114.1477623288, 22.5416043763 ],
						[ 114.1476972871, 22.5415834864 ],
						[ 114.147645435, 22.5415739861 ],
						[ 114.1476130636, 22.5415696456 ],
						[ 114.147391046, 22.54156779 ],
						[ 114.1472611381, 22.5415699606 ],
						[ 114.1470792601, 22.5415688253 ],
						[ 114.1469304566, 22.5415578258 ],
						[ 114.1468092961, 22.5414790948 ],
						[ 114.1467254786, 22.541341872 ],
						[ 114.1466463847, 22.5412101406 ],
						[ 114.1466075804, 22.5411935807 ],
						[ 114.1465116695, 22.5411473724 ],
						[ 114.1464987798, 22.5411431528 ],
						[ 114.1464716078, 22.5411464437 ],
						[ 114.1464409071, 22.5411486323 ],
						[ 114.1463851534, 22.5411556293 ],
						[ 114.146316179, 22.5412044343 ],
						[ 114.1461897754, 22.5413634798 ],
						[ 114.1461543472, 22.5413788246 ],
						[ 114.1461389856, 22.5413865065 ],
						[ 114.1461271736, 22.5413886986 ],
						[ 114.1460834851, 22.5413908847 ],
						[ 114.1459366088, 22.5413267049 ],
						[ 114.1458185834, 22.5412733129 ],
						[ 114.1457103183, 22.5412635573 ],
						[ 114.1456712081, 22.5412677127 ],
						[ 114.14548086, 22.5412379117 ],
						[ 114.1453097483, 22.5411751805 ],
						[ 114.1451817468, 22.5410892858 ],
						[ 114.1450290545, 22.5409973177 ],
						[ 114.1449812016, 22.5409736036 ],
						[ 114.1448137717, 22.5409667615 ],
						[ 114.1446634547, 22.5409461062 ],
						[ 114.1445923603, 22.5409543457 ],
						[ 114.1444452338, 22.5410090581 ],
						[ 114.1443718429, 22.5410683094 ],
						[ 114.1443335323, 22.541186843 ],
						[ 114.1443015871, 22.5413557492 ],
						[ 114.1442856037, 22.5414861442 ],
						[ 114.1442791889, 22.5416461696 ],
						[ 114.1443317756, 22.541880292 ],
						[ 114.1443445066, 22.5419810552 ],
						[ 114.1443412964, 22.5420729202 ],
						[ 114.1443378135, 22.542084072 ],
						[ 114.1442801802, 22.5421447442 ],
						[ 114.1442520084, 22.5421816275 ],
						[ 114.1441892789, 22.5421685298 ],
						[ 114.1440689408, 22.5421101964 ],
						[ 114.1439196655, 22.542037571 ],
						[ 114.1437609163, 22.5419875645 ],
						[ 114.1436136856, 22.5419435022 ],
						[ 114.1435138349, 22.5419101595 ],
						[ 114.1433499475, 22.5419232195 ],
						[ 114.1433128172, 22.5419398728 ],
						[ 114.1432061287, 22.5420017264 ],
						[ 114.1430601508, 22.5420838087 ],
						[ 114.1429359584, 22.5421266226 ],
						[ 114.1427912733, 22.54216824 ],
						[ 114.1426139393, 22.5421477667 ],
						[ 114.1425588907, 22.542131103 ],
						[ 114.1424667189, 22.5420632925 ],
						[ 114.142444959, 22.5420371179 ],
						[ 114.1423847908, 22.5420061851 ],
						[ 114.1422558837, 22.5420086408 ],
						[ 114.1420700762, 22.542013739 ],
						[ 114.1419635674, 22.5420156124 ],
						[ 114.1418393866, 22.5420113863 ],
						[ 114.1416871442, 22.5424505439 ],
						[ 114.1414280715, 22.5426596931 ],
						[ 114.1395879889, 22.5428998819 ],
						[ 114.1392194541, 22.5433722367 ],
						[ 114.1388659345, 22.5434973051 ],
						[ 114.1374246035, 22.543608727 ],
						[ 114.1367863103, 22.5433531822 ],
						[ 114.1356660068, 22.5423101023 ],
						[ 114.1348219596, 22.5418258937 ],
						[ 114.1345039694, 22.5411940474 ],
						[ 114.1342007145, 22.5411487072 ],
						[ 114.1339709877, 22.5412761095 ],
						[ 114.1333518446, 22.5418232002 ],
						[ 114.1325419949, 22.5417162948 ],
						[ 114.1321257415, 22.542111501 ],
						[ 114.1318219815, 22.542091098 ],
						[ 114.1310913323, 22.5415413232 ],
						[ 114.1305065926, 22.5417623631 ],
						[ 114.1302663493, 22.5421021959 ],
						[ 114.1295469498, 22.5421066096 ],
						[ 114.1294566579, 22.5415339237 ],
						[ 114.1287794433, 22.540328831 ],
						[ 114.127759068, 22.5395152589 ],
						[ 114.1269670907, 22.5392014546 ],
						[ 114.126063691, 22.5397147008 ],
						[ 114.1257403835, 22.5401279264 ],
						[ 114.1257750337, 22.5405417259 ],
						[ 114.1263665327, 22.5408804331 ],
						[ 114.1263401173, 22.541073927 ],
						[ 114.1257450221, 22.5410483368 ],
						[ 114.1254149916, 22.5408094693 ],
						[ 114.1250166997, 22.5396570965 ],
						[ 114.1244540657, 22.5392569783 ],
						[ 114.122480097, 22.5386808917 ],
						[ 114.1214453881, 22.5377582874 ],
						[ 114.1214063252, 22.5372308745 ],
						[ 114.1224200649, 22.5358129681 ],
						[ 114.1223273203, 22.5352587531 ],
						[ 114.1219286475, 22.535174563 ],
						[ 114.1214631306, 22.5356588547 ],
						[ 114.1207904851, 22.5356830941 ],
						[ 114.1206390399, 22.5352304581 ],
						[ 114.1209768148, 22.5346990222 ],
						[ 114.1208790209, 22.5343401491 ],
						[ 114.1195401582, 22.5344827729 ],
						[ 114.1183295858, 22.5346117151 ],
						[ 114.117157653, 22.5350320088 ],
						[ 114.115943515, 22.5347193114 ],
						[ 114.1156912213, 22.5342913487 ],
						[ 114.1158451338, 22.5316989283 ],
						[ 114.1157526285, 22.5312190563 ],
						[ 114.1154918921, 22.5309727535 ],
						[ 114.1131288147, 22.5298046529 ],
						[ 114.1127539797, 22.5296339026 ],
						[ 114.1126268219, 22.5294926172 ],
						[ 114.1126261372, 22.5281982055 ],
						[ 114.112237667, 22.5284921146 ],
						[ 114.1122594241, 22.5285491591 ],
						[ 114.1122960824, 22.5286489141 ],
						[ 114.1123101527, 22.528764409 ],
						[ 114.1123129119, 22.5288930295 ],
						[ 114.1123071813, 22.5290715122 ],
						[ 114.1122901628, 22.5292342324 ],
						[ 114.1122618818, 22.5293470915 ],
						[ 114.1122203268, 22.5294297928 ],
						[ 114.1121977179, 22.5294691561 ],
						[ 114.1121581696, 22.5295006381 ],
						[ 114.112118625, 22.5295242366 ],
						[ 114.1120593197, 22.5295452173 ],
						[ 114.1119322376, 22.529576664 ],
						[ 114.1117853909, 22.5296133492 ],
						[ 114.1116216, 22.5296526553 ],
						[ 114.1114436886, 22.5297050766 ],
						[ 114.1112064726, 22.5297758502 ],
						[ 114.111022896, 22.5298440177 ],
						[ 114.1109474751, 22.5298823387 ],
						[ 114.1108570934, 22.5299426696 ],
						[ 114.1107610652, 22.5300003794 ],
						[ 114.1105859369, 22.5301262898 ],
						[ 114.1103091159, 22.5303230374 ],
						[ 114.11012551, 22.5304699485 ],
						[ 114.1099178847, 22.5306153142 ],
						[ 114.1097663958, 22.5307406466 ],
						[ 114.1097625157, 22.5307438598 ],
						[ 114.1096297673, 22.5308304236 ],
						[ 114.1095789087, 22.5308907703 ],
						[ 114.1095308864, 22.5309353782 ],
						[ 114.10950546, 22.5309694842 ],
						[ 114.1094997944, 22.5310062264 ],
						[ 114.1094997843, 22.5310270594 ],
						[ 114.1092663473, 22.5314559666 ],
						[ 114.1090492895, 22.5317826206 ],
						[ 114.1089878384, 22.5318751106 ],
						[ 114.1084566234, 22.5326561287 ],
						[ 114.107825679, 22.5332553844 ],
						[ 114.1068146292, 22.5338812837 ],
						[ 114.1058311313, 22.5343317381 ],
						[ 114.1057371688, 22.5343700304 ],
						[ 114.1056174036, 22.5344146055 ],
						[ 114.1053180284, 22.5345089572 ],
						[ 114.105044099, 22.534571831 ],
						[ 114.1049142038, 22.5345796474 ],
						[ 114.1048633772, 22.5345717502 ],
						[ 114.1048181956, 22.5345691112 ],
						[ 114.1047843262, 22.5345349704 ],
						[ 114.1047476445, 22.5344877071 ],
						[ 114.1047194529, 22.5343958288 ],
						[ 114.1047138618, 22.5342866313 ],
						[ 114.1047026247, 22.5341737649 ],
						[ 114.1046829426, 22.5340188946 ],
						[ 114.1046491783, 22.5337826455 ],
						[ 114.1046324286, 22.5334099284 ],
						[ 114.1046184587, 22.533131697 ],
						[ 114.104598746, 22.5330358761 ],
						[ 114.1045367445, 22.5327971399 ],
						[ 114.10448035, 22.5326371058 ],
						[ 114.1043957214, 22.5324495344 ],
						[ 114.1042829032, 22.5322239506 ],
						[ 114.1041728826, 22.5320585642 ],
						[ 114.1040572317, 22.5318787537 ],
						[ 114.1039744165, 22.5317755896 ],
						[ 114.1037543135, 22.5315655432 ],
						[ 114.103672476, 22.5315077749 ],
						[ 114.1035948588, 22.5314657485 ],
						[ 114.103529941, 22.5314342301 ],
						[ 114.1034782768, 22.5314315787 ],
						[ 114.1034090994, 22.531440731 ],
						[ 114.1033258095, 22.5314459487 ],
						[ 114.1031832331, 22.5314511301 ],
						[ 114.1030110209, 22.5314510512 ],
						[ 114.1029220903, 22.5314431359 ],
						[ 114.1028811662, 22.5314247494 ],
						[ 114.1028472986, 22.5314076755 ],
						[ 114.102776718, 22.5314050152 ],
						[ 114.1026948361, 22.5314312197 ],
						[ 114.1025974052, 22.531486287 ],
						[ 114.1025451428, 22.5315479312 ],
						[ 114.1024971018, 22.5316227074 ],
						[ 114.1024758876, 22.5317020744 ],
						[ 114.1024687875, 22.5317821161 ],
						[ 114.102472985, 22.5318582259 ],
						[ 114.1024856422, 22.5319474516 ],
						[ 114.1025025294, 22.5320340605 ],
						[ 114.1025236385, 22.5321513023 ],
						[ 114.1025447786, 22.5322286841 ],
						[ 114.1025828293, 22.5323309884 ],
						[ 114.1026378114, 22.5324739552 ],
						[ 114.102687154, 22.5326379511 ],
						[ 114.1027125208, 22.5327192992 ],
						[ 114.1027294187, 22.5327862218 ],
						[ 114.1027505423, 22.5328767518 ],
						[ 114.1027660273, 22.5329502299 ],
						[ 114.1027829197, 22.5330276368 ],
						[ 114.1028012019, 22.5331601566 ],
						[ 114.1028067988, 22.5332375583 ],
						[ 114.1028025084, 22.5333535602 ],
						[ 114.1027968165, 22.5334362033 ],
						[ 114.1028009967, 22.5335450932 ],
						[ 114.1028023685, 22.533615946 ],
						[ 114.1028178493, 22.5336972895 ],
						[ 114.1028516782, 22.533788033 ],
						[ 114.102872814, 22.5338378631 ],
						[ 114.1029616479, 22.534012289 ],
						[ 114.1030349389, 22.534203748 ],
						[ 114.103078595, 22.5343144169 ],
						[ 114.1031039331, 22.5344324823 ],
						[ 114.1031490171, 22.5345820365 ],
						[ 114.10317154, 22.5346745356 ],
						[ 114.1031841945, 22.5347702902 ],
						[ 114.1031841458, 22.5348621108 ],
						[ 114.1031587143, 22.5349198121 ],
						[ 114.1031064606, 22.5349998061 ],
						[ 114.1030556338, 22.5350470025 ],
						[ 114.1030090446, 22.5350771515 ],
						[ 114.1029441286, 22.535094171 ],
						[ 114.1028763936, 22.5350928305 ],
						[ 114.102803015, 22.5350836129 ],
						[ 114.1027338851, 22.5350547291 ],
						[ 114.102594207, 22.5349956333 ],
						[ 114.1022598333, 22.5348721783 ],
						[ 114.101801302, 22.5346809913 ],
						[ 114.1015459405, 22.5345772488 ],
						[ 114.1012581163, 22.5344826744 ],
						[ 114.101001331, 22.5344064729 ],
						[ 114.1008033751, 22.5343515653 ],
						[ 114.1005366977, 22.5342872062 ],
						[ 114.1002375735, 22.5342202124 ],
						[ 114.1000936477, 22.5341991663 ],
						[ 114.100037202, 22.5341925834 ],
						[ 114.0999977014, 22.5341833897 ],
						[ 114.0999680761, 22.5341584698 ],
						[ 114.0999582149, 22.5341309316 ],
						[ 114.0999465309, 22.5340598662 ],
						[ 114.0999446136, 22.5339937721 ],
						[ 114.1000038269, 22.5338470482 ],
						[ 114.10007856, 22.5337610156 ],
						[ 114.1003930974, 22.5335508395 ],
						[ 114.1004671016, 22.5334460864 ],
						[ 114.1004706453, 22.5331537215 ],
						[ 114.1005294523, 22.5328957342 ],
						[ 114.1005031289, 22.5328238401 ],
						[ 114.1004017488, 22.5328800511 ],
						[ 114.100343772, 22.5331482611 ],
						[ 114.1001704201, 22.5331311112 ],
						[ 114.1001146257, 22.5331605958 ],
						[ 114.1001354467, 22.5332505029 ],
						[ 114.1003457581, 22.5332837624 ],
						[ 114.1003700606, 22.5333538314 ],
						[ 114.1002694886, 22.5334774272 ],
						[ 114.099966427, 22.5337132096 ],
						[ 114.0997868661, 22.5341106216 ],
						[ 114.0978932204, 22.5336914722 ],
						[ 114.0963869851, 22.533718341 ],
						[ 114.0955473556, 22.5340320487 ],
						[ 114.0949335517, 22.5345386561 ],
						[ 114.0947903461, 22.5346979327 ],
						[ 114.0936202213, 22.5362479777 ],
						[ 114.093003366, 22.5367089818 ],
						[ 114.0917116366, 22.5371719395 ],
						[ 114.0905134942, 22.5369932589 ],
						[ 114.0887894328, 22.5362037589 ],
						[ 114.0874655975, 22.5347449081 ],
						[ 114.0863503748, 22.5328909325 ],
						[ 114.0852744322, 22.5319094836 ],
						[ 114.0840109603, 22.5314424054 ],
						[ 114.081154829, 22.5309654383 ],
						[ 114.0799340988, 22.5305863452 ],
						[ 114.0795961821, 22.5304581091 ],
						[ 114.0791961192, 22.5303062834 ],
						[ 114.0786372809, 22.5297278746 ],
						[ 114.0785374609, 22.5292598609 ],
						[ 114.0786381381, 22.5289141051 ],
						[ 114.0797260695, 22.5275658834 ],
						[ 114.0809297867, 22.5268107465 ],
						[ 114.0819063304, 22.5264200221 ],
						[ 114.0832200212, 22.5258951164 ],
						[ 114.0847096473, 22.5246838763 ],
						[ 114.0855345729, 22.5234590803 ],
						[ 114.0855321858, 22.5227132164 ],
						[ 114.0846879839, 22.5208394142 ],
						[ 114.0835611732, 22.5193247348 ],
						[ 114.0821689126, 22.5179651685 ],
						[ 114.0803080357, 22.5164513421 ],
						[ 114.0780742784, 22.5152126016 ],
						[ 114.0769018188, 22.514965286 ],
						[ 114.0762537577, 22.5150189834 ],
						[ 114.0753450387, 22.5153096967 ],
						[ 114.0741209055, 22.5168363615 ],
						[ 114.0728505646, 22.5176641994 ],
						[ 114.07164403, 22.5179381825 ],
						[ 114.0707634276, 22.5177747783 ],
						[ 114.0668503393, 22.5171043214 ],
						[ 114.0656598729, 22.5167118299 ],
						[ 114.0642686831, 22.5160073349 ],
						[ 114.0603921973, 22.5134288297 ],
						[ 114.0593194018, 22.5123390335 ],
						[ 114.0588361556, 22.5116395311 ],
						[ 114.0583280676, 22.5107853188 ],
						[ 114.0578890509, 22.5093512708 ],
						[ 114.0576542906, 22.5057383168 ],
						[ 114.0578737478, 22.5055970273 ],
						[ 114.0598293678, 22.5057552631 ],
						[ 114.0601400996, 22.5056523797 ],
						[ 114.0601308197, 22.5055230671 ],
						[ 114.0599400802, 22.5051489449 ],
						[ 114.0590103207, 22.5054635269 ],
						[ 114.0579143368, 22.5054344925 ],
						[ 114.0575903186, 22.5054801453 ],
						[ 114.0573550089, 22.505283172 ],
						[ 114.0567761115, 22.504126312 ],
						[ 114.0559979557, 22.5033781686 ],
						[ 114.0537229457, 22.5022345642 ],
						[ 114.0520916811, 22.501787001 ],
						[ 114.0508107741, 22.5017028163 ],
						[ 114.0488111366, 22.5019580093 ],
						[ 114.045061907, 22.503160225 ],
						[ 114.04503735, 22.5031680974 ],
						[ 114.0433146267, 22.502997856 ],
						[ 114.0427943626, 22.5023747617 ],
						[ 114.0423457447, 22.5010423084 ],
						[ 114.0422955442, 22.50004171 ],
						[ 114.0416853618, 22.499767886 ],
						[ 114.0414041248, 22.4996416761 ],
						[ 114.041464197, 22.4999489038 ],
						[ 114.0415193859, 22.5002311765 ],
						[ 114.0423184341, 22.5014959445 ],
						[ 114.0423882079, 22.5022459933 ],
						[ 114.0421899727, 22.5024406038 ],
						[ 114.0391424469, 22.5017760475 ],
						[ 114.0377160414, 22.5010987993 ],
						[ 114.0377143178, 22.5007621094 ],
						[ 114.0379309683, 22.5003877796 ],
						[ 114.0385192612, 22.5001714936 ],
						[ 114.0395983313, 22.4991722572 ],
						[ 114.0398674048, 22.4990844942 ],
						[ 114.0388689864, 22.4981189454 ],
						[ 114.0388054304, 22.4982048962 ],
						[ 114.0393649558, 22.4988051993 ],
						[ 114.0393818962, 22.4990006401 ],
						[ 114.0389138252, 22.4994831755 ],
						[ 114.0383087884, 22.499721555 ],
						[ 114.037475898, 22.5004073889 ],
						[ 114.0343029926, 22.4984632815 ],
						[ 114.0339183744, 22.4978797411 ],
						[ 114.034005156, 22.4971919292 ],
						[ 114.0343864685, 22.4966743385 ],
						[ 114.0355152254, 22.4961102476 ],
						[ 114.0365254278, 22.4961464934 ],
						[ 114.0370446613, 22.4965255974 ],
						[ 114.0374859444, 22.4971113016 ],
						[ 114.037736172, 22.4970230111 ],
						[ 114.0332295313, 22.4925095123 ],
						[ 114.0316589642, 22.4875313344 ],
						[ 114.0316613047, 22.4866476229 ],
						[ 114.0324319758, 22.4828253269 ],
						[ 114.0321303347, 22.4824855498 ],
						[ 114.032083907, 22.4820075295 ],
						[ 114.0317569142, 22.4818376719 ],
						[ 114.0334295014, 22.4806780403 ],
						[ 114.0386430163, 22.4787284065 ],
						[ 114.039281353, 22.47878085 ],
						[ 114.039428221, 22.4784016353 ],
						[ 114.0381904876, 22.47814041 ],
						[ 114.0345276972, 22.4797914339 ],
						[ 114.0333724322, 22.480301088 ],
						[ 114.0312233591, 22.4802221953 ],
						[ 114.0307353951, 22.4795271449 ],
						[ 114.0307464686, 22.4789844824 ],
						[ 114.0302580521, 22.4777933182 ],
						[ 114.0310591172, 22.4737458159 ],
						[ 114.0312633526, 22.4722295249 ],
						[ 114.0314308001, 22.4719762558 ],
						[ 114.0317389578, 22.4716240857 ],
						[ 114.0319408216, 22.4712380819 ],
						[ 114.0396686259, 22.4679357729 ],
						[ 114.0413102328, 22.467051214 ],
						[ 114.0432717294, 22.4656631509 ],
						[ 114.0451151716, 22.4634372064 ],
						[ 114.0461904239, 22.4615221331 ],
						[ 114.0474651155, 22.4576013294 ],
						[ 114.0485200104, 22.4553314262 ],
						[ 114.0493098492, 22.4526364514 ],
						[ 114.0495456723, 22.4507886682 ],
						[ 114.0499067541, 22.4499755003 ],
						[ 114.051296631, 22.4485527407 ],
						[ 114.0556262685, 22.4438456199 ],
						[ 114.0571104144, 22.4428500376 ],
						[ 114.0572786917, 22.4419404174 ],
						[ 114.0549145505, 22.4433988447 ],
						[ 114.0519735872, 22.4464242141 ],
						[ 114.0497558821, 22.4484592079 ],
						[ 114.0491357319, 22.4490416961 ],
						[ 114.0485512317, 22.449929159 ],
						[ 114.0478197598, 22.4533728092 ],
						[ 114.046473962, 22.4564822762 ],
						[ 114.0451668254, 22.4604096473 ],
						[ 114.0443646746, 22.4621166248 ],
						[ 114.043405117, 22.463435801 ],
						[ 114.040932089, 22.4652769255 ],
						[ 114.0390868613, 22.4662881301 ],
						[ 114.0315105165, 22.4694782287 ],
						[ 114.0307476739, 22.4695068793 ],
						[ 114.0301186592, 22.4692634898 ],
						[ 114.029771002, 22.4688550981 ],
						[ 114.0292543418, 22.4664283724 ],
						[ 114.0292883362, 22.4653570808 ],
						[ 114.0294727984, 22.4649504837 ],
						[ 114.0320485994, 22.4620909428 ],
						[ 114.0327504218, 22.4614353399 ],
						[ 114.0333397863, 22.4605730089 ],
						[ 114.0336629081, 22.4597262338 ],
						[ 114.0337152559, 22.4590073325 ],
						[ 114.0334990994, 22.4580559486 ],
						[ 114.0330952084, 22.4572787293 ],
						[ 114.0330400119, 22.4564901167 ],
						[ 114.0335382628, 22.4554662482 ],
						[ 114.0342105867, 22.4546882227 ],
						[ 114.0346841551, 22.4543984841 ],
						[ 114.0347546103, 22.4543796635 ],
						[ 114.0345212641, 22.4542881332 ],
						[ 114.0340789161, 22.454421176 ],
						[ 114.0332356816, 22.4553296741 ],
						[ 114.0326069893, 22.4565037635 ],
						[ 114.0323961063, 22.4565497926 ],
						[ 114.0314346736, 22.455115124 ],
						[ 114.0293248867, 22.4530469762 ],
						[ 114.0280658466, 22.4514588046 ],
						[ 114.0264884074, 22.4494192479 ],
						[ 114.0261174527, 22.4485098359 ],
						[ 114.026195369, 22.4480215521 ],
						[ 114.0259300908, 22.4478815313 ],
						[ 114.025529261, 22.4480288307 ],
						[ 114.0263141009, 22.4499777528 ],
						[ 114.0277846153, 22.4519661544 ],
						[ 114.0288932688, 22.4533947039 ],
						[ 114.0314101234, 22.4557293421 ],
						[ 114.0323277046, 22.4569668284 ],
						[ 114.0325708555, 22.4576979501 ],
						[ 114.0325602913, 22.4589309812 ],
						[ 114.0321318051, 22.4600329857 ],
						[ 114.0290499335, 22.463423289 ],
						[ 114.0283068317, 22.4647424373 ],
						[ 114.027980592, 22.4661835615 ],
						[ 114.0281531167, 22.4675265062 ],
						[ 114.0293397583, 22.4698042063 ],
						[ 114.0297221572, 22.4720118302 ],
						[ 114.0302140294, 22.4724075388 ],
						[ 114.0296996358, 22.4758277229 ],
						[ 114.0292601778, 22.4775660521 ],
						[ 114.0284914344, 22.4791422795 ],
						[ 114.0276998779, 22.479982893 ],
						[ 114.0263978232, 22.4788246551 ],
						[ 114.0261857245, 22.4779763043 ],
						[ 114.0257374128, 22.4772780971 ],
						[ 114.0255485971, 22.4772750936 ],
						[ 114.0252349115, 22.4778592281 ],
						[ 114.0247446, 22.4793574505 ],
						[ 114.0243945643, 22.4795067445 ],
						[ 114.0198535422, 22.478226501 ],
						[ 114.0183489489, 22.477566858 ],
						[ 114.0177060126, 22.4771554683 ],
						[ 114.0138973696, 22.4729093116 ],
						[ 114.0130551697, 22.4728546644 ],
						[ 114.0119097342, 22.4741793036 ],
						[ 114.0112720498, 22.4744633515 ],
						[ 114.0106340763, 22.4741813352 ],
						[ 114.0100003425, 22.4735093522 ],
						[ 114.0085940164, 22.4725741935 ],
						[ 114.0082807756, 22.4726366728 ],
						[ 114.0076283828, 22.4720144907 ],
						[ 114.0074219903, 22.4718176552 ],
						[ 114.0067396189, 22.472843729 ],
						[ 114.0065490326, 22.4728319238 ],
						[ 114.0058270209, 22.4724842663 ],
						[ 114.0056881988, 22.4724380188 ],
						[ 114.0056022436, 22.4724321662 ],
						[ 114.005503026, 22.472449345 ],
						[ 114.0051850773, 22.4725544819 ],
						[ 114.0047441395, 22.4726801124 ],
						[ 114.0036667237, 22.472885132 ],
						[ 114.0031516037, 22.4729354463 ],
						[ 114.0026047326, 22.4729443021 ],
						[ 114.0017598315, 22.4728546454 ],
						[ 114.0008516045, 22.4725912337 ],
						[ 114.0000376011, 22.4721910826 ],
						[ 113.9994151243, 22.4717683455 ],
						[ 113.9988305037, 22.4710665996 ],
						[ 113.9982891653, 22.470145488 ],
						[ 113.9974018725, 22.4682448241 ],
						[ 113.9959936754, 22.4651669109 ],
						[ 113.9956245705, 22.4644210462 ],
						[ 113.9952994781, 22.4639323618 ],
						[ 113.9950297145, 22.4633885363 ],
						[ 113.9947350206, 22.462295444 ],
						[ 113.9946554989, 22.4619293339 ],
						[ 113.9946199839, 22.461776066 ],
						[ 113.9944921476, 22.460792339 ],
						[ 113.9944379583, 22.4598826271 ],
						[ 113.9944451729, 22.459655665 ],
						[ 113.9945226535, 22.4591222453 ],
						[ 113.9946442556, 22.4585414837 ],
						[ 113.9948243014, 22.4580233957 ],
						[ 113.9950231694, 22.4575538762 ],
						[ 113.9952717715, 22.4570680312 ],
						[ 113.9959170654, 22.4559520105 ],
						[ 113.9972665612, 22.453880912 ],
						[ 113.9974159754, 22.4536821834 ],
						[ 113.9983166529, 22.4521452485 ],
						[ 113.9985941691, 22.4516717204 ],
						[ 113.9988251172, 22.451245261 ],
						[ 113.9980108418, 22.451613163 ],
						[ 113.9976362139, 22.4522357558 ],
						[ 113.9974924338, 22.4524666663 ],
						[ 113.9972968813, 22.45281803 ],
						[ 113.997120304, 22.4530997901 ],
						[ 113.996901383, 22.4535125521 ],
						[ 113.9965365521, 22.4538537744 ],
						[ 113.9961601384, 22.4543827703 ],
						[ 113.9960088126, 22.4546002157 ],
						[ 113.995926871, 22.4546995668 ],
						[ 113.9955251044, 22.4553636638 ],
						[ 113.9954582823, 22.4554530891 ],
						[ 113.9952639852, 22.455795674 ],
						[ 113.9947398608, 22.4566643776 ],
						[ 113.9941960074, 22.457688651 ],
						[ 113.9939471129, 22.458386266 ],
						[ 113.993813521, 22.45899508 ],
						[ 113.9937599671, 22.4595139063 ],
						[ 113.9937505811, 22.459950877 ],
						[ 113.9939058512, 22.4615322677 ],
						[ 113.9939428767, 22.461762874 ],
						[ 113.9939702728, 22.4619202507 ],
						[ 113.994321463, 22.4633877365 ],
						[ 113.9945504934, 22.4640884385 ],
						[ 113.9976765287, 22.4708767401 ],
						[ 113.9978780553, 22.4712492147 ],
						[ 113.9984011877, 22.4719644958 ],
						[ 113.9986283142, 22.4722055604 ],
						[ 113.9990061366, 22.4725219419 ],
						[ 113.9994926954, 22.4728335566 ],
						[ 114.0004471992, 22.4732907015 ],
						[ 114.0011469105, 22.4735081134 ],
						[ 114.0021831567, 22.4736664852 ],
						[ 114.0030516397, 22.4736671616 ],
						[ 114.0041580557, 22.4735492663 ],
						[ 114.0049602666, 22.4734193903 ],
						[ 114.0057500601, 22.473177141 ],
						[ 114.0059738171, 22.4731510817 ],
						[ 114.0062155431, 22.4731861137 ],
						[ 114.006712311, 22.4733404351 ],
						[ 114.0077995319, 22.4734781631 ],
						[ 114.0084646864, 22.4742160281 ],
						[ 114.0104918329, 22.4755080875 ],
						[ 114.0104388181, 22.4761669444 ],
						[ 114.0111788841, 22.4782391156 ],
						[ 114.0110778016, 22.4793547977 ],
						[ 114.0114382503, 22.4805209007 ],
						[ 114.0117016408, 22.4841357361 ],
						[ 114.0115371668, 22.485557609 ],
						[ 114.0117458222, 22.4859987764 ],
						[ 114.0118071705, 22.4861284974 ],
						[ 114.0125262017, 22.4869167535 ],
						[ 114.0119300351, 22.4868945259 ],
						[ 114.0107473666, 22.486316776 ],
						[ 114.0102683996, 22.4863162818 ],
						[ 114.0094791868, 22.486577526 ],
						[ 114.0082669004, 22.4872052106 ],
						[ 114.007233035, 22.4875964148 ],
						[ 114.0056459353, 22.4877527776 ],
						[ 114.0040949976, 22.488280005 ],
						[ 114.0036394057, 22.4885754867 ],
						[ 114.0035469992, 22.4890133064 ],
						[ 114.002863752, 22.4892574561 ],
						[ 114.00227338, 22.4893581747 ],
						[ 114.0013679637, 22.489168854 ],
						[ 114.0002816476, 22.4892684828 ],
						[ 113.9995866058, 22.4890929913 ],
						[ 113.9985512975, 22.4894505449 ],
						[ 113.9983967906, 22.4883321156 ],
						[ 113.9981292381, 22.4876401376 ],
						[ 113.9956963121, 22.4855211443 ],
						[ 113.9954111643, 22.4851096976 ],
						[ 113.9951566244, 22.4844106133 ],
						[ 113.9947746575, 22.4822075917 ],
						[ 113.9940569763, 22.4804714474 ],
						[ 113.9930962447, 22.4784461139 ],
						[ 113.9925418854, 22.4775912701 ],
						[ 113.991923315, 22.4769553556 ],
						[ 113.9911388337, 22.4763279079 ],
						[ 113.990798797, 22.4760559271 ],
						[ 113.9891745036, 22.4747015551 ],
						[ 113.9889103658, 22.4743836849 ],
						[ 113.9873396371, 22.4734021221 ],
						[ 113.9869838362, 22.4731792671 ],
						[ 113.986397831, 22.4730913878 ],
						[ 113.985214939, 22.4723726578 ],
						[ 113.9850621559, 22.4721397992 ],
						[ 113.9847585799, 22.4716692888 ],
						[ 113.9846108728, 22.4714416283 ],
						[ 113.9847417927, 22.4707863678 ],
						[ 113.9829930672, 22.4689212158 ],
						[ 113.9827627115, 22.4686291849 ],
						[ 113.9825592865, 22.468409646 ],
						[ 113.9819650864, 22.4677088752 ],
						[ 113.9804422813, 22.465799665 ],
						[ 113.9800394037, 22.4646987393 ],
						[ 113.979624447, 22.4633704394 ],
						[ 113.97916609, 22.4619035137 ],
						[ 113.978373181, 22.4593658473 ],
						[ 113.9776040099, 22.4584095101 ],
						[ 113.9754509647, 22.45660427 ],
						[ 113.97438779, 22.4559174509 ],
						[ 113.973816475, 22.4554910761 ],
						[ 113.9730894334, 22.454720905 ],
						[ 113.9727789626, 22.454580415 ],
						[ 113.9725605033, 22.4544815628 ],
						[ 113.9715319795, 22.4541608522 ],
						[ 113.9702496986, 22.4538463304 ],
						[ 113.9688565717, 22.4537278682 ],
						[ 113.9678800702, 22.4532564208 ],
						[ 113.9676556831, 22.4528255606 ],
						[ 113.9666856613, 22.4530509454 ],
						[ 113.9659337482, 22.4528745941 ],
						[ 113.9648978267, 22.4523319728 ],
						[ 113.9643302283, 22.45254913 ],
						[ 113.963955138, 22.4525029779 ],
						[ 113.9637328238, 22.4517925157 ],
						[ 113.9641988765, 22.4509136143 ],
						[ 113.9643275335, 22.4506709833 ],
						[ 113.964249608, 22.4506080833 ],
						[ 113.9640915939, 22.4509068446 ],
						[ 113.9636166414, 22.4518048242 ],
						[ 113.9636237062, 22.4522038599 ],
						[ 113.9634355559, 22.4522781842 ],
						[ 113.9626625414, 22.4515634425 ],
						[ 113.961885929, 22.4511522311 ],
						[ 113.9616313141, 22.4504235989 ],
						[ 113.9610920568, 22.4497493554 ],
						[ 113.9608615158, 22.4496709792 ],
						[ 113.9604548327, 22.4501563786 ],
						[ 113.9598679771, 22.4498391654 ],
						[ 113.9581342829, 22.4496157523 ],
						[ 113.957563494, 22.4499409482 ],
						[ 113.9570412718, 22.4499985021 ],
						[ 113.9561546458, 22.4492236758 ],
						[ 113.9557947429, 22.4489747028 ],
						[ 113.9557532508, 22.4488703629 ],
						[ 113.9557828455, 22.4487703376 ],
						[ 113.9558288311, 22.4480928675 ],
						[ 113.9558078771, 22.4479267246 ],
						[ 113.955760283, 22.4478845145 ],
						[ 113.9553557307, 22.4478278901 ],
						[ 113.9551818453, 22.4478460464 ],
						[ 113.9551489155, 22.4479477557 ],
						[ 113.9551484317, 22.4482521338 ],
						[ 113.9550880207, 22.4483401604 ],
						[ 113.9549675779, 22.4482839252 ],
						[ 113.9547786013, 22.4480113264 ],
						[ 113.9547708331, 22.4477588167 ],
						[ 113.954424084, 22.4470386342 ],
						[ 113.9538773189, 22.4466971899 ],
						[ 113.9539828698, 22.445833722 ],
						[ 113.9542244612, 22.4444782665 ],
						[ 113.9533615691, 22.4435220004 ],
						[ 113.9530300673, 22.4431546267 ],
						[ 113.9522154212, 22.442670486 ],
						[ 113.9503607668, 22.4419267874 ],
						[ 113.948965005, 22.4407517555 ],
						[ 113.9471968527, 22.4392631793 ],
						[ 113.9482194636, 22.4390356554 ],
						[ 113.9489323887, 22.4385843029 ],
						[ 113.9488517024, 22.4384833916 ],
						[ 113.9480404273, 22.4389013996 ],
						[ 113.9471917026, 22.4389631186 ],
						[ 113.9472417489, 22.4386392419 ],
						[ 113.9477185293, 22.4387821661 ],
						[ 113.9480559265, 22.4385724889 ],
						[ 113.9478491028, 22.4370920482 ],
						[ 113.9474081824, 22.4369078882 ],
						[ 113.9469328809, 22.4370447183 ],
						[ 113.9470518243, 22.435992068 ],
						[ 113.9468216112, 22.4353502559 ],
						[ 113.946827441, 22.4353316796 ],
						[ 113.9469671525, 22.4348861103 ],
						[ 113.9466640806, 22.4335829059 ],
						[ 113.9462174937, 22.433038087 ],
						[ 113.9464490861, 22.4328403263 ],
						[ 113.94648035, 22.4325018568 ],
						[ 113.9457874129, 22.4313788829 ],
						[ 113.9454321571, 22.4308031457 ],
						[ 113.9449639305, 22.4302593397 ],
						[ 113.9440513392, 22.4294837048 ],
						[ 113.9432885929, 22.4290480781 ],
						[ 113.9419014213, 22.4284616809 ],
						[ 113.9417226243, 22.4282027354 ],
						[ 113.9416727365, 22.4287963676 ],
						[ 113.9424137367, 22.4290820384 ],
						[ 113.9433089903, 22.4295886864 ],
						[ 113.9443472276, 22.4300995088 ],
						[ 113.9448035144, 22.4304555751 ],
						[ 113.9446855645, 22.4305299788 ],
						[ 113.9418262379, 22.4291951124 ],
						[ 113.9402181891, 22.4280397339 ],
						[ 113.9381964735, 22.4269192635 ],
						[ 113.9381755108, 22.4267211413 ],
						[ 113.9387280175, 22.4264923944 ],
						[ 113.9395370027, 22.4254349397 ],
						[ 113.9390216491, 22.4248229939 ],
						[ 113.9387311026, 22.4246833169 ],
						[ 113.9395405958, 22.421845912 ],
						[ 113.9392243059, 22.4202618447 ],
						[ 113.9389517287, 22.4197167554 ],
						[ 113.93894123, 22.4196249998 ],
						[ 113.9387928182, 22.4192484833 ],
						[ 113.938614553, 22.4187962026 ],
						[ 113.9384791559, 22.4188193104 ],
						[ 113.9385879845, 22.4194191455 ],
						[ 113.9384554528, 22.4195727743 ],
						[ 113.9387446224, 22.4212715257 ],
						[ 113.9383705873, 22.4219018846 ],
						[ 113.9391792533, 22.4219994128 ],
						[ 113.9380069529, 22.4259727852 ],
						[ 113.9376446492, 22.4263853366 ],
						[ 113.9367940881, 22.426460987 ],
						[ 113.9296652106, 22.4241080441 ],
						[ 113.9290095777, 22.4231142265 ],
						[ 113.9285845473, 22.4211389645 ],
						[ 113.9285142143, 22.4208120636 ],
						[ 113.9279223692, 22.4202599812 ],
						[ 113.9271462186, 22.4200985568 ],
						[ 113.9267825603, 22.420178898 ],
						[ 113.9266448171, 22.4202086296 ],
						[ 113.926453438, 22.4202499272 ],
						[ 113.9254744975, 22.4203185284 ],
						[ 113.9255896553, 22.4203931814 ],
						[ 113.9267744396, 22.4203312286 ],
						[ 113.9270593456, 22.4203163266 ],
						[ 113.9277406895, 22.4205813106 ],
						[ 113.9279642384, 22.4210302863 ],
						[ 113.9280527052, 22.4223763072 ],
						[ 113.9279057017, 22.4229301691 ],
						[ 113.9276125166, 22.4232216163 ],
						[ 113.9253016892, 22.4237138589 ],
						[ 113.9238056727, 22.423783179 ],
						[ 113.9216538416, 22.4233323373 ],
						[ 113.9195396636, 22.4225226132 ],
						[ 113.9152038553, 22.4214238007 ],
						[ 113.9142007058, 22.4210125807 ],
						[ 113.9137515926, 22.4205673008 ],
						[ 113.9137368532, 22.4190127633 ],
						[ 113.9137312061, 22.4184167648 ],
						[ 113.9130710689, 22.4182263297 ],
						[ 113.9105675695, 22.4158723651 ],
						[ 113.9088298212, 22.4142383462 ],
						[ 113.908957742, 22.4141178849 ],
						[ 113.9078878261, 22.413099346 ],
						[ 113.9077368619, 22.4132126522 ],
						[ 113.9047170408, 22.4102129103 ],
						[ 113.9045660997, 22.4100604574 ],
						[ 113.9040028457, 22.4094915664 ],
						[ 113.9030770601, 22.4083492061 ],
						[ 113.9027474742, 22.4077042547 ],
						[ 113.902293011, 22.4071552195 ],
						[ 113.9015076053, 22.4066516567 ],
						[ 113.9015855706, 22.4061990854 ],
						[ 113.9014133431, 22.4058375571 ],
						[ 113.9020186219, 22.405528627 ],
						[ 113.9036170666, 22.4052161295 ],
						[ 113.9059370579, 22.40440027 ],
						[ 113.9064533813, 22.4043970526 ],
						[ 113.9075479302, 22.403806339 ],
						[ 113.9079055885, 22.4038698584 ],
						[ 113.9087628256, 22.404492368 ],
						[ 113.9091874738, 22.4045886316 ],
						[ 113.9096117905, 22.4041779253 ],
						[ 113.9111266031, 22.4027116587 ],
						[ 113.9113427368, 22.4027318266 ],
						[ 113.9122330169, 22.4034440985 ],
						[ 113.9142989548, 22.4017415185 ],
						[ 113.9149053391, 22.4004863324 ],
						[ 113.9151787986, 22.4002877805 ],
						[ 113.9152127767, 22.4002631011 ],
						[ 113.915148937, 22.3992183298 ],
						[ 113.9153905368, 22.3981438727 ],
						[ 113.9151583229, 22.397218157 ],
						[ 113.9148504666, 22.396999754 ],
						[ 113.9140369562, 22.3967863541 ],
						[ 113.9135752192, 22.3961033352 ],
						[ 113.9146345007, 22.3952217798 ],
						[ 113.9147010701, 22.394470871 ],
						[ 113.914946875, 22.3940313783 ],
						[ 113.9149926966, 22.3933183094 ],
						[ 113.9152408152, 22.3926422674 ],
						[ 113.9163758656, 22.3924372661 ],
						[ 113.9167371733, 22.3922117884 ],
						[ 113.9173583216, 22.3914069994 ],
						[ 113.9178547018, 22.3913186464 ],
						[ 113.9184377753, 22.3914430975 ],
						[ 113.9186904631, 22.3913374655 ],
						[ 113.9189807438, 22.3908933776 ],
						[ 113.91996495, 22.3892320947 ],
						[ 113.9206957213, 22.387392125 ],
						[ 113.9208756616, 22.3841106249 ],
						[ 113.920876435, 22.3840965838 ],
						[ 113.9207257179, 22.3840341706 ],
						[ 113.9206486759, 22.3840022704 ],
						[ 113.920645779, 22.383993416 ],
						[ 113.9204069411, 22.3832631057 ],
						[ 113.920322257, 22.3822992861 ],
						[ 113.9201239879, 22.3817780947 ],
						[ 113.9201921276, 22.381172846 ],
						[ 113.9194242933, 22.379680074 ],
						[ 113.9190333313, 22.3792032844 ],
						[ 113.9183320858, 22.378696541 ],
						[ 113.918257816, 22.3786428717 ],
						[ 113.917969525, 22.3787012532 ],
						[ 113.9176185361, 22.3791266039 ],
						[ 113.9169345984, 22.3790282036 ],
						[ 113.9168258897, 22.3787172908 ],
						[ 113.9158986532, 22.3773782965 ],
						[ 113.9157423016, 22.3774525998 ],
						[ 113.9151347883, 22.3767321976 ],
						[ 113.9148527718, 22.3760283404 ],
						[ 113.9149806656, 22.3753089911 ],
						[ 113.9164564259, 22.3739456138 ],
						[ 113.9168004514, 22.3736413345 ],
						[ 113.91784336, 22.3726679963 ],
						[ 113.9202829366, 22.3705940429 ],
						[ 113.9230243571, 22.368902722 ],
						[ 113.9252342096, 22.3672926426 ],
						[ 113.9297355476, 22.3639698121 ],
						[ 113.936967093, 22.3594696426 ],
						[ 113.937227224, 22.3594546398 ],
						[ 113.9374142192, 22.3595419974 ],
						[ 113.937451408, 22.3596813929 ],
						[ 113.9373949352, 22.3598729003 ],
						[ 113.9372636976, 22.3600120467 ],
						[ 113.9347939279, 22.3615167453 ],
						[ 113.9369843041, 22.3663708848 ],
						[ 113.9384088886, 22.3658015673 ],
						[ 113.9374860118, 22.363771037 ],
						[ 113.9401651841, 22.3627260845 ],
						[ 113.9410958504, 22.3647510757 ],
						[ 113.9424740983, 22.3642058021 ],
						[ 113.9415698141, 22.3621750141 ],
						[ 113.9442459434, 22.3611194956 ],
						[ 113.9451800425, 22.3631470608 ],
						[ 113.9465795122, 22.3626074534 ],
						[ 113.9456680209, 22.360554381 ],
						[ 113.9473866972, 22.3598891199 ],
						[ 113.9484592675, 22.3622711202 ],
						[ 113.9467013136, 22.3649099144 ],
						[ 113.9493580267, 22.3664145551 ],
						[ 113.9514010546, 22.3683473373 ],
						[ 113.9513661013, 22.3692938464 ],
						[ 113.9519323712, 22.3700916831 ],
						[ 113.9535375633, 22.370724324 ],
						[ 113.9548481668, 22.3718572857 ],
						[ 113.9548775756, 22.3718827017 ],
						[ 113.9559428446, 22.3724825373 ],
						[ 113.9565765328, 22.3727099849 ],
						[ 113.9578411887, 22.3731638847 ],
						[ 113.9588144394, 22.3733353331 ],
						[ 113.9596815969, 22.3732426903 ],
						[ 113.9601995155, 22.3729439153 ],
						[ 113.9602033568, 22.3724882962 ],
						[ 113.9605838081, 22.3723623692 ],
						[ 113.9608080385, 22.3723830595 ],
						[ 113.9611827672, 22.3727191593 ],
						[ 113.9639453153, 22.3728032243 ],
						[ 113.9660671921, 22.372335811 ],
						[ 113.9657648892, 22.3714114713 ],
						[ 113.9659822598, 22.3713318077 ],
						[ 113.9662984749, 22.3722580344 ],
						[ 113.9703719771, 22.3711241487 ],
						[ 113.9717638999, 22.3707879159 ],
						[ 113.9724267395, 22.3708262038 ],
						[ 113.9703669494, 22.374533108 ],
						[ 113.9679064674, 22.378965924 ],
						[ 113.9670160847, 22.3808185133 ],
						[ 113.9668172121, 22.3818332092 ],
						[ 113.9668526218, 22.3828709386 ],
						[ 113.9674906531, 22.3843796297 ],
						[ 113.9682610744, 22.3853396526 ],
						[ 113.969838524, 22.3867114307 ],
						[ 113.9703480109, 22.3873682092 ],
						[ 113.9710375835, 22.3886479478 ],
						[ 113.973442997, 22.3987237217 ],
						[ 113.9739738206, 22.3998701016 ],
						[ 113.9745484901, 22.4010103487 ],
						[ 113.9751232172, 22.4021170817 ],
						[ 113.9757700046, 22.4032239021 ],
						[ 113.9762730449, 22.4040959303 ],
						[ 113.9767039531, 22.4050349007 ],
						[ 113.977098606, 22.4061414032 ],
						[ 113.9774214607, 22.407080238 ],
						[ 113.9783522978, 22.4102257793 ],
						[ 113.9786029818, 22.4112650677 ],
						[ 113.9791774033, 22.4126399081 ],
						[ 113.9791512942, 22.4120030848 ],
						[ 113.9789903959, 22.4111482369 ],
						[ 113.9787485461, 22.4102262654 ],
						[ 113.978175425, 22.4079465009 ],
						[ 113.9778618288, 22.4068233494 ],
						[ 113.9776017967, 22.4060354106 ],
						[ 113.9768839464, 22.4042246848 ],
						[ 113.9763092448, 22.4030844372 ],
						[ 113.9754469202, 22.4015751698 ],
						[ 113.9748365117, 22.4002337819 ],
						[ 113.9742746575, 22.3988554275 ],
						[ 113.9714504576, 22.3876469748 ],
						[ 113.9705577368, 22.3862779293 ],
						[ 113.9686875232, 22.3846392833 ],
						[ 113.9681310898, 22.3838619091 ],
						[ 113.9677223536, 22.3827747617 ],
						[ 113.9678075751, 22.3815047256 ],
						[ 113.9687344392, 22.3794518738 ],
						[ 113.9693129961, 22.3785736617 ],
						[ 113.9703604175, 22.3789609918 ],
						[ 113.9764373312, 22.3816763694 ],
						[ 113.977813275, 22.3795646992 ],
						[ 113.9786061546, 22.3799404468 ],
						[ 113.9789475486, 22.379606836 ],
						[ 113.9792673372, 22.3797470368 ],
						[ 113.9806591891, 22.3786489432 ],
						[ 113.980855924, 22.3783022843 ],
						[ 113.9806582524, 22.3779732807 ],
						[ 113.9808630868, 22.3776804443 ],
						[ 113.980707545, 22.3774086548 ],
						[ 113.9804979691, 22.3774407479 ],
						[ 113.9802501937, 22.3771413211 ],
						[ 113.9806727805, 22.376586278 ],
						[ 113.9809904464, 22.3766576786 ],
						[ 113.981049528, 22.3769028467 ],
						[ 113.9815499779, 22.3767698634 ],
						[ 113.9818245466, 22.3765385352 ],
						[ 113.9817967355, 22.3761845786 ],
						[ 113.9819827848, 22.3759693804 ],
						[ 113.9831656943, 22.3759990297 ],
						[ 113.9841162084, 22.3754789334 ],
						[ 113.9844340708, 22.3756681844 ],
						[ 113.9844417242, 22.3756031198 ],
						[ 113.9841722087, 22.3754620408 ],
						[ 113.9856833127, 22.3748185858 ],
						[ 113.9861394576, 22.3745054226 ],
						[ 113.9879906285, 22.3727794179 ],
						[ 113.9881481105, 22.3724180565 ],
						[ 113.9889117051, 22.3706658266 ],
						[ 113.9918155533, 22.372315505 ],
						[ 113.9920981346, 22.3719012916 ],
						[ 113.9936724627, 22.3695935929 ],
						[ 113.9947514031, 22.3701372817 ],
						[ 113.9950304215, 22.3697350335 ],
						[ 113.9918560267, 22.3678590789 ],
						[ 113.9917613153, 22.3671885729 ],
						[ 113.9923191785, 22.3662532157 ],
						[ 113.9923201511, 22.3659940683 ],
						[ 113.993181538, 22.3652462561 ],
						[ 113.993577237, 22.3651835271 ],
						[ 113.994297339, 22.3653793365 ],
						[ 113.9944693392, 22.3649891414 ],
						[ 113.9952175201, 22.365199996 ],
						[ 113.9962506098, 22.3659060734 ],
						[ 113.9964393002, 22.3659039449 ],
						[ 113.9972109187, 22.3654929665 ],
						[ 113.9971992391, 22.3647962225 ],
						[ 113.9974938322, 22.3646064297 ],
						[ 113.997608921, 22.3641227656 ],
						[ 113.9979209293, 22.3640780665 ],
						[ 113.9976407688, 22.3633166831 ],
						[ 113.9981983937, 22.3630125104 ],
						[ 113.9981866801, 22.3623385863 ],
						[ 113.9981868648, 22.362338424 ],
						[ 113.9984221613, 22.3621317582 ],
						[ 113.9989115125, 22.3621059728 ],
						[ 113.9988590151, 22.3618473534 ],
						[ 113.9991093222, 22.3618528932 ],
						[ 113.9991215775, 22.3621032776 ],
						[ 113.9992762982, 22.3621034474 ],
						[ 113.9992814702, 22.361822297 ],
						[ 114.0015609596, 22.3618210512 ],
						[ 114.0015669084, 22.3620948358 ],
						[ 114.0022825655, 22.3620752542 ],
						[ 114.0023023181, 22.3628505904 ],
						[ 114.0023024479, 22.3628555302 ],
						[ 114.0025008503, 22.3628632484 ],
						[ 114.0028850326, 22.362769961 ],
						[ 114.0033036041, 22.3626683202 ],
						[ 114.0035780031, 22.3628054264 ],
						[ 114.0036673323, 22.3626977337 ],
						[ 114.0040393415, 22.3629246165 ],
						[ 114.003924125, 22.363145091 ],
						[ 114.0043750076, 22.3632017327 ],
						[ 114.005012951, 22.3635610128 ],
						[ 114.0052046769, 22.3641532296 ],
						[ 114.0064716395, 22.3642399333 ],
						[ 114.0064983177, 22.3642417585 ],
						[ 114.0071570391, 22.3645769405 ],
						[ 114.0073635015, 22.3649627869 ],
						[ 114.0089109384, 22.3653095457 ],
						[ 114.0093195806, 22.3654597312 ],
						[ 114.0094501187, 22.3656962038 ],
						[ 114.0101854993, 22.3655817151 ],
						[ 114.0105694866, 22.3653112577 ],
						[ 114.010948505, 22.3644476158 ],
						[ 114.0106985034, 22.3637954554 ],
						[ 114.0104114828, 22.3633074946 ],
						[ 114.0104242895, 22.3625879651 ],
						[ 114.0104898388, 22.3624698681 ],
						[ 114.0109345711, 22.3624979759 ],
						[ 114.0109560728, 22.3617959654 ],
						[ 114.0114068747, 22.3617964266 ],
						[ 114.0115052175, 22.3622309944 ],
						[ 114.0122266257, 22.3622329666 ],
						[ 114.0122573475, 22.3623131437 ],
						[ 114.011991033, 22.3625433587 ],
						[ 114.0124361593, 22.3632206487 ],
						[ 114.0130060351, 22.3633635655 ],
						[ 114.0130919539, 22.3633851089 ],
						[ 114.0135846511, 22.3631808575 ],
						[ 114.0144537917, 22.3632367184 ],
						[ 114.0161956956, 22.361275221 ],
						[ 114.0164067686, 22.3612303589 ],
						[ 114.0167395752, 22.3613770821 ],
						[ 114.0179237859, 22.3625808795 ],
						[ 114.018459468, 22.3627340834 ],
						[ 114.0186763498, 22.3629804042 ],
						[ 114.0179447676, 22.3631108923 ],
						[ 114.0181539697, 22.36331395 ],
						[ 114.0201555652, 22.3652566937 ],
						[ 114.0204910343, 22.3656657845 ],
						[ 114.0211353036, 22.3672293081 ],
						[ 114.0214451743, 22.3674219649 ],
						[ 114.0215998119, 22.3677827831 ],
						[ 114.0218048551, 22.3692977944 ],
						[ 114.0218297698, 22.37013939 ],
						[ 114.0214410649, 22.3711248422 ],
						[ 114.0213890243, 22.3714373654 ],
						[ 114.0215178654, 22.3717741195 ],
						[ 114.0214918051, 22.3719664534 ],
						[ 114.0216986382, 22.3718704678 ],
						[ 114.0219320096, 22.3711493611 ],
						[ 114.0220894695, 22.3689614362 ],
						[ 114.0217812017, 22.3673261031 ],
						[ 114.021136373, 22.3662675229 ],
						[ 114.0210337314, 22.3656182202 ],
						[ 114.0208387529, 22.3652865672 ],
						[ 114.0201568295, 22.3641265977 ],
						[ 114.0195632495, 22.363476818 ],
						[ 114.0193476326, 22.3631310375 ],
						[ 114.0190747714, 22.3625882542 ],
						[ 114.0183435896, 22.3618093259 ],
						[ 114.0170917624, 22.3604757323 ],
						[ 114.0170880603, 22.3602570455 ],
						[ 114.0182558956, 22.3589050236 ],
						[ 114.0183406469, 22.3588069086 ],
						[ 114.0181327376, 22.358573871 ],
						[ 114.0192901028, 22.3567638658 ],
						[ 114.0204103735, 22.356604073 ],
						[ 114.0209170655, 22.3562336778 ],
						[ 114.0219970537, 22.356105433 ],
						[ 114.0238002616, 22.3554186053 ],
						[ 114.0264035774, 22.3551759288 ],
						[ 114.0305351214, 22.3555394904 ],
						[ 114.0319058015, 22.3558747533 ],
						[ 114.0327103245, 22.3563358659 ],
						[ 114.0336383164, 22.3566163106 ],
						[ 114.0339242278, 22.356858753 ],
						[ 114.0348824949, 22.3570549805 ],
						[ 114.035265812, 22.3573776519 ],
						[ 114.0367575494, 22.3574310102 ],
						[ 114.0377400506, 22.3582106773 ],
						[ 114.0381608373, 22.3582549266 ],
						[ 114.0386075921, 22.3583019061 ],
						[ 114.0392209974, 22.3581006053 ],
						[ 114.0395176365, 22.3583167229 ],
						[ 114.0396033119, 22.358805844 ],
						[ 114.0400709602, 22.3590835312 ],
						[ 114.0407348099, 22.3598548103 ],
						[ 114.0417878151, 22.3603039223 ],
						[ 114.0430363703, 22.3608364237 ],
						[ 114.0440703276, 22.3610646094 ],
						[ 114.0440557505, 22.3613967404 ],
						[ 114.0441472143, 22.3614207101 ],
						[ 114.0443247759, 22.3613322751 ],
						[ 114.0451606841, 22.3615747676 ],
						[ 114.0464906925, 22.3614808697 ],
						[ 114.046829223, 22.3613114943 ],
						[ 114.0472591145, 22.3609514756 ],
						[ 114.0470734069, 22.3604558397 ],
						[ 114.0476493892, 22.3605838294 ],
						[ 114.048011732, 22.3605092369 ],
						[ 114.0481440803, 22.3608919297 ],
						[ 114.0491470975, 22.3610424862 ],
						[ 114.0496914679, 22.3613570506 ],
						[ 114.0501121636, 22.3614199801 ],
						[ 114.0505325878, 22.3617952924 ],
						[ 114.0515851198, 22.362141257 ],
						[ 114.0516647195, 22.3624496028 ],
						[ 114.0520247487, 22.3621415965 ],
						[ 114.0529593473, 22.3621423143 ],
						[ 114.0531075176, 22.3624360914 ],
						[ 114.0530455622, 22.3628016631 ],
						[ 114.0537103381, 22.3628197254 ],
						[ 114.0539087851, 22.3631562454 ],
						[ 114.0544713952, 22.3634965537 ],
						[ 114.0546352885, 22.3638020449 ],
						[ 114.0557118629, 22.3647353374 ],
						[ 114.0568718221, 22.3652743936 ],
						[ 114.0581309154, 22.3657282659 ],
						[ 114.0597452761, 22.3663101769 ],
						[ 114.0599659838, 22.3663705971 ],
						[ 114.0596073525, 22.3672548509 ],
						[ 114.0598034038, 22.3674153117 ],
						[ 114.0606850768, 22.3653871482 ],
						[ 114.0621272243, 22.3654338078 ],
						[ 114.0620985645, 22.3666406364 ],
						[ 114.0623184168, 22.3674165055 ],
						[ 114.062459652, 22.3673639844 ],
						[ 114.062295086, 22.3666085637 ],
						[ 114.0622976754, 22.3654251508 ],
						[ 114.0630447439, 22.3654507645 ],
						[ 114.0630672145, 22.3652550074 ],
						[ 114.0636441472, 22.3652109184 ],
						[ 114.0637556522, 22.3652643938 ],
						[ 114.0644855144, 22.3653034624 ],
						[ 114.0653317651, 22.3643124048 ],
						[ 114.0654630399, 22.3642776012 ],
						[ 114.0657350189, 22.3642054806 ],
						[ 114.06600079, 22.3640518277 ],
						[ 114.0664264245, 22.3638798701 ],
						[ 114.0668011249, 22.3634602506 ],
						[ 114.0669259077, 22.3634692666 ],
						[ 114.0668873543, 22.3636657809 ],
						[ 114.0678996215, 22.3634598918 ],
						[ 114.067932242, 22.3630751136 ],
						[ 114.0685779962, 22.3630999743 ],
						[ 114.069160266, 22.3632983932 ],
						[ 114.0691109435, 22.364056853 ],
						[ 114.0709661196, 22.3635169582 ],
						[ 114.0711355999, 22.3639546434 ],
						[ 114.0707148804, 22.3644768568 ],
						[ 114.0709026912, 22.3650566226 ],
						[ 114.0710943794, 22.3652351641 ],
						[ 114.0716705545, 22.3651752877 ],
						[ 114.0724124522, 22.3655215019 ],
						[ 114.072438542, 22.3655719182 ],
						[ 114.0725393236, 22.3657666904 ],
						[ 114.0724278055, 22.3660251897 ],
						[ 114.0725919116, 22.3660884731 ],
						[ 114.0728020853, 22.3659593272 ],
						[ 114.0732326156, 22.3663714407 ],
						[ 114.0733281744, 22.3664229759 ],
						[ 114.0734066533, 22.3664896081 ],
						[ 114.0735324648, 22.3665956798 ],
						[ 114.0735884212, 22.3666191227 ],
						[ 114.0736310713, 22.3667806067 ],
						[ 114.0737894837, 22.3669041369 ],
						[ 114.0740376833, 22.3672318953 ],
						[ 114.0741395282, 22.3672922117 ],
						[ 114.0744054639, 22.367453259 ],
						[ 114.074655081, 22.3675581258 ],
						[ 114.0748563546, 22.3675582527 ],
						[ 114.0750545602, 22.3674378651 ],
						[ 114.075265274, 22.3674204511 ],
						[ 114.0753828566, 22.367469669 ],
						[ 114.0755343321, 22.3676160042 ],
						[ 114.0755217348, 22.3676487591 ],
						[ 114.0754386632, 22.3677142236 ],
						[ 114.0754166175, 22.3677487245 ],
						[ 114.0754008439, 22.3678235958 ],
						[ 114.0754328807, 22.3678827026 ],
						[ 114.0755252942, 22.3679359954 ],
						[ 114.0762492296, 22.3679510673 ],
						[ 114.0766303316, 22.3680168292 ],
						[ 114.0768278326, 22.3680116866 ],
						[ 114.0769807229, 22.3679333869 ],
						[ 114.0771097156, 22.3678591723 ],
						[ 114.0773632391, 22.3677856211 ],
						[ 114.0773761553, 22.3677544285 ],
						[ 114.0774177241, 22.3676540255 ],
						[ 114.0775159769, 22.3674014748 ],
						[ 114.0776292824, 22.3672120928 ],
						[ 114.0779026708, 22.3670957301 ],
						[ 114.0784586236, 22.3669015513 ],
						[ 114.0785423694, 22.3668688304 ],
						[ 114.0787610544, 22.3670022807 ],
						[ 114.0788892253, 22.3671146259 ],
						[ 114.0790102822, 22.3671537381 ],
						[ 114.0790587165, 22.3671473376 ],
						[ 114.0791915115, 22.3671592568 ],
						[ 114.0793828512, 22.3671743086 ],
						[ 114.0794644616, 22.3673221424 ],
						[ 114.0794472686, 22.3674447486 ],
						[ 114.0794321072, 22.3675499993 ],
						[ 114.0796432012, 22.3677536112 ],
						[ 114.0794996043, 22.3681254112 ],
						[ 114.0794013546, 22.3683779631 ],
						[ 114.0793086324, 22.3686398559 ],
						[ 114.0791454913, 22.3686876644 ],
						[ 114.0793681857, 22.3689802253 ],
						[ 114.079487024, 22.369028854 ],
						[ 114.079566893, 22.3690435315 ],
						[ 114.0798265223, 22.3692396588 ],
						[ 114.0801202638, 22.3692217013 ],
						[ 114.0801712227, 22.3692018375 ],
						[ 114.0802070889, 22.3691884034 ],
						[ 114.0805681003, 22.3692079258 ],
						[ 114.0810517888, 22.369201196 ],
						[ 114.0812153265, 22.3691837373 ],
						[ 114.0814241606, 22.3691633884 ],
						[ 114.0816921569, 22.3690816482 ],
						[ 114.0818324299, 22.3690653492 ],
						[ 114.0819683402, 22.3689963996 ],
						[ 114.082142063, 22.3688063815 ],
						[ 114.0826007258, 22.3685878575 ],
						[ 114.0827762348, 22.3685551968 ],
						[ 114.0828712287, 22.3685154725 ],
						[ 114.0829857499, 22.3684441707 ],
						[ 114.0830486733, 22.3684050146 ],
						[ 114.0833424689, 22.3683028145 ],
						[ 114.0833758256, 22.3682806006 ],
						[ 114.0835708955, 22.3681356376 ],
						[ 114.0838937295, 22.3678743262 ],
						[ 114.084045404, 22.3677346025 ],
						[ 114.0842102421, 22.3676563029 ],
						[ 114.084290786, 22.3676042879 ],
						[ 114.0844210482, 22.3675125128 ],
						[ 114.0848117034, 22.3674062744 ],
						[ 114.0849261843, 22.3673934619 ],
						[ 114.0855048595, 22.3673458283 ],
						[ 114.085748873, 22.3673757936 ],
						[ 114.0859903585, 22.3674414549 ],
						[ 114.0862406817, 22.3674439341 ],
						[ 114.0868791655, 22.3673062314 ],
						[ 114.0870892927, 22.3672320538 ],
						[ 114.0885271042, 22.3672252409 ],
						[ 114.0891139326, 22.3672097655 ],
						[ 114.0905743578, 22.3672643633 ],
						[ 114.0907416773, 22.3672334506 ],
						[ 114.0909153329, 22.3671299987 ],
						[ 114.0909681793, 22.3671159843 ],
						[ 114.0912650465, 22.3671214063 ],
						[ 114.0914234987, 22.3671899324 ],
						[ 114.0914580818, 22.367208093 ],
						[ 114.0916052421, 22.3672292297 ],
						[ 114.0919574266, 22.3672931794 ],
						[ 114.0920611842, 22.3673341782 ],
						[ 114.0922435396, 22.3674056419 ],
						[ 114.0923699417, 22.3674267671 ],
						[ 114.0926636848, 22.3674134646 ],
						[ 114.0927284567, 22.3674275408 ],
						[ 114.0930258741, 22.3675692667 ],
						[ 114.0930499575, 22.3676269301 ],
						[ 114.09302614, 22.3677090776 ],
						[ 114.0929174204, 22.3677975024 ],
						[ 114.0928494792, 22.3678385471 ],
						[ 114.0926111905, 22.3678913783 ],
						[ 114.0924627132, 22.3679597524 ],
						[ 114.0923727227, 22.3680316608 ],
						[ 114.092288373, 22.3681521202 ],
						[ 114.0921843823, 22.3682545985 ],
						[ 114.0922589386, 22.3682895947 ],
						[ 114.0926419474, 22.3679920215 ],
						[ 114.0939887158, 22.3677335582 ],
						[ 114.095919981, 22.3682271056 ],
						[ 114.0980522233, 22.3681532762 ],
						[ 114.0984989921, 22.3684944499 ],
						[ 114.0985168983, 22.3685081217 ],
						[ 114.0985178504, 22.3685070475 ],
						[ 114.0991017665, 22.3685334453 ],
						[ 114.1040177542, 22.3722293817 ],
						[ 114.1055840178, 22.3720487368 ],
						[ 114.109166559, 22.3686411306 ],
						[ 114.1103240174, 22.3680195329 ],
						[ 114.1107562809, 22.3677845638 ],
						[ 114.1111104826, 22.3675858105 ],
						[ 114.1110163306, 22.3671745216 ],
						[ 114.1111491564, 22.3669405762 ],
						[ 114.1117837843, 22.3669156734 ],
						[ 114.1122544447, 22.3665063722 ],
						[ 114.112638511, 22.3656202498 ],
						[ 114.1125828994, 22.364831663 ],
						[ 114.1113974166, 22.3619442325 ],
						[ 114.1114421363, 22.3616520222 ],
						[ 114.1116566949, 22.3602501891 ],
						[ 114.1118992044, 22.3594470917 ],
						[ 114.1121526936, 22.3593758248 ],
						[ 114.1125178459, 22.35993171 ],
						[ 114.1132787457, 22.3601794655 ],
						[ 114.1151415803, 22.3561232938 ],
						[ 114.1152495063, 22.3558882787 ],
						[ 114.1155431669, 22.3552488285 ],
						[ 114.1158079266, 22.3551135515 ],
						[ 114.1160219179, 22.3550064122 ],
						[ 114.1162890134, 22.3548779985 ],
						[ 114.1162616757, 22.3546730671 ],
						[ 114.1160228394, 22.3528828782 ],
						[ 114.1158417735, 22.3516932694 ],
						[ 114.1150626776, 22.3514359917 ],
						[ 114.115106525, 22.3516887194 ],
						[ 114.1147909743, 22.3519413099 ],
						[ 114.1146854324, 22.3523660667 ],
						[ 114.1144209857, 22.3525272236 ],
						[ 114.1143638722, 22.3530494836 ],
						[ 114.1138124364, 22.3529519748 ],
						[ 114.1135554574, 22.3525449398 ],
						[ 114.1135820908, 22.3522356899 ],
						[ 114.1144257447, 22.3505825226 ],
						[ 114.1148860177, 22.3491301975 ],
						[ 114.1150128697, 22.3491144154 ],
						[ 114.1155150611, 22.3476156239 ],
						[ 114.1153087664, 22.3475526749 ],
						[ 114.1153900286, 22.3473153284 ],
						[ 114.1198434102, 22.3486274802 ],
						[ 114.1233968968, 22.3381750451 ],
						[ 114.1283046542, 22.3396134794 ],
						[ 114.1292170377, 22.336874832 ],
						[ 114.1243170214, 22.3354473275 ],
						[ 114.1267468724, 22.3283107884 ],
						[ 114.1342139965, 22.3304982521 ],
						[ 114.1345095516, 22.3303225132 ],
						[ 114.1354824911, 22.3275698455 ],
						[ 114.1227012875, 22.3237512284 ],
						[ 114.1215595129, 22.3222409741 ],
						[ 114.1218687458, 22.321337894 ],
						[ 114.1293599106, 22.3174439933 ],
						[ 114.1316838917, 22.3181759906 ],
						[ 114.1334407836, 22.3171363445 ],
						[ 114.1337618358, 22.3155751213 ],
						[ 114.1341525929, 22.3138006219 ],
						[ 114.1342864001, 22.3137487762 ],
						[ 114.1343866924, 22.3138940868 ],
						[ 114.1344198526, 22.3148384793 ],
						[ 114.1337540944, 22.3181882033 ],
						[ 114.1373135091, 22.3187900687 ],
						[ 114.1373573207, 22.3185515994 ],
						[ 114.1376197649, 22.3185993627 ],
						[ 114.1382255543, 22.3152999452 ],
						[ 114.1355549684, 22.3147688934 ],
						[ 114.1354155284, 22.3146668031 ],
						[ 114.1355540914, 22.3145494587 ],
						[ 114.1385496049, 22.3151321613 ],
						[ 114.1380484075, 22.3179301001 ],
						[ 114.1392079718, 22.3181667672 ],
						[ 114.1394558488, 22.3179536754 ],
						[ 114.1405247899, 22.3172970508 ],
						[ 114.1410594032, 22.3163939836 ],
						[ 114.1421725367, 22.3154134935 ],
						[ 114.142682367, 22.3155732535 ],
						[ 114.1430596258, 22.316549504 ],
						[ 114.1431282168, 22.3167502323 ],
						[ 114.14400579, 22.316727601 ],
						[ 114.1443292446, 22.3170642726 ],
						[ 114.1441270123, 22.3173651133 ],
						[ 114.14441241, 22.318004916 ],
						[ 114.1443141497, 22.3188761591 ],
						[ 114.144573874, 22.3193688569 ],
						[ 114.144720093, 22.3195022407 ],
						[ 114.1450131334, 22.3197695408 ],
						[ 114.1450394926, 22.3199938749 ],
						[ 114.1464344855, 22.32117389 ],
						[ 114.1465443578, 22.3212668353 ],
						[ 114.1474423514, 22.3215678909 ],
						[ 114.1475306517, 22.3219221859 ],
						[ 114.1467057151, 22.323242018 ],
						[ 114.145293602, 22.3239407803 ],
						[ 114.1448505828, 22.3234946185 ],
						[ 114.1447143549, 22.3233703849 ],
						[ 114.1446466793, 22.3233016035 ],
						[ 114.1442160667, 22.3228639312 ],
						[ 114.144329837, 22.3227638229 ],
						[ 114.1439652414, 22.3223975951 ],
						[ 114.1437842441, 22.3222177051 ],
						[ 114.1431672252, 22.3216033264 ],
						[ 114.1424150099, 22.3222392562 ],
						[ 114.142201789, 22.3224195156 ],
						[ 114.1419356673, 22.3226445008 ],
						[ 114.1415425218, 22.3229768678 ],
						[ 114.1414410913, 22.3230560711 ],
						[ 114.1412733993, 22.3231998555 ],
						[ 114.1424109085, 22.3242798072 ],
						[ 114.143360664, 22.3247949663 ],
						[ 114.1436242506, 22.324789855 ],
						[ 114.1405420006, 22.3265980478 ],
						[ 114.1413065519, 22.327816145 ],
						[ 114.1429774836, 22.3269005756 ],
						[ 114.143274519, 22.3273571424 ],
						[ 114.1440803271, 22.3285957434 ],
						[ 114.1442449603, 22.3288487955 ],
						[ 114.1444043058, 22.3290937188 ],
						[ 114.1474490719, 22.3272516267 ],
						[ 114.1475860286, 22.3271687688 ],
						[ 114.1479445831, 22.3269518371 ],
						[ 114.1485913274, 22.3264649316 ],
						[ 114.1492641822, 22.3259547019 ],
						[ 114.1502135043, 22.3252120587 ],
						[ 114.1511678287, 22.3245012344 ],
						[ 114.1517931152, 22.3240363653 ],
						[ 114.1523667438, 22.3236098749 ],
						[ 114.1530891393, 22.3230512417 ],
						[ 114.1520724645, 22.3218774922 ],
						[ 114.1525620872, 22.3215046118 ],
						[ 114.1535832006, 22.322670096 ],
						[ 114.1541805235, 22.3222259477 ],
						[ 114.1549145039, 22.3210431495 ],
						[ 114.1549611324, 22.3167415946 ],
						[ 114.1593321776, 22.3167687293 ],
						[ 114.1599129228, 22.3153234889 ],
						[ 114.1600293804, 22.3068944443 ],
						[ 114.1573969312, 22.3033020627 ],
						[ 114.1550563346, 22.3032949744 ],
						[ 114.1550149955, 22.3027717713 ],
						[ 114.154573194, 22.3021552365 ],
						[ 114.1544998098, 22.3012794105 ],
						[ 114.1545049926, 22.2995049585 ],
						[ 114.1549266227, 22.2991035961 ],
						[ 114.1554021862, 22.2986520746 ],
						[ 114.1580296385, 22.2986660816 ],
						[ 114.1587158124, 22.2994553091 ],
						[ 114.159500076, 22.2999526024 ],
						[ 114.1630952528, 22.3005321793 ],
						[ 114.1632911627, 22.3017221869 ],
						[ 114.1633010505, 22.3017356072 ],
						[ 114.163983688, 22.3020999848 ],
						[ 114.1639918097, 22.3021135133 ],
						[ 114.1639285628, 22.3040254514 ],
						[ 114.1656340123, 22.304067137 ],
						[ 114.1668262292, 22.3040962663 ],
						[ 114.167034205, 22.3036845825 ],
						[ 114.1669015818, 22.3034938208 ],
						[ 114.1671617355, 22.3025761366 ],
						[ 114.1669020019, 22.3015315228 ],
						[ 114.167000074, 22.3010343212 ],
						[ 114.1672326177, 22.2997590587 ],
						[ 114.167358595, 22.2991571394 ],
						[ 114.1677354944, 22.2974608768 ],
						[ 114.168152393, 22.2956517504 ],
						[ 114.1645691891, 22.2949535968 ],
						[ 114.1647212093, 22.2942465647 ],
						[ 114.1678730377, 22.294839774 ],
						[ 114.1683240008, 22.2949082233 ],
						[ 114.1684612856, 22.2942832934 ],
						[ 114.1691181768, 22.2935397896 ],
						[ 114.1692848379, 22.2935124346 ],
						[ 114.1695556726, 22.2929339543 ],
						[ 114.1727945277, 22.2932297387 ],
						[ 114.1731768801, 22.2929013131 ],
						[ 114.1747944606, 22.2930610028 ],
						[ 114.1760689096, 22.2942743863 ],
						[ 114.1765643276, 22.2955930754 ],
						[ 114.176563988, 22.295592678 ],
						[ 114.1767135023, 22.2957682967 ],
						[ 114.1768335935, 22.295902862 ],
						[ 114.1769659512, 22.2960123402 ],
						[ 114.1805100769, 22.2989408198 ],
						[ 114.1808581207, 22.2989271301 ],
						[ 114.1808189132, 22.2992281938 ],
						[ 114.1812208871, 22.2995611784 ],
						[ 114.1812355848, 22.2994106466 ],
						[ 114.1825150144, 22.2995565777 ],
						[ 114.182500255, 22.2981470524 ],
						[ 114.182010042, 22.2978870592 ],
						[ 114.1822649338, 22.29747651 ],
						[ 114.183029658, 22.2979965017 ],
						[ 114.1830787454, 22.2995702384 ],
						[ 114.1838679723, 22.299579327 ],
						[ 114.1842823834, 22.2987643675 ],
						[ 114.1868559006, 22.2998336345 ],
						[ 114.1889563441, 22.3006829199 ],
						[ 114.1892798927, 22.3008425566 ],
						[ 114.1904843628, 22.3011629021 ],
						[ 114.1904270118, 22.3013031794 ],
						[ 114.1908731176, 22.3014901654 ],
						[ 114.1910496443, 22.3019463044 ],
						[ 114.1915594516, 22.3018230994 ],
						[ 114.1919957642, 22.3020602664 ],
						[ 114.1919957545, 22.3020602573 ],
						[ 114.1930854928, 22.3028094308 ],
						[ 114.1927826648, 22.3037610436 ],
						[ 114.1933439514, 22.3061922896 ],
						[ 114.1933719178, 22.3063266441 ],
						[ 114.1938446105, 22.3083915159 ],
						[ 114.1917710973, 22.3099837076 ],
						[ 114.1917809264, 22.3101433497 ],
						[ 114.1922218847, 22.3101133088 ],
						[ 114.1922411465, 22.310437316 ],
						[ 114.1917907628, 22.3104626619 ],
						[ 114.1919921921, 22.3144585582 ],
						[ 114.1924628632, 22.3147778264 ],
						[ 114.1930365687, 22.3156581542 ],
						[ 114.193816218, 22.3173370792 ],
						[ 114.1940314296, 22.3178477728 ],
						[ 114.1943713243, 22.3185879563 ],
						[ 114.1945273515, 22.3188556423 ],
						[ 114.1949098154, 22.3196222343 ],
						[ 114.1952580436, 22.3203380593 ],
						[ 114.1959984048, 22.320725702 ],
						[ 114.1998297091, 22.3173021118 ],
						[ 114.2062643863, 22.3115516231 ],
						[ 114.2066343452, 22.3112209722 ],
						[ 114.2069409859, 22.3107163668 ],
						[ 114.2069409859, 22.3107163758 ],
						[ 114.2078919919, 22.3098664076 ],
						[ 114.2078919822, 22.3098664076 ],
						[ 114.2082740845, 22.3097554562 ],
						[ 114.2082740748, 22.3097554653 ],
						[ 114.212256281, 22.3061961702 ],
						[ 114.2126483432, 22.3056151721 ],
						[ 114.2135965537, 22.3047676089 ],
						[ 114.2139985183, 22.3046388673 ],
						[ 114.2155506169, 22.3032514747 ],
						[ 114.2159731733, 22.3033471339 ],
						[ 114.2172847529, 22.3046175816 ],
						[ 114.2172733856, 22.3050800058 ],
						[ 114.2153155366, 22.3068300992 ],
						[ 114.2154489207, 22.3078084976 ],
						[ 114.2153088322, 22.3081120856 ],
						[ 114.2133067869, 22.3099016013 ],
						[ 114.2128015777, 22.3094122374 ],
						[ 114.2116586993, 22.3100987043 ],
						[ 114.2085668223, 22.3129620488 ],
						[ 114.2083610057, 22.3129996472 ],
						[ 114.2082364815, 22.3129893494 ],
						[ 114.2060675548, 22.3149277667 ],
						[ 114.2074728916, 22.3162890776 ],
						[ 114.2109526895, 22.313150945 ],
						[ 114.2132849534, 22.3154100018 ],
						[ 114.2169844961, 22.3118633353 ],
						[ 114.2193981852, 22.3090873627 ],
						[ 114.2197758866, 22.3093797554 ],
						[ 114.2202278578, 22.3088032297 ],
						[ 114.2203383005, 22.3086687434 ],
						[ 114.2206821848, 22.3082306484 ],
						[ 114.2217361832, 22.3069091463 ],
						[ 114.2215606765, 22.3064839616 ],
						[ 114.2218098092, 22.3062218786 ],
						[ 114.2220008601, 22.3060923266 ],
						[ 114.2221421154, 22.3060269689 ],
						[ 114.2222915093, 22.3059798415 ],
						[ 114.2225249527, 22.3059451164 ],
						[ 114.2227611279, 22.3059546673 ],
						[ 114.2229904561, 22.3060080995 ],
						[ 114.2231348962, 22.3060671095 ],
						[ 114.2232695208, 22.3061436235 ],
						[ 114.2241289631, 22.3067831666 ],
						[ 114.2243423366, 22.3066317693 ],
						[ 114.2238137297, 22.3062251938 ],
						[ 114.222592533, 22.3053024071 ],
						[ 114.2249726508, 22.3026901923 ],
						[ 114.2272192877, 22.3015057505 ],
						[ 114.2282001319, 22.299745539 ],
						[ 114.2288285246, 22.2989324571 ],
						[ 114.2293639356, 22.2985461627 ],
						[ 114.2301974094, 22.2982156591 ],
						[ 114.2310472807, 22.298139168 ],
						[ 114.2328752083, 22.2982807972 ],
						[ 114.2350350223, 22.2986051931 ],
						[ 114.2350991012, 22.2987220263 ],
						[ 114.2352911644, 22.2986305042 ],
						[ 114.2360169795, 22.2970263135 ],
						[ 114.2352426069, 22.2966557157 ],
						[ 114.2353415158, 22.2965200312 ],
						[ 114.2349747018, 22.2963372659 ],
						[ 114.2349049106, 22.2964846254 ],
						[ 114.2343983724, 22.2962511026 ],
						[ 114.2344739991, 22.2961342196 ],
						[ 114.2343167961, 22.296058066 ],
						[ 114.2342586372, 22.2961749427 ],
						[ 114.2336181871, 22.2958601712 ],
						[ 114.2337636043, 22.2955908543 ],
						[ 114.2336608244, 22.2955393706 ],
						[ 114.2334899551, 22.295453775 ],
						[ 114.233403874, 22.2956128522 ],
						[ 114.2333387191, 22.2957332621 ],
						[ 114.2326029691, 22.2953745676 ],
						[ 114.232664009, 22.295227763 ],
						[ 114.2329171646, 22.2946189668 ],
						[ 114.2333153044, 22.2936614837 ],
						[ 114.2370206463, 22.2901988229 ],
						[ 114.2372284979, 22.2902505543 ],
						[ 114.2372226393, 22.290437057 ],
						[ 114.2364866135, 22.291147091 ],
						[ 114.2378826428, 22.2924210364 ],
						[ 114.2385177555, 22.2917991102 ],
						[ 114.2384246304, 22.2915883799 ],
						[ 114.2381492295, 22.2909651455 ],
						[ 114.237917501, 22.2906595733 ],
						[ 114.2373233309, 22.2898360585 ],
						[ 114.2371390742, 22.2894320247 ],
						[ 114.2367112316, 22.2887307745 ],
						[ 114.2366991642, 22.2882850544 ],
						[ 114.237744018, 22.2877145532 ],
						[ 114.2389247677, 22.286800685 ],
						[ 114.2394893103, 22.2866047563 ],
						[ 114.2396914756, 22.2862757195 ],
						[ 114.2415853552, 22.285924975 ],
						[ 114.2420494467, 22.2857047941 ],
						[ 114.2422242929, 22.2858222213 ],
						[ 114.2424622763, 22.2857214608 ],
						[ 114.243134318, 22.2855706291 ],
						[ 114.2434736605, 22.2860965693 ],
						[ 114.2437467096, 22.2865197496 ],
						[ 114.2448696418, 22.2876657479 ],
						[ 114.2448709601, 22.2876828694 ],
						[ 114.244982109, 22.2891277949 ],
						[ 114.2456984582, 22.2890874779 ],
						[ 114.246231636, 22.2894974126 ],
						[ 114.2464650706, 22.2898844555 ],
						[ 114.2466100402, 22.2899093177 ],
						[ 114.2468433522, 22.2899493222 ],
						[ 114.2473653749, 22.2909545025 ],
						[ 114.2482195824, 22.2915343644 ],
						[ 114.2483099852, 22.2923166292 ],
						[ 114.2484394897, 22.2924184465 ],
						[ 114.2486597254, 22.2925915836 ],
						[ 114.249261494, 22.2925863132 ],
						[ 114.2498290583, 22.292941206 ],
						[ 114.2505860123, 22.2937962169 ],
						[ 114.2505116844, 22.2941413918 ],
						[ 114.2506952579, 22.2944714406 ],
						[ 114.2511079042, 22.2944762552 ],
						[ 114.2515190043, 22.2948036793 ],
						[ 114.2516912331, 22.2953638322 ],
						[ 114.2515746142, 22.2956878864 ],
						[ 114.2515309995, 22.2958090883 ],
						[ 114.2516392369, 22.2959459878 ],
						[ 114.2524253553, 22.2958715724 ],
						[ 114.2529893893, 22.2964597526 ],
						[ 114.2532103169, 22.2970982667 ],
						[ 114.2535388678, 22.297307938 ],
						[ 114.2538820247, 22.2973579495 ],
						[ 114.2542004621, 22.2970156822 ],
						[ 114.2543916517, 22.2970384023 ],
						[ 114.2548384187, 22.298288061 ],
						[ 114.2548092069, 22.2986529931 ],
						[ 114.2545935187, 22.2986439757 ],
						[ 114.2546476518, 22.299031679 ],
						[ 114.2555007964, 22.2993916342 ],
						[ 114.2555353673, 22.2998477716 ],
						[ 114.2556586215, 22.3020197719 ],
						[ 114.2536987301, 22.3027908516 ],
						[ 114.2531089704, 22.3042598317 ],
						[ 114.253045014, 22.3044191346 ],
						[ 114.2531021343, 22.3045388626 ],
						[ 114.2531801441, 22.3047023882 ],
						[ 114.2531142173, 22.304986197 ],
						[ 114.2530642839, 22.3049837099 ],
						[ 114.2529693473, 22.3049789864 ],
						[ 114.25258207, 22.3049597248 ],
						[ 114.2525135075, 22.3048213086 ],
						[ 114.2522543923, 22.3048526661 ],
						[ 114.2522292794, 22.3050038953 ],
						[ 114.2519400374, 22.3049766577 ],
						[ 114.2515133829, 22.3046575505 ],
						[ 114.2507013673, 22.3045781279 ],
						[ 114.2506361261, 22.305104985 ],
						[ 114.2512668872, 22.3058299176 ],
						[ 114.2516465019, 22.3061080662 ],
						[ 114.2516074927, 22.3064821228 ],
						[ 114.2517692445, 22.306440995 ],
						[ 114.2519516473, 22.3067238846 ],
						[ 114.2517882254, 22.3068369059 ],
						[ 114.2519939824, 22.3070531749 ],
						[ 114.2521273708, 22.3069289152 ],
						[ 114.2524660958, 22.3072128062 ],
						[ 114.2523759449, 22.3073570398 ],
						[ 114.2525696766, 22.3074790523 ],
						[ 114.2531178611, 22.3073709248 ],
						[ 114.2544224035, 22.3083510384 ],
						[ 114.2545108147, 22.3086611882 ],
						[ 114.2547759009, 22.3093042385 ],
						[ 114.2550258212, 22.309112534 ],
						[ 114.2550654737, 22.306162434 ],
						[ 114.2552835479, 22.3050362124 ],
						[ 114.2554996365, 22.3048415253 ],
						[ 114.2556804399, 22.3047379829 ],
						[ 114.2561975383, 22.3047538413 ],
						[ 114.2565946837, 22.3049066882 ],
						[ 114.2568903169, 22.3051804227 ],
						[ 114.2568904684, 22.3054462385 ],
						[ 114.2564295031, 22.306735295 ],
						[ 114.2561157216, 22.3070334856 ],
						[ 114.2556264172, 22.3072028853 ],
						[ 114.2555803402, 22.3073640136 ],
						[ 114.2556911889, 22.3074445127 ],
						[ 114.2565036387, 22.3071944015 ],
						[ 114.2567447687, 22.3069667749 ],
						[ 114.2569558252, 22.30671087 ],
						[ 114.2575368822, 22.3055184159 ],
						[ 114.2579982058, 22.3048402944 ],
						[ 114.2582012329, 22.3046884063 ],
						[ 114.2601864714, 22.3046471219 ],
						[ 114.2616177734, 22.3043539872 ],
						[ 114.2623626811, 22.3042212165 ],
						[ 114.2632119313, 22.3042724939 ],
						[ 114.2641472058, 22.3040416044 ],
						[ 114.2646224595, 22.3041268677 ],
						[ 114.2639340316, 22.3028110643 ],
						[ 114.2635166804, 22.3022362369 ],
						[ 114.2628117548, 22.3019510461 ],
						[ 114.2625130773, 22.3020240179 ],
						[ 114.2620378641, 22.3019438416 ],
						[ 114.2617593402, 22.301546668 ],
						[ 114.2616159827, 22.3013870548 ],
						[ 114.2633664576, 22.3013811818 ],
						[ 114.2637668276, 22.3015411075 ],
						[ 114.2653607329, 22.3046378877 ],
						[ 114.265545751, 22.3052114105 ],
						[ 114.2654971814, 22.3055556746 ],
						[ 114.2645150809, 22.3079454617 ],
						[ 114.2647623525, 22.3088652479 ],
						[ 114.2648718487, 22.308883629 ],
						[ 114.2649843443, 22.3089025231 ],
						[ 114.2652424654, 22.3083949623 ],
						[ 114.2657776904, 22.3080466033 ],
						[ 114.2658084523, 22.3078112851 ],
						[ 114.266246081, 22.3076188823 ],
						[ 114.2665144595, 22.3076981312 ],
						[ 114.2666114252, 22.30753354 ],
						[ 114.2676340679, 22.3075220347 ],
						[ 114.2677888677, 22.3069270753 ],
						[ 114.2671027508, 22.30623939 ],
						[ 114.2642918163, 22.3008893664 ],
						[ 114.2640992012, 22.2993637397 ],
						[ 114.264606336, 22.2970379846 ],
						[ 114.2669538468, 22.2957866081 ],
						[ 114.26690511, 22.2913022934 ],
						[ 114.2708722672, 22.2912572472 ],
						[ 114.2708723988, 22.2895974646 ],
						[ 114.2688468591, 22.2865200687 ],
						[ 114.2662363152, 22.2825536422 ],
						[ 114.2676290972, 22.2816553783 ],
						[ 114.2674187077, 22.2813218141 ],
						[ 114.267275243, 22.2802794163 ],
						[ 114.2668475318, 22.2794132372 ],
						[ 114.266118665, 22.2793348203 ],
						[ 114.2657485841, 22.2787497933 ],
						[ 114.2653699492, 22.2781512332 ],
						[ 114.2649463985, 22.2779650623 ],
						[ 114.2647543246, 22.2762714349 ],
						[ 114.2649148945, 22.27603144 ],
						[ 114.2646595237, 22.2759096196 ],
						[ 114.2645282672, 22.2755754306 ],
						[ 114.2647445861, 22.2755160546 ],
						[ 114.2649851382, 22.2756660766 ],
						[ 114.2654956683, 22.2746043467 ],
						[ 114.2660245663, 22.2742439062 ],
						[ 114.2665653925, 22.2741670917 ],
						[ 114.2665568268, 22.2743068997 ],
						[ 114.2663009695, 22.2743939156 ],
						[ 114.2666386095, 22.2745916356 ],
						[ 114.2663594636, 22.2749968138 ],
						[ 114.2664843932, 22.2750957026 ],
						[ 114.2665357955, 22.2752573316 ],
						[ 114.2667521293, 22.2752232748 ],
						[ 114.2666608323, 22.2755236391 ],
						[ 114.2671141575, 22.2758628222 ],
						[ 114.2690152665, 22.2754032236 ],
						[ 114.2691766621, 22.2754877038 ],
						[ 114.2691527105, 22.275731653 ],
						[ 114.269733681, 22.2755949681 ],
						[ 114.2700775947, 22.2759359393 ],
						[ 114.2700976632, 22.2763645307 ],
						[ 114.2702936907, 22.2764783304 ],
						[ 114.2702272739, 22.2770047823 ],
						[ 114.2702294717, 22.2771290516 ],
						[ 114.2708376782, 22.2772895001 ],
						[ 114.2718645542, 22.2773930887 ],
						[ 114.271983424, 22.2773609694 ],
						[ 114.2720744743, 22.2772128408 ],
						[ 114.2721667951, 22.2772217901 ],
						[ 114.2722093904, 22.2774205113 ],
						[ 114.2722940737, 22.2774560783 ],
						[ 114.2737869503, 22.2775296875 ],
						[ 114.2737990349, 22.2754245674 ],
						[ 114.2738029588, 22.2747405487 ],
						[ 114.2763820448, 22.2741561961 ],
						[ 114.2772541949, 22.2723635565 ],
						[ 114.2773860111, 22.2714880449 ],
						[ 114.2773932344, 22.2714400878 ],
						[ 114.2774115454, 22.2711173214 ],
						[ 114.2771480544, 22.2706589808 ],
						[ 114.2769331476, 22.2702851365 ],
						[ 114.2768505194, 22.2696966426 ],
						[ 114.2772206449, 22.2686539442 ],
						[ 114.2772123982, 22.2685048805 ],
						[ 114.277183697, 22.2679860247 ],
						[ 114.2777638623, 22.2667821063 ],
						[ 114.2781498842, 22.2663716671 ],
						[ 114.2791868003, 22.2660148936 ],
						[ 114.2796479909, 22.2669748035 ],
						[ 114.280423838, 22.2679891651 ],
						[ 114.2810749681, 22.268331642 ],
						[ 114.2816676937, 22.2682720014 ],
						[ 114.2821606423, 22.2686962671 ],
						[ 114.2822008638, 22.26925978 ],
						[ 114.2822224846, 22.2695626536 ],
						[ 114.2814447387, 22.2710215775 ],
						[ 114.281579145, 22.2713810637 ],
						[ 114.2820550225, 22.2716429426 ],
						[ 114.2821492936, 22.2716948167 ],
						[ 114.2824428939, 22.2716917453 ],
						[ 114.2827159638, 22.2714959639 ],
						[ 114.283111952, 22.2711925106 ],
						[ 114.2838542635, 22.2711189563 ],
						[ 114.2842217981, 22.2707873344 ],
						[ 114.2853565822, 22.2706703649 ],
						[ 114.2864000835, 22.270816376 ],
						[ 114.2873661235, 22.2707058366 ],
						[ 114.2882460862, 22.2703939854 ],
						[ 114.2885200805, 22.2706060895 ],
						[ 114.2890529639, 22.2706764862 ],
						[ 114.2891663488, 22.2704338901 ],
						[ 114.2899919053, 22.2697261278 ],
						[ 114.290283469, 22.2696935676 ],
						[ 114.2903717127, 22.2695122792 ],
						[ 114.2902520096, 22.2682322879 ],
						[ 114.2908717, 22.2671387583 ],
						[ 114.2912028469, 22.2669429218 ],
						[ 114.2919971023, 22.2669228003 ],
						[ 114.292415292, 22.2666390044 ],
						[ 114.2925988058, 22.2665144676 ],
						[ 114.2938279308, 22.2661741523 ],
						[ 114.2942838711, 22.2659080335 ],
						[ 114.2948431972, 22.2658506718 ],
						[ 114.2951662938, 22.2656450439 ],
						[ 114.2957326927, 22.2651642454 ],
						[ 114.2965237314, 22.2635648616 ],
						[ 114.2968424922, 22.2633580866 ],
						[ 114.2975712549, 22.2621595956 ],
						[ 114.2971277801, 22.2615962589 ],
						[ 114.2979846115, 22.2610807219 ],
						[ 114.298467971, 22.2611027929 ],
						[ 114.2988547362, 22.2609212759 ],
						[ 114.2989632485, 22.2606151277 ],
						[ 114.2993129536, 22.2604704645 ],
						[ 114.2995595879, 22.2604846642 ],
						[ 114.2997180705, 22.2607762252 ],
						[ 114.3000500641, 22.2608806841 ],
						[ 114.3005341598, 22.2617409818 ],
						[ 114.3006284101, 22.262078051 ],
						[ 114.3007119184, 22.2635588411 ],
						[ 114.3005113324, 22.2638955569 ],
						[ 114.3001590065, 22.264589658 ],
						[ 114.2996579936, 22.2648869018 ],
						[ 114.2997189728, 22.2653545796 ],
						[ 114.300196934, 22.2655434996 ],
						[ 114.3003035795, 22.2659288823 ],
						[ 114.3002674413, 22.2663080431 ],
						[ 114.300532275, 22.2666282848 ],
						[ 114.3010553701, 22.2668315536 ],
						[ 114.3015059646, 22.2668197034 ],
						[ 114.3019252803, 22.2663947965 ],
						[ 114.3019747596, 22.2662720862 ],
						[ 114.3021559377, 22.2658227536 ],
						[ 114.3028555791, 22.2657710086 ],
						[ 114.3032592669, 22.2651516536 ],
						[ 114.3040167058, 22.2647621489 ],
						[ 114.3051755013, 22.2646197093 ],
						[ 114.3051417352, 22.2648723049 ],
						[ 114.3046074948, 22.2653220454 ],
						[ 114.3046380586, 22.2656338403 ],
						[ 114.3048513395, 22.2656727931 ],
						[ 114.3052855777, 22.2653589065 ],
						[ 114.3056354372, 22.2653666848 ],
						[ 114.3060552896, 22.2655446975 ],
						[ 114.3065241211, 22.2658923917 ],
						[ 114.3062905887, 22.2666738546 ],
						[ 114.3063305627, 22.2671277476 ],
						[ 114.3065769511, 22.2675458049 ],
						[ 114.3070278624, 22.2678745205 ],
						[ 114.3068004217, 22.2685708382 ],
						[ 114.3061040722, 22.2695367687 ],
						[ 114.3055634462, 22.2697782528 ],
						[ 114.3051570075, 22.2694166988 ],
						[ 114.3047385287, 22.2687226273 ],
						[ 114.3035487461, 22.2688196368 ],
						[ 114.3025714368, 22.2680489 ],
						[ 114.3021039485, 22.2681609883 ],
						[ 114.3015619616, 22.2686313236 ],
						[ 114.301628868, 22.2688044436 ],
						[ 114.3012947406, 22.2691073166 ],
						[ 114.3009424649, 22.2691645424 ],
						[ 114.30050764, 22.2695417044 ],
						[ 114.3007972739, 22.2706478086 ],
						[ 114.3015650729, 22.271451516 ],
						[ 114.3036533267, 22.2696353556 ],
						[ 114.3040086239, 22.2695073575 ],
						[ 114.3042368535, 22.2696653864 ],
						[ 114.304227785, 22.2698834381 ],
						[ 114.3016658141, 22.2721280046 ],
						[ 114.3013979841, 22.2728217085 ],
						[ 114.3013716433, 22.2728899461 ],
						[ 114.3014243187, 22.2729547727 ],
						[ 114.301606172, 22.2731785747 ],
						[ 114.3014292465, 22.273402607 ],
						[ 114.3010838162, 22.2738400083 ],
						[ 114.300161472, 22.2758594905 ],
						[ 114.2999698945, 22.2773307161 ],
						[ 114.3001945486, 22.2786576231 ],
						[ 114.3002756116, 22.2791363923 ],
						[ 114.3009065467, 22.2791428921 ],
						[ 114.3020948761, 22.2791551373 ],
						[ 114.3026305059, 22.279497038 ],
						[ 114.3022840927, 22.2799218898 ],
						[ 114.3020502837, 22.2799981804 ],
						[ 114.3007694083, 22.2804160981 ],
						[ 114.299869217, 22.280249364 ],
						[ 114.2981642587, 22.2787530986 ],
						[ 114.2973080228, 22.2771998182 ],
						[ 114.2954827208, 22.2761357015 ],
						[ 114.2954319755, 22.275055278 ],
						[ 114.2952859559, 22.2748931402 ],
						[ 114.2953360158, 22.2747696369 ],
						[ 114.2954648444, 22.2744517459 ],
						[ 114.2952883458, 22.2740554843 ],
						[ 114.295315639, 22.2734323959 ],
						[ 114.2952387106, 22.2731039537 ],
						[ 114.2950618385, 22.2729993724 ],
						[ 114.2934802099, 22.2732185608 ],
						[ 114.2929921251, 22.2734925839 ],
						[ 114.2928543317, 22.2735699485 ],
						[ 114.2925870998, 22.2740798642 ],
						[ 114.292648197, 22.2747143941 ],
						[ 114.2928494074, 22.2750933835 ],
						[ 114.2927341625, 22.2755128754 ],
						[ 114.2928371547, 22.2759782315 ],
						[ 114.2936295779, 22.2766703398 ],
						[ 114.2936756562, 22.2770776241 ],
						[ 114.2940589444, 22.277111294 ],
						[ 114.2944995425, 22.2769406847 ],
						[ 114.2952362524, 22.2775263905 ],
						[ 114.2956996597, 22.2780185191 ],
						[ 114.2956511404, 22.2783930908 ],
						[ 114.2957916518, 22.2786116013 ],
						[ 114.2961317135, 22.2786982265 ],
						[ 114.2961713859, 22.278831092 ],
						[ 114.2958827578, 22.2788905629 ],
						[ 114.2957853209, 22.2791685157 ],
						[ 114.2953896412, 22.2790951603 ],
						[ 114.2938326637, 22.2792970766 ],
						[ 114.2933817115, 22.2789263235 ],
						[ 114.2931387455, 22.2788925516 ],
						[ 114.2920894209, 22.2792643773 ],
						[ 114.2904650237, 22.2794243078 ],
						[ 114.2898477088, 22.2797049229 ],
						[ 114.2894279453, 22.2796655159 ],
						[ 114.2881144402, 22.2805719675 ],
						[ 114.2880998933, 22.2806188464 ],
						[ 114.2878653409, 22.2813746987 ],
						[ 114.2877511846, 22.2831996762 ],
						[ 114.2884361801, 22.2840546957 ],
						[ 114.2884550209, 22.2844171267 ],
						[ 114.2891853459, 22.2847422581 ],
						[ 114.2900526456, 22.2847243889 ],
						[ 114.2904239781, 22.2852367346 ],
						[ 114.2904333961, 22.285423707 ],
						[ 114.2899316791, 22.2857353067 ],
						[ 114.2896105587, 22.2856891759 ],
						[ 114.2892262412, 22.2856339674 ],
						[ 114.2890193413, 22.2858659536 ],
						[ 114.2886663165, 22.2858213241 ],
						[ 114.2881325835, 22.2863066803 ],
						[ 114.2879305722, 22.286478265 ],
						[ 114.2877480234, 22.2870278127 ],
						[ 114.2877182421, 22.2876790941 ],
						[ 114.2879111155, 22.2884544846 ],
						[ 114.2879750174, 22.2885186756 ],
						[ 114.2882544868, 22.2887994356 ],
						[ 114.2888209065, 22.2889779693 ],
						[ 114.2892892829, 22.2894758646 ],
						[ 114.2897097327, 22.2895601444 ],
						[ 114.2903184816, 22.2901062708 ],
						[ 114.2904375967, 22.290621664 ],
						[ 114.2906925435, 22.2909143211 ],
						[ 114.2912190092, 22.2913736272 ],
						[ 114.2919743701, 22.2912551532 ],
						[ 114.2925526698, 22.2908295807 ],
						[ 114.2940309078, 22.2909476157 ],
						[ 114.2944867587, 22.2904795543 ],
						[ 114.2945656082, 22.2901377606 ],
						[ 114.2943766412, 22.2899145434 ],
						[ 114.2941163391, 22.2896070677 ],
						[ 114.2939929158, 22.289118718 ],
						[ 114.2945036279, 22.2884786017 ],
						[ 114.2950692492, 22.2884384921 ],
						[ 114.2967113783, 22.2879275635 ],
						[ 114.2976494352, 22.2882237315 ],
						[ 114.2979350351, 22.2882097108 ],
						[ 114.2985064287, 22.2876995504 ],
						[ 114.2992610182, 22.2874383685 ],
						[ 114.300866914, 22.2872334909 ],
						[ 114.3010222692, 22.2874514163 ],
						[ 114.3019556768, 22.2873689995 ],
						[ 114.30241634, 22.2881809837 ],
						[ 114.3024043494, 22.288597521 ],
						[ 114.3030782997, 22.289408191 ],
						[ 114.3035771957, 22.2900970276 ],
						[ 114.3052636424, 22.2914258295 ],
						[ 114.305912025, 22.2912872371 ],
						[ 114.3060606725, 22.2915949091 ],
						[ 114.3057599223, 22.2919409122 ],
						[ 114.3061650768, 22.2921839467 ],
						[ 114.3068279583, 22.2923479638 ],
						[ 114.3075313779, 22.2922225507 ],
						[ 114.3086051064, 22.292100293 ],
						[ 114.3088742841, 22.2923756523 ],
						[ 114.3096280767, 22.2925694933 ],
						[ 114.3101417018, 22.2930983561 ],
						[ 114.3099814075, 22.2935679438 ],
						[ 114.3104109151, 22.2940491298 ],
						[ 114.3107317788, 22.2953571201 ],
						[ 114.3100262998, 22.2959238111 ],
						[ 114.3105253406, 22.2960620566 ],
						[ 114.3105495828, 22.296195509 ],
						[ 114.3092629228, 22.2967316003 ],
						[ 114.3092521769, 22.2971400812 ],
						[ 114.3098295075, 22.2970228253 ],
						[ 114.3097871361, 22.2973283473 ],
						[ 114.3099369502, 22.2975405158 ],
						[ 114.3113119834, 22.2976130176 ],
						[ 114.31178063, 22.2976327668 ],
						[ 114.312066887, 22.2982832103 ],
						[ 114.3117573714, 22.2998086189 ],
						[ 114.3113280986, 22.3002347048 ],
						[ 114.3104245863, 22.3006306934 ],
						[ 114.3110444814, 22.301047856 ],
						[ 114.3108535813, 22.3018523059 ],
						[ 114.3104798027, 22.302127036 ],
						[ 114.3101211124, 22.3026767526 ],
						[ 114.308758485, 22.3033624849 ],
						[ 114.3078743453, 22.3046634084 ],
						[ 114.3070960767, 22.3054786761 ],
						[ 114.3067191366, 22.3057114078 ],
						[ 114.3062962546, 22.3057261316 ],
						[ 114.306223524, 22.3059776013 ],
						[ 114.305995394, 22.3059841045 ],
						[ 114.3057993051, 22.3065561229 ],
						[ 114.3051743979, 22.3067493494 ],
						[ 114.3047426134, 22.3071800253 ],
						[ 114.3036599563, 22.3078206206 ],
						[ 114.3035989349, 22.3080300787 ],
						[ 114.3037667093, 22.3082675514 ],
						[ 114.304524908, 22.3084711921 ],
						[ 114.3046450851, 22.3087138849 ],
						[ 114.3041147968, 22.3096290465 ],
						[ 114.3034030719, 22.309545032 ],
						[ 114.3030231474, 22.3099100736 ],
						[ 114.303206008, 22.3104311678 ],
						[ 114.3030199188, 22.3104537447 ],
						[ 114.3027977753, 22.3102502595 ],
						[ 114.302648911, 22.31041894 ],
						[ 114.3026456582, 22.3102331201 ],
						[ 114.3023661182, 22.3101596922 ],
						[ 114.3022835916, 22.3098312594 ],
						[ 114.3015196555, 22.3094446619 ],
						[ 114.3010886487, 22.3093834311 ],
						[ 114.300564189, 22.3099154177 ],
						[ 114.3001727616, 22.309911914 ],
						[ 114.2996169542, 22.3099069354 ],
						[ 114.299189309, 22.3101511929 ],
						[ 114.2988424288, 22.3101370685 ],
						[ 114.2966498051, 22.3085226515 ],
						[ 114.2962815064, 22.3080252833 ],
						[ 114.2947441909, 22.306987971 ],
						[ 114.2947317373, 22.3068815455 ],
						[ 114.2954592553, 22.3066462828 ],
						[ 114.2956937836, 22.3061593982 ],
						[ 114.2958815535, 22.3044724444 ],
						[ 114.2945712709, 22.3042737703 ],
						[ 114.2940411786, 22.3039939798 ],
						[ 114.2935307142, 22.3042664668 ],
						[ 114.2922711178, 22.3040585264 ],
						[ 114.2923381153, 22.3043236984 ],
						[ 114.2920769499, 22.3047657242 ],
						[ 114.2923993898, 22.3051584342 ],
						[ 114.2923996999, 22.3055352627 ],
						[ 114.2928144736, 22.3061718405 ],
						[ 114.2927444769, 22.306766763 ],
						[ 114.2908247993, 22.3068710993 ],
						[ 114.2904960226, 22.3070542808 ],
						[ 114.2903814982, 22.3076492335 ],
						[ 114.2917949659, 22.309238977 ],
						[ 114.2925991321, 22.3104500125 ],
						[ 114.2925616872, 22.310789472 ],
						[ 114.292276324, 22.3111360166 ],
						[ 114.2915389972, 22.3115173959 ],
						[ 114.2919834646, 22.3121545232 ],
						[ 114.2923693464, 22.3122284712 ],
						[ 114.2924605876, 22.3126529794 ],
						[ 114.2922814349, 22.3128429661 ],
						[ 114.2923422663, 22.3131346018 ],
						[ 114.2913779939, 22.3134919759 ],
						[ 114.2910498981, 22.3137666379 ],
						[ 114.2905132182, 22.3137894469 ],
						[ 114.2900213432, 22.3141666194 ],
						[ 114.2898834379, 22.3149036928 ],
						[ 114.2898158759, 22.3154692714 ],
						[ 114.2900658312, 22.3164258425 ],
						[ 114.2900479777, 22.3172865148 ],
						[ 114.2895107858, 22.318224074 ],
						[ 114.2893707193, 22.3185981278 ],
						[ 114.2886991441, 22.3192866597 ],
						[ 114.2883671819, 22.3193973505 ],
						[ 114.28853252, 22.3196987046 ],
						[ 114.2890643391, 22.3197587429 ],
						[ 114.2895019751, 22.3195691584 ],
						[ 114.2894780631, 22.3198274948 ],
						[ 114.2897644891, 22.3199993101 ],
						[ 114.2895915838, 22.3210470681 ],
						[ 114.289184119, 22.3210784252 ],
						[ 114.2890290974, 22.3213138334 ],
						[ 114.2884240557, 22.3209316704 ],
						[ 114.2884802921, 22.3201135333 ],
						[ 114.2879631762, 22.3198814684 ],
						[ 114.287275004, 22.319933142 ],
						[ 114.2870562478, 22.3201030026 ],
						[ 114.2858936997, 22.3200134649 ],
						[ 114.2852368573, 22.3206059052 ],
						[ 114.2854409133, 22.3214037199 ],
						[ 114.2851131765, 22.3213901313 ],
						[ 114.284851124, 22.3215571461 ],
						[ 114.2834601766, 22.3211812388 ],
						[ 114.2824443688, 22.3213637073 ],
						[ 114.2824108167, 22.3213275707 ],
						[ 114.2818193362, 22.3206904228 ],
						[ 114.2807735201, 22.3204160973 ],
						[ 114.2798864258, 22.3198845003 ],
						[ 114.2791264364, 22.3198170897 ],
						[ 114.2785041854, 22.3193880948 ],
						[ 114.2783685935, 22.3192946139 ],
						[ 114.2775920954, 22.3194803427 ],
						[ 114.2774769757, 22.3201880508 ],
						[ 114.2776321934, 22.320213845 ],
						[ 114.2774344062, 22.3203249989 ],
						[ 114.2771544861, 22.3205852171 ],
						[ 114.276948454, 22.3212762924 ],
						[ 114.2764559167, 22.3216839202 ],
						[ 114.2757468537, 22.3219426652 ],
						[ 114.2745472196, 22.3218806843 ],
						[ 114.2737596641, 22.32220391 ],
						[ 114.2723430824, 22.3222927719 ],
						[ 114.2718932207, 22.3227360224 ],
						[ 114.2717030925, 22.3232050107 ],
						[ 114.2721891784, 22.3242023157 ],
						[ 114.272036679, 22.3254698201 ],
						[ 114.2717721818, 22.3257018263 ],
						[ 114.2715956616, 22.3262053212 ],
						[ 114.2719589006, 22.3265848171 ],
						[ 114.2718274815, 22.3270100448 ],
						[ 114.2719405637, 22.3277998831 ],
						[ 114.272132471, 22.328113321 ],
						[ 114.2720722671, 22.3287082275 ],
						[ 114.2723797752, 22.3289548521 ],
						[ 114.2721334676, 22.3295803554 ],
						[ 114.2719139398, 22.3295776126 ],
						[ 114.2716529982, 22.3305149495 ],
						[ 114.2711317631, 22.3306113298 ],
						[ 114.270767708, 22.3308807878 ],
						[ 114.2704792416, 22.3313590333 ],
						[ 114.2704738713, 22.3316461183 ],
						[ 114.2705285916, 22.3321011552 ],
						[ 114.270304395, 22.332527013 ],
						[ 114.270343618, 22.3329164789 ],
						[ 114.2701855124, 22.3332232121 ],
						[ 114.2707367404, 22.3335732527 ],
						[ 114.2707122289, 22.3339190294 ],
						[ 114.2701970341, 22.3347391492 ],
						[ 114.2702016012, 22.3350964139 ],
						[ 114.269812409, 22.3357145182 ],
						[ 114.2698645922, 22.3360625535 ],
						[ 114.2695815697, 22.3363825874 ],
						[ 114.2691926602, 22.3364961432 ],
						[ 114.2696042259, 22.3379082977 ],
						[ 114.2690788943, 22.3380188699 ],
						[ 114.2688980339, 22.3379823358 ],
						[ 114.2690685003, 22.337948907 ],
						[ 114.2690469617, 22.3378039064 ],
						[ 114.26767796, 22.3380883117 ],
						[ 114.2673615369, 22.3384106633 ],
						[ 114.266974937, 22.338277976 ],
						[ 114.266455274, 22.3399121463 ],
						[ 114.2661238753, 22.3400365989 ],
						[ 114.265805005, 22.3404159045 ],
						[ 114.2655760055, 22.3411035269 ],
						[ 114.2657960367, 22.3418714465 ],
						[ 114.2660002619, 22.3420980013 ],
						[ 114.2656965155, 22.3429133841 ],
						[ 114.2655934435, 22.3442216979 ],
						[ 114.265819496, 22.3447255423 ],
						[ 114.2662456822, 22.3448443936 ],
						[ 114.2659238129, 22.346356494 ],
						[ 114.2664963614, 22.3471006211 ],
						[ 114.2666125209, 22.3478962119 ],
						[ 114.2668991751, 22.3483770111 ],
						[ 114.2680789812, 22.3489689177 ],
						[ 114.268418071, 22.3492345226 ],
						[ 114.2685952291, 22.3496590028 ],
						[ 114.2680177975, 22.3509474469 ],
						[ 114.2676894949, 22.3511087184 ],
						[ 114.2672570973, 22.3509789385 ],
						[ 114.2663956248, 22.3510841264 ],
						[ 114.265823447, 22.3509486674 ],
						[ 114.2649250123, 22.3503088382 ],
						[ 114.2648392758, 22.349683519 ],
						[ 114.2643296792, 22.3507233833 ],
						[ 114.2647648253, 22.3522684286 ],
						[ 114.2645490167, 22.352339309 ],
						[ 114.2645281572, 22.3526085662 ],
						[ 114.2639197065, 22.3528349924 ],
						[ 114.262960567, 22.3540499788 ],
						[ 114.2629521564, 22.3544555813 ],
						[ 114.2626294668, 22.3547215397 ],
						[ 114.2622884587, 22.3543707838 ],
						[ 114.2616479429, 22.3542657431 ],
						[ 114.2613573637, 22.354172781 ],
						[ 114.2610435747, 22.3542778614 ],
						[ 114.2604689142, 22.355103452 ],
						[ 114.2600537336, 22.3555458016 ],
						[ 114.2608005247, 22.3563501823 ],
						[ 114.2607338145, 22.356653282 ],
						[ 114.2604752559, 22.3567821101 ],
						[ 114.2598507655, 22.356442007 ],
						[ 114.2595941157, 22.3558419501 ],
						[ 114.2596233383, 22.3556614055 ],
						[ 114.2596814062, 22.3553026734 ],
						[ 114.259579248, 22.3553255278 ],
						[ 114.2571230534, 22.3558749817 ],
						[ 114.2557188439, 22.3559213303 ],
						[ 114.2554217345, 22.3557301716 ],
						[ 114.2552333904, 22.3551060714 ],
						[ 114.2548201132, 22.3535556984 ],
						[ 114.2548221104, 22.3532369641 ],
						[ 114.2547833051, 22.3532347252 ],
						[ 114.254648967, 22.3532269784 ],
						[ 114.2546478444, 22.3532683479 ],
						[ 114.2546434964, 22.3534280552 ],
						[ 114.2543835496, 22.3533460742 ],
						[ 114.253844385, 22.3538161639 ],
						[ 114.2534325052, 22.3539167158 ],
						[ 114.2533985012, 22.3539069427 ],
						[ 114.2532265102, 22.3538575094 ],
						[ 114.2530740703, 22.3530912487 ],
						[ 114.2527846077, 22.3528404979 ],
						[ 114.2524475469, 22.3527341945 ],
						[ 114.2522647189, 22.3526765293 ],
						[ 114.2515242648, 22.3527407366 ],
						[ 114.2508871521, 22.3534799992 ],
						[ 114.2504586311, 22.3546338204 ],
						[ 114.2503445054, 22.3551083644 ],
						[ 114.250640136, 22.3547932173 ],
						[ 114.2511667104, 22.3535482866 ],
						[ 114.2517891919, 22.3529549995 ],
						[ 114.2521961798, 22.352895516 ],
						[ 114.25251617, 22.3530849813 ],
						[ 114.2526965303, 22.3531917825 ],
						[ 114.2527702433, 22.3534745668 ],
						[ 114.2522608844, 22.3546790468 ],
						[ 114.2524750307, 22.3551073833 ],
						[ 114.25304222, 22.355452274 ],
						[ 114.2533850756, 22.3553126354 ],
						[ 114.253390484, 22.3553140868 ],
						[ 114.2536443197, 22.3553824633 ],
						[ 114.2538061563, 22.3559419734 ],
						[ 114.2546522842, 22.3564379602 ],
						[ 114.2567614217, 22.3569466892 ],
						[ 114.2572071058, 22.3572562525 ],
						[ 114.2558930205, 22.357377692 ],
						[ 114.2547799974, 22.3570441736 ],
						[ 114.2538644934, 22.3565753122 ],
						[ 114.2528274901, 22.3566191488 ],
						[ 114.252757017, 22.3568003527 ],
						[ 114.2526438271, 22.3570914242 ],
						[ 114.2525448077, 22.3578248954 ],
						[ 114.2528674082, 22.3580437892 ],
						[ 114.253161968, 22.3592550441 ],
						[ 114.2533571638, 22.3594185132 ],
						[ 114.2538392451, 22.3594255542 ],
						[ 114.2538392941, 22.3594264482 ],
						[ 114.2538294917, 22.3592382473 ],
						[ 114.2538294132, 22.3592367212 ],
						[ 114.2533327765, 22.3591359048 ],
						[ 114.2534007325, 22.3584163188 ],
						[ 114.2535343025, 22.3584839757 ],
						[ 114.2542180423, 22.3588303239 ],
						[ 114.2541892844, 22.3588991504 ],
						[ 114.2540648568, 22.3591969288 ],
						[ 114.2540650335, 22.3592004416 ],
						[ 114.2540762199, 22.3594153 ],
						[ 114.2546550887, 22.3590047652 ],
						[ 114.2549276208, 22.3588114887 ],
						[ 114.2550420805, 22.3588011747 ],
						[ 114.2556715697, 22.3587444647 ],
						[ 114.2556702512, 22.3585406459 ],
						[ 114.2556702609, 22.3585406459 ],
						[ 114.2551647933, 22.358479628 ],
						[ 114.2555192008, 22.3577922678 ],
						[ 114.2561157146, 22.3578208746 ],
						[ 114.2561384556, 22.3584785761 ],
						[ 114.2558916309, 22.3585280036 ],
						[ 114.2559170082, 22.3587666956 ],
						[ 114.25719338, 22.3593247599 ],
						[ 114.2578144042, 22.3587464956 ],
						[ 114.2578291352, 22.3584326587 ],
						[ 114.2567743124, 22.3577592875 ],
						[ 114.2568326432, 22.3576257511 ],
						[ 114.2580293155, 22.3575401961 ],
						[ 114.2590225057, 22.3580037928 ],
						[ 114.2589736753, 22.3584413295 ],
						[ 114.2573063608, 22.3602211116 ],
						[ 114.2572233125, 22.3605945116 ],
						[ 114.257060882, 22.3606587813 ],
						[ 114.2570375667, 22.360668004 ],
						[ 114.2569645396, 22.3611818419 ],
						[ 114.2575179817, 22.3619207711 ],
						[ 114.2578657795, 22.362701992 ],
						[ 114.2586807362, 22.3632772248 ],
						[ 114.2590404833, 22.3633591391 ],
						[ 114.2591612707, 22.3631899357 ],
						[ 114.2596680958, 22.3636102926 ],
						[ 114.2596150067, 22.3638564381 ],
						[ 114.2597083974, 22.3641673298 ],
						[ 114.2596998202, 22.3643736639 ],
						[ 114.259711069, 22.3644817357 ],
						[ 114.2597335256, 22.3646285246 ],
						[ 114.2599052186, 22.3649515131 ],
						[ 114.2600419865, 22.3650583644 ],
						[ 114.260641619, 22.3650534314 ],
						[ 114.2606691654, 22.3653967221 ],
						[ 114.2601622086, 22.3655541874 ],
						[ 114.2602449644, 22.365741402 ],
						[ 114.2606130239, 22.3660729577 ],
						[ 114.2605404428, 22.3673155969 ],
						[ 114.260027392, 22.3679973326 ],
						[ 114.2599943337, 22.3681804347 ],
						[ 114.2602670153, 22.3683346713 ],
						[ 114.2608249876, 22.3682621385 ],
						[ 114.2616562478, 22.3679807832 ],
						[ 114.2623541244, 22.3678207922 ],
						[ 114.2627041537, 22.367454771 ],
						[ 114.2629133058, 22.3674459454 ],
						[ 114.2628675393, 22.3681462876 ],
						[ 114.2629078305, 22.3686950336 ],
						[ 114.2626778094, 22.3692868814 ],
						[ 114.2627116234, 22.3694546869 ],
						[ 114.2632468448, 22.3696890062 ],
						[ 114.2636023284, 22.3690488855 ],
						[ 114.2640576316, 22.369283245 ],
						[ 114.2643156876, 22.3696082951 ],
						[ 114.2641623118, 22.3699573719 ],
						[ 114.2640607, 22.3702030661 ],
						[ 114.2637599462, 22.3705115754 ],
						[ 114.2638614589, 22.3710893213 ],
						[ 114.2639845776, 22.371294817 ],
						[ 114.2640215545, 22.3715177879 ],
						[ 114.2637144331, 22.3716149319 ],
						[ 114.2629920601, 22.3716466721 ],
						[ 114.2630202564, 22.3718040231 ],
						[ 114.2637760007, 22.3722234662 ],
						[ 114.2641637324, 22.3722348707 ],
						[ 114.2644125184, 22.3716859782 ],
						[ 114.2649560646, 22.3712600291 ],
						[ 114.2649834187, 22.3710631577 ],
						[ 114.2655210504, 22.3711627507 ],
						[ 114.2658435694, 22.370730535 ],
						[ 114.2662068812, 22.3706258064 ],
						[ 114.2665743588, 22.3702045998 ],
						[ 114.2671457517, 22.3703697755 ],
						[ 114.267836899, 22.3703496476 ],
						[ 114.2678028979, 22.3699036849 ],
						[ 114.2681653827, 22.369489449 ],
						[ 114.268557196, 22.3681094887 ],
						[ 114.2688471476, 22.3675506953 ],
						[ 114.2690032551, 22.3675825385 ],
						[ 114.2691559535, 22.3671852525 ],
						[ 114.2697768037, 22.3666158201 ],
						[ 114.269962971, 22.365845851 ],
						[ 114.2700451562, 22.3655059485 ],
						[ 114.2698371354, 22.3653272094 ],
						[ 114.2697631616, 22.3648737294 ],
						[ 114.2701125055, 22.3635187583 ],
						[ 114.2697342018, 22.3626380559 ],
						[ 114.2690482896, 22.3620130381 ],
						[ 114.2689466439, 22.3612552892 ],
						[ 114.2680492392, 22.3608446548 ],
						[ 114.2675443142, 22.360113266 ],
						[ 114.2672528852, 22.3603079559 ],
						[ 114.2662638236, 22.3600681032 ],
						[ 114.2661219136, 22.3597685391 ],
						[ 114.2656343845, 22.3598236316 ],
						[ 114.2654525906, 22.3596742487 ],
						[ 114.2654905338, 22.3591856304 ],
						[ 114.265636309, 22.3589540796 ],
						[ 114.2653708935, 22.3578340583 ],
						[ 114.2654873574, 22.3573880211 ],
						[ 114.2654200637, 22.3565994656 ],
						[ 114.2656926904, 22.356310709 ],
						[ 114.2656441163, 22.3564907596 ],
						[ 114.2658471014, 22.3566422078 ],
						[ 114.265997966, 22.3572733418 ],
						[ 114.2662009144, 22.3573649803 ],
						[ 114.2663811907, 22.357133184 ],
						[ 114.2671101965, 22.3578243925 ],
						[ 114.2684374486, 22.3578038972 ],
						[ 114.2686527467, 22.3576702226 ],
						[ 114.2686675619, 22.3574181898 ],
						[ 114.2695246039, 22.3572370996 ],
						[ 114.2707295301, 22.3582137269 ],
						[ 114.2720060046, 22.3597158264 ],
						[ 114.2723532466, 22.3598991225 ],
						[ 114.2722290962, 22.3581960084 ],
						[ 114.2718811905, 22.3573713722 ],
						[ 114.2718808113, 22.3573704875 ],
						[ 114.2718798204, 22.357369594 ],
						[ 114.2715184896, 22.3570443178 ],
						[ 114.2714142765, 22.3566684101 ],
						[ 114.2714139845, 22.3566673537 ],
						[ 114.2714140326, 22.3566666041 ],
						[ 114.2714980431, 22.3554346351 ],
						[ 114.2717140899, 22.3550972539 ],
						[ 114.2730805474, 22.3526037094 ],
						[ 114.2736553135, 22.3519831848 ],
						[ 114.273685217, 22.3513963527 ],
						[ 114.2738984502, 22.3511902563 ],
						[ 114.2742609438, 22.3512889954 ],
						[ 114.2746861284, 22.3508244695 ],
						[ 114.2750663679, 22.3506458859 ],
						[ 114.2752371215, 22.3507251789 ],
						[ 114.2752897499, 22.3516795857 ],
						[ 114.2755118576, 22.3517950867 ],
						[ 114.2756254389, 22.3523530693 ],
						[ 114.2755885315, 22.3526470723 ],
						[ 114.275351216, 22.3528997741 ],
						[ 114.2755739113, 22.3529646494 ],
						[ 114.2758921021, 22.3533654476 ],
						[ 114.275759536, 22.3539442873 ],
						[ 114.2760888398, 22.3543232153 ],
						[ 114.2764758382, 22.3540681175 ],
						[ 114.2768558086, 22.3543739466 ],
						[ 114.2773734543, 22.3543396802 ],
						[ 114.2779155857, 22.3547921162 ],
						[ 114.2780538667, 22.3550934153 ],
						[ 114.2778435718, 22.3557658616 ],
						[ 114.2774753797, 22.355957719 ],
						[ 114.2774537738, 22.356289316 ],
						[ 114.277284629, 22.3563527161 ],
						[ 114.277340572, 22.3568840205 ],
						[ 114.2771345644, 22.3568951835 ],
						[ 114.277184101, 22.3571982721 ],
						[ 114.2769562822, 22.3572698447 ],
						[ 114.2771842711, 22.3574357843 ],
						[ 114.2772309315, 22.3580872909 ],
						[ 114.2780050893, 22.3581152643 ],
						[ 114.2786998093, 22.3587948285 ],
						[ 114.2788199804, 22.3592174995 ],
						[ 114.2783690295, 22.3597926762 ],
						[ 114.2782950069, 22.3601637874 ],
						[ 114.2779205699, 22.3603812061 ],
						[ 114.2776258533, 22.3603186728 ],
						[ 114.2773066502, 22.3609448681 ],
						[ 114.2769202754, 22.3610507918 ],
						[ 114.2764862335, 22.3608483962 ],
						[ 114.2764886085, 22.3606794153 ],
						[ 114.2762120313, 22.3606627433 ],
						[ 114.2759917584, 22.3608283721 ],
						[ 114.2760867856, 22.361002522 ],
						[ 114.27547563, 22.3610801337 ],
						[ 114.2752358415, 22.3610117559 ],
						[ 114.2749719536, 22.3612865889 ],
						[ 114.2745910751, 22.3621212772 ],
						[ 114.2746443528, 22.3624203093 ],
						[ 114.2741862886, 22.3626906075 ],
						[ 114.2741772863, 22.3632184659 ],
						[ 114.2739775818, 22.3633300859 ],
						[ 114.2739590871, 22.3636674778 ],
						[ 114.273191842, 22.3637393679 ],
						[ 114.2725897979, 22.3643686207 ],
						[ 114.2724977025, 22.364816391 ],
						[ 114.2727171494, 22.3661803234 ],
						[ 114.2723504218, 22.3665767278 ],
						[ 114.2723365867, 22.3665916815 ],
						[ 114.2722414592, 22.3671811424 ],
						[ 114.2717868677, 22.3679920626 ],
						[ 114.2718302352, 22.3684153704 ],
						[ 114.2715178938, 22.3700217597 ],
						[ 114.271684257, 22.3704391888 ],
						[ 114.2720874146, 22.3710957154 ],
						[ 114.2729140088, 22.3719186574 ],
						[ 114.2732159764, 22.3724956911 ],
						[ 114.2737443799, 22.3727694701 ],
						[ 114.2738562269, 22.3729818552 ],
						[ 114.2751467027, 22.3754322859 ],
						[ 114.2741986507, 22.3759729024 ],
						[ 114.2745838845, 22.3777583113 ],
						[ 114.274301253, 22.3780616093 ],
						[ 114.273422136, 22.3781027828 ],
						[ 114.2731333479, 22.3776337562 ],
						[ 114.2729124472, 22.3778342296 ],
						[ 114.2724859514, 22.3777870088 ],
						[ 114.2721560781, 22.3774943888 ],
						[ 114.2719287946, 22.3774916147 ],
						[ 114.271142246, 22.3777493275 ],
						[ 114.2707057913, 22.3777495813 ],
						[ 114.2700032857, 22.3780899864 ],
						[ 114.2705476455, 22.3789836936 ],
						[ 114.2707903976, 22.3789835528 ],
						[ 114.2708584895, 22.3791641237 ],
						[ 114.2715795908, 22.3790782834 ],
						[ 114.2717583258, 22.3793092967 ],
						[ 114.2725359278, 22.3796456409 ],
						[ 114.2747529738, 22.3820455018 ],
						[ 114.2761546075, 22.3835649074 ],
						[ 114.2770956442, 22.3836212373 ],
						[ 114.2775137956, 22.3842039966 ],
						[ 114.2769365643, 22.3847014303 ],
						[ 114.2763652608, 22.3856338039 ],
						[ 114.2760644435, 22.3873532263 ],
						[ 114.2760256996, 22.3875746963 ],
						[ 114.2760290333, 22.3878801422 ],
						[ 114.2760793166, 22.389223264 ],
						[ 114.2766051634, 22.390186315 ],
						[ 114.276451659, 22.3903431972 ],
						[ 114.276516801, 22.3915033874 ],
						[ 114.2775877183, 22.3932059039 ],
						[ 114.2775577486, 22.3940804545 ],
						[ 114.2788491133, 22.3949024863 ],
						[ 114.2796233452, 22.3947539229 ],
						[ 114.2803790063, 22.3939869229 ],
						[ 114.2808395835, 22.3936184628 ],
						[ 114.2805439331, 22.3932441036 ],
						[ 114.2806970475, 22.3925640175 ],
						[ 114.2809555147, 22.3924837146 ],
						[ 114.2815953019, 22.3937747626 ],
						[ 114.2825613426, 22.3946080194 ],
						[ 114.2827148208, 22.3952402978 ],
						[ 114.284449098, 22.3954046459 ],
						[ 114.2853589353, 22.396196112 ],
						[ 114.285568113, 22.3961669294 ],
						[ 114.2857645235, 22.3957928352 ],
						[ 114.2860056472, 22.3958838355 ],
						[ 114.286151998, 22.3961723423 ],
						[ 114.286333092, 22.3961698989 ],
						[ 114.2862559834, 22.395783789 ],
						[ 114.2869012069, 22.3951771066 ],
						[ 114.2870642376, 22.3952373916 ],
						[ 114.2873063675, 22.3950287483 ],
						[ 114.2875918351, 22.3943508863 ],
						[ 114.2882006383, 22.3942918151 ],
						[ 114.2888361285, 22.3940161266 ],
						[ 114.2890320795, 22.3930839709 ],
						[ 114.2891210658, 22.3926896194 ],
						[ 114.2891853064, 22.3925955041 ],
						[ 114.2894088389, 22.3917922481 ],
						[ 114.2904088339, 22.3897805914 ],
						[ 114.2906454445, 22.3897165523 ],
						[ 114.2909953423, 22.389213424 ],
						[ 114.2918693282, 22.3889241989 ],
						[ 114.2927529944, 22.388274347 ],
						[ 114.2936071297, 22.3881570133 ],
						[ 114.2945746315, 22.3884611818 ],
						[ 114.2952675917, 22.3897364603 ],
						[ 114.2953861566, 22.3903844294 ],
						[ 114.2956886828, 22.3903311893 ],
						[ 114.2958891486, 22.3907469959 ],
						[ 114.2966204061, 22.3907783968 ],
						[ 114.2967559413, 22.3908125581 ],
						[ 114.2969619845, 22.3907868489 ],
						[ 114.2970229785, 22.3905493014 ],
						[ 114.2969360239, 22.3896405814 ],
						[ 114.2966102543, 22.3891408401 ],
						[ 114.2966199344, 22.3886287673 ],
						[ 114.2969412692, 22.3884774396 ],
						[ 114.2968705398, 22.3882893506 ],
						[ 114.2971101834, 22.3881225056 ],
						[ 114.2972020651, 22.3882229016 ],
						[ 114.297617221, 22.3881140003 ],
						[ 114.298126935, 22.3883139606 ],
						[ 114.2981612615, 22.3883016263 ],
						[ 114.2984864983, 22.3881847802 ],
						[ 114.2985974632, 22.3879733197 ],
						[ 114.2991375223, 22.3877269755 ],
						[ 114.2991531002, 22.3873627906 ],
						[ 114.2995978302, 22.3865783078 ],
						[ 114.2996709865, 22.385977236 ],
						[ 114.2991547862, 22.3854927431 ],
						[ 114.2990669661, 22.3850282531 ],
						[ 114.2985871429, 22.3847289737 ],
						[ 114.2985785379, 22.384169188 ],
						[ 114.2989193891, 22.3840748603 ],
						[ 114.2993684784, 22.3842202732 ],
						[ 114.2994856776, 22.38471204 ],
						[ 114.2997743548, 22.38493771 ],
						[ 114.3011118495, 22.3849163604 ],
						[ 114.3022392462, 22.3852726198 ],
						[ 114.3024362347, 22.3855982425 ],
						[ 114.3023999089, 22.3861731617 ],
						[ 114.3017923414, 22.3868733698 ],
						[ 114.3016579923, 22.388165522 ],
						[ 114.3014522591, 22.3885884887 ],
						[ 114.30171583, 22.3886884247 ],
						[ 114.3023439262, 22.387806119 ],
						[ 114.3024170797, 22.3874306551 ],
						[ 114.3032049971, 22.3863920302 ],
						[ 114.3044233638, 22.3858254752 ],
						[ 114.3044892849, 22.3855339185 ],
						[ 114.3042117428, 22.3845254659 ],
						[ 114.3042482585, 22.3841677297 ],
						[ 114.3044261178, 22.384053769 ],
						[ 114.3051517245, 22.3840903647 ],
						[ 114.3059140127, 22.3846269018 ],
						[ 114.3060229901, 22.3856645192 ],
						[ 114.3063023505, 22.3859244467 ],
						[ 114.3068247442, 22.3856574924 ],
						[ 114.3070578265, 22.3858349982 ],
						[ 114.3075928538, 22.3857259748 ],
						[ 114.3075375492, 22.3853485624 ],
						[ 114.3081178033, 22.3848539252 ],
						[ 114.3082745195, 22.3848421848 ],
						[ 114.3087358009, 22.3853307479 ],
						[ 114.3095287485, 22.3852551914 ],
						[ 114.3098599871, 22.3849012758 ],
						[ 114.3101240735, 22.3848604121 ],
						[ 114.310428795, 22.3855180872 ],
						[ 114.3104667436, 22.3860261661 ],
						[ 114.3099412406, 22.3862954646 ],
						[ 114.3097760209, 22.3865673644 ],
						[ 114.3088288397, 22.3866505976 ],
						[ 114.3086277883, 22.3869154636 ],
						[ 114.3086851561, 22.3872424475 ],
						[ 114.3083716328, 22.3871852146 ],
						[ 114.3083718348, 22.3874000681 ],
						[ 114.3087011569, 22.3876622715 ],
						[ 114.3086892776, 22.3883080163 ],
						[ 114.3088275696, 22.3886081225 ],
						[ 114.3079518693, 22.3883544906 ],
						[ 114.3084383115, 22.3890282857 ],
						[ 114.308371034, 22.3898633818 ],
						[ 114.3088686058, 22.389748578 ],
						[ 114.3092954504, 22.3894567244 ],
						[ 114.3093319067, 22.3897151023 ],
						[ 114.309732254, 22.3897960664 ],
						[ 114.3100703454, 22.3900704599 ],
						[ 114.3097175679, 22.3907635249 ],
						[ 114.3098183002, 22.3922866071 ],
						[ 114.3103562768, 22.3926189015 ],
						[ 114.3111705627, 22.3926158973 ],
						[ 114.3112811593, 22.3926843288 ],
						[ 114.3121473918, 22.3928038113 ],
						[ 114.3128115782, 22.3932033503 ],
						[ 114.3133953397, 22.3930942757 ],
						[ 114.3136448501, 22.3928106789 ],
						[ 114.3141983963, 22.3928775591 ],
						[ 114.3143112613, 22.3929303187 ],
						[ 114.3146741835, 22.3930496368 ],
						[ 114.3150129794, 22.3933902127 ],
						[ 114.3157903369, 22.3932977968 ],
						[ 114.3157500012, 22.3935463687 ],
						[ 114.3163246756, 22.3937229891 ],
						[ 114.3167773912, 22.3943282641 ],
						[ 114.3170727737, 22.3943367136 ],
						[ 114.3171808885, 22.394076054 ],
						[ 114.3172872883, 22.3940421154 ],
						[ 114.3175326935, 22.394027968 ],
						[ 114.3178090181, 22.3937240229 ],
						[ 114.3184357359, 22.3934865513 ],
						[ 114.3190048588, 22.3937206552 ],
						[ 114.3198371092, 22.3935683626 ],
						[ 114.3200275345, 22.3936068266 ],
						[ 114.3200272616, 22.3936059147 ],
						[ 114.3209376382, 22.393785725 ],
						[ 114.3212943299, 22.3951140358 ],
						[ 114.3213982226, 22.3965534843 ],
						[ 114.3218636093, 22.3973044945 ],
						[ 114.3215476331, 22.398516687 ],
						[ 114.3220390867, 22.3988878148 ],
						[ 114.3221950361, 22.3987037508 ],
						[ 114.3221565461, 22.3986722329 ],
						[ 114.3217966744, 22.3983962591 ],
						[ 114.3221710352, 22.3974760957 ],
						[ 114.3218567367, 22.3966988349 ],
						[ 114.3222624652, 22.3965213555 ],
						[ 114.3217267332, 22.3959788873 ],
						[ 114.3210530075, 22.3924215662 ],
						[ 114.3209455026, 22.3923328201 ],
						[ 114.3209238155, 22.3918874464 ],
						[ 114.3206101539, 22.3917106105 ],
						[ 114.320533881, 22.3922274934 ],
						[ 114.3203280629, 22.3924704068 ],
						[ 114.3199106057, 22.3927739032 ],
						[ 114.319734926, 22.3927954157 ],
						[ 114.3191082831, 22.3928721675 ],
						[ 114.318736265, 22.3924149101 ],
						[ 114.3173986925, 22.3917987987 ],
						[ 114.3170877269, 22.3911875958 ],
						[ 114.3172778875, 22.3908988251 ],
						[ 114.3172721796, 22.3908041724 ],
						[ 114.3173711352, 22.3904771554 ],
						[ 114.317762855, 22.3906725054 ],
						[ 114.3182578369, 22.390469411 ],
						[ 114.3181743935, 22.3900775152 ],
						[ 114.3177010679, 22.3900779282 ],
						[ 114.3175354015, 22.3898951596 ],
						[ 114.3176148199, 22.3893869806 ],
						[ 114.3176321882, 22.3886494808 ],
						[ 114.318561806, 22.3884849098 ],
						[ 114.3187689212, 22.3882884503 ],
						[ 114.3194390108, 22.3883563844 ],
						[ 114.3197529784, 22.3888415688 ],
						[ 114.3202105855, 22.3887441943 ],
						[ 114.3199386809, 22.3884749922 ],
						[ 114.3199725916, 22.3874413222 ],
						[ 114.3194067036, 22.3872896761 ],
						[ 114.3191023299, 22.3870193452 ],
						[ 114.3189503377, 22.3855363816 ],
						[ 114.3188122142, 22.3854110692 ],
						[ 114.3183527224, 22.3842593693 ],
						[ 114.317986344, 22.3837939683 ],
						[ 114.3179512329, 22.382418915 ],
						[ 114.3180591018, 22.3822620332 ],
						[ 114.318466676, 22.3821025684 ],
						[ 114.3188726474, 22.3815894514 ],
						[ 114.3192909487, 22.3815350812 ],
						[ 114.3195052458, 22.3816603261 ],
						[ 114.3195802689, 22.3823663822 ],
						[ 114.3198690358, 22.3826529902 ],
						[ 114.3202469502, 22.3827364135 ],
						[ 114.32041927, 22.3827744507 ],
						[ 114.3210002004, 22.3823877716 ],
						[ 114.3212580799, 22.3823904404 ],
						[ 114.3215719508, 22.3827891005 ],
						[ 114.3220663918, 22.3826957516 ],
						[ 114.3223836961, 22.3827982426 ],
						[ 114.3226324419, 22.3830181101 ],
						[ 114.3227633662, 22.3834273809 ],
						[ 114.3231707481, 22.383680192 ],
						[ 114.3230819752, 22.3841721277 ],
						[ 114.3233642804, 22.3842403866 ],
						[ 114.3240929434, 22.3836143176 ],
						[ 114.3228834557, 22.38242383 ],
						[ 114.3226456646, 22.381328852 ],
						[ 114.3232354873, 22.3811001004 ],
						[ 114.3233836818, 22.3806987048 ],
						[ 114.3243094921, 22.3799447013 ],
						[ 114.3249611661, 22.3797495708 ],
						[ 114.325495073, 22.379206131 ],
						[ 114.3262814041, 22.3788227298 ],
						[ 114.3277928141, 22.3785977586 ],
						[ 114.3299922254, 22.377726975 ],
						[ 114.3313742843, 22.3774173052 ],
						[ 114.3323536796, 22.3766132658 ],
						[ 114.3327563212, 22.3765356494 ],
						[ 114.3329184361, 22.376682275 ],
						[ 114.3344513767, 22.378068787 ],
						[ 114.3348205031, 22.3787228677 ],
						[ 114.335020983, 22.3787627402 ],
						[ 114.3352780504, 22.3786027932 ],
						[ 114.3354193305, 22.3781990725 ],
						[ 114.3354188028, 22.3777333608 ],
						[ 114.3353021882, 22.3774867436 ],
						[ 114.3350980724, 22.3770550865 ],
						[ 114.3351367998, 22.376955713 ],
						[ 114.335275263, 22.3766981178 ],
						[ 114.3346163502, 22.3748649183 ],
						[ 114.3345238107, 22.3741966334 ],
						[ 114.3344949297, 22.3707269945 ],
						[ 114.3342581137, 22.3705617227 ],
						[ 114.3342589742, 22.3705411956 ],
						[ 114.3342672295, 22.3703445391 ],
						[ 114.3347553679, 22.3696942638 ],
						[ 114.3355291864, 22.3693572828 ],
						[ 114.335995109, 22.3689451061 ],
						[ 114.336595132, 22.3689648427 ],
						[ 114.3368500334, 22.3691103434 ],
						[ 114.3370374321, 22.368650252 ],
						[ 114.337454339, 22.3685122137 ],
						[ 114.3375009972, 22.368364085 ],
						[ 114.3363999086, 22.3680388204 ],
						[ 114.3351711225, 22.3679744114 ],
						[ 114.334771224, 22.367697809 ],
						[ 114.3339202701, 22.3677212856 ],
						[ 114.3333187787, 22.3680592574 ],
						[ 114.333127601, 22.3679450435 ],
						[ 114.3329488081, 22.367173468 ],
						[ 114.3327026622, 22.367036658 ],
						[ 114.3325211409, 22.3666198937 ],
						[ 114.3325353784, 22.3659509172 ],
						[ 114.332154131, 22.3655854481 ],
						[ 114.3320306067, 22.3651082313 ],
						[ 114.3313422974, 22.3648429318 ],
						[ 114.331071253, 22.3642032605 ],
						[ 114.3310309071, 22.3638461688 ],
						[ 114.3312730211, 22.3631682605 ],
						[ 114.3317728144, 22.3623385461 ],
						[ 114.3331449499, 22.3611148645 ],
						[ 114.3337647623, 22.360439495 ],
						[ 114.3340410162, 22.3601541063 ],
						[ 114.3346116064, 22.3595734303 ],
						[ 114.3349831697, 22.3591096754 ],
						[ 114.3361715436, 22.3588373236 ],
						[ 114.3366115483, 22.359822915 ],
						[ 114.3369161651, 22.3597848665 ],
						[ 114.3373618208, 22.359696161 ],
						[ 114.3378276566, 22.3592410115 ],
						[ 114.3381866638, 22.358177978 ],
						[ 114.3386651094, 22.3578372122 ],
						[ 114.3391732128, 22.3576896234 ],
						[ 114.3393951976, 22.3575455444 ],
						[ 114.3397462874, 22.3572101319 ],
						[ 114.3411065975, 22.3566431577 ],
						[ 114.3415719378, 22.3557855795 ],
						[ 114.3420652298, 22.3550407537 ],
						[ 114.3418818239, 22.3541222469 ],
						[ 114.3414075984, 22.3542527511 ],
						[ 114.3404502511, 22.3548457175 ],
						[ 114.3397649948, 22.354871721 ],
						[ 114.3388820848, 22.3545953064 ],
						[ 114.3381759901, 22.3547939155 ],
						[ 114.3379262947, 22.3544092829 ],
						[ 114.3383852705, 22.3539152078 ],
						[ 114.3392475811, 22.3535024267 ],
						[ 114.3392973204, 22.3531957361 ],
						[ 114.3388552687, 22.3522682105 ],
						[ 114.3388949069, 22.3517808832 ],
						[ 114.3393067819, 22.3512160984 ],
						[ 114.3398217803, 22.3510498887 ],
						[ 114.340156004, 22.350734856 ],
						[ 114.3407522164, 22.3502107265 ],
						[ 114.3406540145, 22.3497914207 ],
						[ 114.3409998358, 22.3488228346 ],
						[ 114.3412006732, 22.3486811044 ],
						[ 114.3415477093, 22.3487434599 ],
						[ 114.3417841366, 22.3483635124 ],
						[ 114.3423015256, 22.3481449423 ],
						[ 114.3421646477, 22.3479753712 ],
						[ 114.3422200311, 22.3477365564 ],
						[ 114.3425579043, 22.3473829725 ],
						[ 114.3429284806, 22.3474792468 ],
						[ 114.3429151827, 22.3472186482 ],
						[ 114.343163551, 22.3470078283 ],
						[ 114.3439255251, 22.3470363843 ],
						[ 114.3446208513, 22.3476132587 ],
						[ 114.3451245107, 22.3494359019 ],
						[ 114.3454599094, 22.3495943369 ],
						[ 114.3452685868, 22.3499282142 ],
						[ 114.3454082214, 22.3503267579 ],
						[ 114.3460844095, 22.3504882953 ],
						[ 114.3465955918, 22.3502501579 ],
						[ 114.3469311897, 22.3505696763 ],
						[ 114.3472262772, 22.3506257438 ],
						[ 114.347727914, 22.3501638183 ],
						[ 114.3485924558, 22.3506070434 ],
						[ 114.3488341289, 22.3514927633 ],
						[ 114.3491206019, 22.3515833511 ],
						[ 114.349356056, 22.3519397973 ],
						[ 114.3492555522, 22.3531906236 ],
						[ 114.3494221552, 22.3533791481 ],
						[ 114.3494004928, 22.3538653025 ],
						[ 114.3496376036, 22.3540577792 ],
						[ 114.350292757, 22.3541957245 ],
						[ 114.3504844412, 22.3541587016 ],
						[ 114.350905163, 22.3542767665 ],
						[ 114.3512750452, 22.3538040359 ],
						[ 114.3517072017, 22.3536643461 ],
						[ 114.351740902, 22.3539076644 ],
						[ 114.3511786085, 22.3543391804 ],
						[ 114.35119124, 22.3545428232 ],
						[ 114.3516232236, 22.3547684548 ],
						[ 114.3516648502, 22.3550306744 ],
						[ 114.3517870693, 22.3547274328 ],
						[ 114.3516715776, 22.3543610807 ],
						[ 114.3520175476, 22.3540529194 ],
						[ 114.3525942345, 22.3522820764 ],
						[ 114.3526145596, 22.351721701 ],
						[ 114.3530339818, 22.3513047211 ],
						[ 114.3529052787, 22.3507698293 ],
						[ 114.3535478947, 22.3502904662 ],
						[ 114.3538202591, 22.3490101092 ],
						[ 114.3543366402, 22.3484917695 ],
						[ 114.3548021103, 22.348310612 ],
						[ 114.3550212163, 22.3479577108 ],
						[ 114.3549350599, 22.347805921 ],
						[ 114.3546419786, 22.3478597489 ],
						[ 114.3533109552, 22.3482748481 ],
						[ 114.3528147988, 22.3481563023 ],
						[ 114.3525948796, 22.3478654328 ],
						[ 114.3519801129, 22.3478545938 ],
						[ 114.3517983766, 22.3484266487 ],
						[ 114.351661088, 22.3484354211 ],
						[ 114.3514785515, 22.3483591023 ],
						[ 114.3514992046, 22.3480587697 ],
						[ 114.3510551634, 22.3480736335 ],
						[ 114.3509541063, 22.3478723793 ],
						[ 114.3512975257, 22.3475153218 ],
						[ 114.3513700581, 22.3471528032 ],
						[ 114.3519821065, 22.3469795419 ],
						[ 114.3521370808, 22.3472653081 ],
						[ 114.3523751464, 22.3472339852 ],
						[ 114.3523435216, 22.3466707941 ],
						[ 114.3527255183, 22.3460081978 ],
						[ 114.3524003532, 22.3456259719 ],
						[ 114.3521813613, 22.3455836301 ],
						[ 114.3521718493, 22.3453909107 ],
						[ 114.352311573, 22.3448637824 ],
						[ 114.3524754189, 22.3448244846 ],
						[ 114.3527546101, 22.3425793254 ],
						[ 114.3533671324, 22.3422984867 ],
						[ 114.3534824988, 22.3420768599 ],
						[ 114.353744264, 22.3422094767 ],
						[ 114.3542266154, 22.3421899581 ],
						[ 114.3545563242, 22.3417633011 ],
						[ 114.3542664824, 22.3414368397 ],
						[ 114.3544041953, 22.3407952224 ],
						[ 114.3543141137, 22.340467964 ],
						[ 114.3547515057, 22.339623508 ],
						[ 114.3540936175, 22.33922209 ],
						[ 114.3547254251, 22.3380725049 ],
						[ 114.3547124807, 22.3376249292 ],
						[ 114.3548978824, 22.3375286496 ],
						[ 114.3549586919, 22.3372029595 ],
						[ 114.3548210957, 22.3369528472 ],
						[ 114.3548506271, 22.3363504684 ],
						[ 114.3551398137, 22.3361689254 ],
						[ 114.3557242569, 22.3362056768 ],
						[ 114.3555959533, 22.3359733992 ],
						[ 114.3556717766, 22.3357840353 ],
						[ 114.3560186059, 22.3357123109 ],
						[ 114.3560609994, 22.3354942215 ],
						[ 114.3562742274, 22.3353979095 ],
						[ 114.3570255829, 22.3353913234 ],
						[ 114.3575195942, 22.335798674 ],
						[ 114.3576445717, 22.336324934 ],
						[ 114.3581894031, 22.3363329584 ],
						[ 114.3587007795, 22.336292687 ],
						[ 114.3590472608, 22.3364240444 ],
						[ 114.3592145738, 22.3366862025 ],
						[ 114.3594154505, 22.3385033729 ],
						[ 114.3592695717, 22.3385570431 ],
						[ 114.3591975091, 22.3392618767 ],
						[ 114.3588114895, 22.3396368343 ],
						[ 114.3593171262, 22.3399359982 ],
						[ 114.3598292242, 22.340438819 ],
						[ 114.359822782, 22.340716705 ],
						[ 114.3603049122, 22.3414749869 ],
						[ 114.3611021687, 22.3410776956 ],
						[ 114.3614919387, 22.3411934659 ],
						[ 114.361251883, 22.3415843732 ],
						[ 114.3608198806, 22.3418057784 ],
						[ 114.3608231819, 22.3419616869 ],
						[ 114.3612737775, 22.3422442277 ],
						[ 114.3612308346, 22.3425123661 ],
						[ 114.3609522053, 22.3427313032 ],
						[ 114.3605438938, 22.3426184335 ],
						[ 114.3602700884, 22.3427487564 ],
						[ 114.3603262046, 22.3435696589 ],
						[ 114.3598042312, 22.3445103098 ],
						[ 114.3593842191, 22.3449129224 ],
						[ 114.3591776049, 22.3453492396 ],
						[ 114.3591117221, 22.3455759801 ],
						[ 114.3594622118, 22.3463965511 ],
						[ 114.3596948348, 22.3469284489 ],
						[ 114.3596679773, 22.3476758099 ],
						[ 114.3601311134, 22.3480779939 ],
						[ 114.3598395294, 22.3488089657 ],
						[ 114.3593416566, 22.3492789796 ],
						[ 114.3593359131, 22.3496172696 ],
						[ 114.3592110743, 22.3496893204 ],
						[ 114.3594575891, 22.3499640403 ],
						[ 114.3592755751, 22.3503013821 ],
						[ 114.3594247466, 22.3503886566 ],
						[ 114.3593964023, 22.3514196406 ],
						[ 114.3595180381, 22.3517416766 ],
						[ 114.3604346337, 22.3522221748 ],
						[ 114.3614940983, 22.3522209703 ],
						[ 114.361904361, 22.3519150083 ],
						[ 114.3620227366, 22.3516312513 ],
						[ 114.3632357128, 22.350806014 ],
						[ 114.3640749927, 22.3498937574 ],
						[ 114.3643697008, 22.3492053535 ],
						[ 114.3654650269, 22.3492213389 ],
						[ 114.3652617242, 22.3498078193 ],
						[ 114.3655753343, 22.3498379412 ],
						[ 114.365439034, 22.3501269052 ],
						[ 114.3660114408, 22.3503644178 ],
						[ 114.3665831664, 22.3500973756 ],
						[ 114.3667016081, 22.3498705706 ],
						[ 114.3670212895, 22.3498172676 ],
						[ 114.3668144487, 22.3500740947 ],
						[ 114.3672865411, 22.3502236908 ],
						[ 114.3674999833, 22.3507308649 ],
						[ 114.3670254173, 22.350584144 ],
						[ 114.3673062285, 22.3510590183 ],
						[ 114.3667519958, 22.3509975391 ],
						[ 114.3670079176, 22.3513596789 ],
						[ 114.3666616473, 22.3518755655 ],
						[ 114.364879512, 22.3525737625 ],
						[ 114.3635983164, 22.3527990395 ],
						[ 114.3637422209, 22.3535772684 ],
						[ 114.3638821106, 22.353659375 ],
						[ 114.3644966869, 22.3535085045 ],
						[ 114.3647108095, 22.3540634346 ],
						[ 114.3649996486, 22.3540682738 ],
						[ 114.3649456347, 22.354374399 ],
						[ 114.364523001, 22.3546861353 ],
						[ 114.3648122871, 22.3550159466 ],
						[ 114.3652026095, 22.3551865401 ],
						[ 114.3650817889, 22.3553170001 ],
						[ 114.3654651694, 22.355334913 ],
						[ 114.3655629812, 22.3551399204 ],
						[ 114.3654522636, 22.3550152024 ],
						[ 114.3661085728, 22.354506515 ],
						[ 114.3662881749, 22.3546840799 ],
						[ 114.3664729977, 22.3541494012 ],
						[ 114.3671757042, 22.3537688704 ],
						[ 114.3673037235, 22.3537658482 ],
						[ 114.3672523866, 22.354216369 ],
						[ 114.3676571752, 22.3539805933 ],
						[ 114.3679312831, 22.3540682906 ],
						[ 114.3682959726, 22.3539090762 ],
						[ 114.3683389286, 22.3541126817 ],
						[ 114.3693290273, 22.354037873 ],
						[ 114.3695947806, 22.3534432583 ],
						[ 114.3694596754, 22.3532420656 ],
						[ 114.3697732403, 22.3527889291 ],
						[ 114.3701934118, 22.3524996228 ],
						[ 114.3704216973, 22.3525534249 ],
						[ 114.3707311964, 22.351845432 ],
						[ 114.3710384989, 22.3517823468 ],
						[ 114.371264522, 22.3519834382 ],
						[ 114.3714292566, 22.3525890348 ],
						[ 114.3711434097, 22.3529546987 ],
						[ 114.3713266544, 22.3530816285 ],
						[ 114.3713083774, 22.3532801232 ],
						[ 114.3709586263, 22.3535037683 ],
						[ 114.3709773557, 22.3536314645 ],
						[ 114.371327774, 22.3538882061 ],
						[ 114.3719154743, 22.3539841529 ],
						[ 114.3727639906, 22.3535044658 ],
						[ 114.3734115308, 22.3534956259 ],
						[ 114.3738955003, 22.3532827573 ],
						[ 114.3740418145, 22.3535316861 ],
						[ 114.3737535084, 22.3539054127 ],
						[ 114.3742247937, 22.3539019582 ],
						[ 114.3742497347, 22.3540469038 ],
						[ 114.3741316559, 22.3545251324 ],
						[ 114.37379947, 22.3550052649 ],
						[ 114.373174282, 22.3554234146 ],
						[ 114.3734225703, 22.355738432 ],
						[ 114.3745169554, 22.3557458051 ],
						[ 114.3748086726, 22.3558679748 ],
						[ 114.374710431, 22.3561485737 ],
						[ 114.375125293, 22.3559424955 ],
						[ 114.3754756213, 22.3560100118 ],
						[ 114.3755128323, 22.3562759238 ],
						[ 114.3751320846, 22.356330393 ],
						[ 114.3748588524, 22.3564770669 ],
						[ 114.3748067115, 22.3566856001 ],
						[ 114.3744073272, 22.3568057151 ],
						[ 114.3744292345, 22.3572841792 ],
						[ 114.3747361914, 22.3579932235 ],
						[ 114.3753977226, 22.3578677564 ],
						[ 114.3761747683, 22.3572872685 ],
						[ 114.3763463556, 22.3572179556 ],
						[ 114.376881549, 22.3573403993 ],
						[ 114.3769342226, 22.3575000298 ],
						[ 114.3769462161, 22.3575975716 ],
						[ 114.3769926879, 22.3577856559 ],
						[ 114.3773729516, 22.3578316384 ],
						[ 114.3775921645, 22.3578876991 ],
						[ 114.3777027008, 22.3583509537 ],
						[ 114.377046447, 22.3591461626 ],
						[ 114.3763037173, 22.3592783197 ],
						[ 114.3757074777, 22.3597023764 ],
						[ 114.3751117743, 22.3596229703 ],
						[ 114.3748659639, 22.3597428983 ],
						[ 114.3745434988, 22.3595092666 ],
						[ 114.374503256, 22.3593095608 ],
						[ 114.3741404508, 22.3592467085 ],
						[ 114.374042109, 22.3594587835 ],
						[ 114.3741392208, 22.3595521761 ],
						[ 114.3745197263, 22.3599181069 ],
						[ 114.3768532431, 22.3632723237 ],
						[ 114.3769726757, 22.3634439905 ],
						[ 114.3771752485, 22.3632097144 ],
						[ 114.3774548697, 22.3631576865 ],
						[ 114.377947002, 22.3632691536 ],
						[ 114.3778786255, 22.363048569 ],
						[ 114.3780695004, 22.3629316126 ],
						[ 114.3792519612, 22.3629243318 ],
						[ 114.3800020866, 22.3631405759 ],
						[ 114.3805065568, 22.3635830147 ],
						[ 114.3810685568, 22.3653708522 ],
						[ 114.3810169935, 22.3659713554 ],
						[ 114.3807467606, 22.3660460261 ],
						[ 114.3809188988, 22.366348927 ],
						[ 114.3808305938, 22.3665888704 ],
						[ 114.3803946412, 22.3669093789 ],
						[ 114.3800993549, 22.3669294997 ],
						[ 114.3794171755, 22.3666475557 ],
						[ 114.3798080793, 22.3671243912 ],
						[ 114.3798271518, 22.3673612916 ],
						[ 114.379680083, 22.3675536902 ],
						[ 114.3794459535, 22.3675534054 ],
						[ 114.3794532507, 22.3678524504 ],
						[ 114.3773683972, 22.3690396678 ],
						[ 114.3759951385, 22.3692614457 ],
						[ 114.3759584338, 22.3697916716 ],
						[ 114.3757656276, 22.3698761091 ],
						[ 114.3760769056, 22.3705609424 ],
						[ 114.3757361214, 22.3706420762 ],
						[ 114.3760186166, 22.3708385846 ],
						[ 114.3756554589, 22.3709934978 ],
						[ 114.3758017845, 22.3715902791 ],
						[ 114.3756884692, 22.3718192061 ],
						[ 114.3749822101, 22.3721859158 ],
						[ 114.37487249, 22.372740613 ],
						[ 114.3743207941, 22.3738039599 ],
						[ 114.374483659, 22.37417831 ],
						[ 114.3749172855, 22.373951891 ],
						[ 114.3753443162, 22.3739229126 ],
						[ 114.3759373596, 22.3742874405 ],
						[ 114.3759905222, 22.3747937421 ],
						[ 114.3757115628, 22.3753283201 ],
						[ 114.3756620773, 22.3760908346 ],
						[ 114.3763941676, 22.3761768338 ],
						[ 114.3763760801, 22.3758376979 ],
						[ 114.3763780231, 22.3758383638 ],
						[ 114.3769232242, 22.3760242425 ],
						[ 114.3782497713, 22.3745377579 ],
						[ 114.3792003629, 22.3738780684 ],
						[ 114.3792524564, 22.3740667315 ],
						[ 114.3794638499, 22.3738812245 ],
						[ 114.379904195, 22.3739886772 ],
						[ 114.3800913014, 22.3738484968 ],
						[ 114.3805433325, 22.373839214 ],
						[ 114.3807311046, 22.3741566251 ],
						[ 114.3812161188, 22.3740729689 ],
						[ 114.3814899931, 22.3743467163 ],
						[ 114.3816201718, 22.3749841495 ],
						[ 114.381543084, 22.37692145 ],
						[ 114.3817244805, 22.3771442103 ],
						[ 114.3818904554, 22.3772192873 ],
						[ 114.3821337198, 22.3775711679 ],
						[ 114.3820952112, 22.377796979 ],
						[ 114.3821922312, 22.3777426729 ],
						[ 114.3822114788, 22.3776252521 ],
						[ 114.382086949, 22.3773673188 ],
						[ 114.3816810262, 22.3768904995 ],
						[ 114.3816871057, 22.3767784144 ],
						[ 114.3820395818, 22.3767035927 ],
						[ 114.3824742068, 22.3766113363 ],
						[ 114.3822271824, 22.3763433722 ],
						[ 114.3823742208, 22.3757032579 ],
						[ 114.3828184582, 22.3746365351 ],
						[ 114.3830450954, 22.3746246333 ],
						[ 114.3829773834, 22.3744359913 ],
						[ 114.3831065456, 22.3743789256 ],
						[ 114.3828232222, 22.3740535114 ],
						[ 114.3829721114, 22.3729790363 ],
						[ 114.3835816648, 22.3718232585 ],
						[ 114.3835756768, 22.3715753068 ],
						[ 114.3841949959, 22.371120407 ],
						[ 114.3843795256, 22.3709308642 ],
						[ 114.3845855098, 22.3708963383 ],
						[ 114.3855018432, 22.3694893009 ],
						[ 114.3852433394, 22.3690581748 ],
						[ 114.3853659197, 22.3687775387 ],
						[ 114.3851900913, 22.3685152937 ],
						[ 114.385410969, 22.3680005147 ],
						[ 114.3856411548, 22.3678689777 ],
						[ 114.3859251057, 22.3669476267 ],
						[ 114.386587554, 22.3661297261 ],
						[ 114.3873310298, 22.3656432994 ],
						[ 114.3877917502, 22.3656194732 ],
						[ 114.3880069736, 22.3659165128 ],
						[ 114.3882771706, 22.365827309 ],
						[ 114.3881358411, 22.365670706 ],
						[ 114.3887314632, 22.3652640245 ],
						[ 114.389467726, 22.3649715455 ],
						[ 114.3897625893, 22.3650855563 ],
						[ 114.3898802926, 22.365302585 ],
						[ 114.3893646202, 22.3657294934 ],
						[ 114.3899453222, 22.3657798335 ],
						[ 114.3894486717, 22.3664006652 ],
						[ 114.3897931207, 22.3662771086 ],
						[ 114.3902437902, 22.3658049876 ],
						[ 114.390562915, 22.365859156 ],
						[ 114.3907595178, 22.3662293725 ],
						[ 114.3907212056, 22.3664901607 ],
						[ 114.3903003539, 22.366867586 ],
						[ 114.389778576, 22.3669791858 ],
						[ 114.3899721872, 22.3674318736 ],
						[ 114.389641308, 22.3678550536 ],
						[ 114.3910109883, 22.3673614011 ],
						[ 114.391459701, 22.3676465046 ],
						[ 114.3914834963, 22.3689182016 ],
						[ 114.3913305057, 22.3693045665 ],
						[ 114.3910784626, 22.3694332326 ],
						[ 114.3912547504, 22.3699875618 ],
						[ 114.3908839053, 22.3708172868 ],
						[ 114.3906630626, 22.3709313991 ],
						[ 114.3900386948, 22.3705176057 ],
						[ 114.3900919944, 22.3710749969 ],
						[ 114.3899145144, 22.3717894884 ],
						[ 114.3894728849, 22.3720641628 ],
						[ 114.3894821766, 22.3724282419 ],
						[ 114.3887335771, 22.3732625215 ],
						[ 114.3883549711, 22.3743436956 ],
						[ 114.38811245, 22.3745809364 ],
						[ 114.3876119283, 22.3747331478 ],
						[ 114.3876370376, 22.3752359959 ],
						[ 114.38722562, 22.3752655644 ],
						[ 114.387271966, 22.3757765215 ],
						[ 114.3869463036, 22.3759546376 ],
						[ 114.3871033934, 22.3762029706 ],
						[ 114.3870393895, 22.376405716 ],
						[ 114.3864868712, 22.3768611179 ],
						[ 114.3867877976, 22.3768462067 ],
						[ 114.3867157222, 22.3771254958 ],
						[ 114.3866909602, 22.3772214588 ],
						[ 114.3867953237, 22.3772805544 ],
						[ 114.3871786986, 22.3768654397 ],
						[ 114.3877348705, 22.3767677464 ],
						[ 114.3880486691, 22.3770019311 ],
						[ 114.3884475924, 22.3769642494 ],
						[ 114.3882662539, 22.3767867936 ],
						[ 114.3882934126, 22.3765811881 ],
						[ 114.3885298576, 22.3764525467 ],
						[ 114.3887172276, 22.3764836643 ],
						[ 114.3885979881, 22.3767196245 ],
						[ 114.3891971903, 22.3767739613 ],
						[ 114.3900046662, 22.3764622238 ],
						[ 114.3905621522, 22.3772210426 ],
						[ 114.390739954, 22.3767150192 ],
						[ 114.3908873191, 22.3767264375 ],
						[ 114.3908750294, 22.376855373 ],
						[ 114.3911734214, 22.3768091031 ],
						[ 114.391277441, 22.3770545945 ],
						[ 114.3915204998, 22.3771686705 ],
						[ 114.3915515206, 22.3774456214 ],
						[ 114.3913463085, 22.3775835182 ],
						[ 114.3914265461, 22.3777889727 ],
						[ 114.3918043767, 22.3778372539 ],
						[ 114.3916819496, 22.3782142857 ],
						[ 114.3913625255, 22.3783889166 ],
						[ 114.3913755787, 22.378758228 ],
						[ 114.3908159829, 22.3794778678 ],
						[ 114.3909590044, 22.3795043908 ],
						[ 114.3910634293, 22.3796012219 ],
						[ 114.3914659976, 22.3794921058 ],
						[ 114.3909108437, 22.3802669072 ],
						[ 114.3912691657, 22.3802089446 ],
						[ 114.3912921848, 22.3805613919 ],
						[ 114.3904703819, 22.3813226109 ],
						[ 114.3903103104, 22.3811770702 ],
						[ 114.3900918598, 22.3812342594 ],
						[ 114.3901293278, 22.3816459277 ],
						[ 114.3898684967, 22.3817577617 ],
						[ 114.390132736, 22.3818369721 ],
						[ 114.3898628577, 22.3821549658 ],
						[ 114.3901524664, 22.3824861564 ],
						[ 114.3906370227, 22.3820877421 ],
						[ 114.3910517392, 22.3821644312 ],
						[ 114.3910675551, 22.3822962282 ],
						[ 114.3905580503, 22.3827115185 ],
						[ 114.3901895322, 22.3826399959 ],
						[ 114.3902821624, 22.3831897938 ],
						[ 114.3900738906, 22.3837858544 ],
						[ 114.3903517852, 22.3842140473 ],
						[ 114.3901460423, 22.3848263684 ],
						[ 114.390312243, 22.384900479 ],
						[ 114.39028503, 22.3850694932 ],
						[ 114.3901410034, 22.3852090505 ],
						[ 114.3903291249, 22.3853237784 ],
						[ 114.3897450582, 22.3855788916 ],
						[ 114.3901329094, 22.3856323919 ],
						[ 114.3904493305, 22.38594032 ],
						[ 114.3906657283, 22.3865747321 ],
						[ 114.3899417045, 22.3875988675 ],
						[ 114.3905871059, 22.3874290377 ],
						[ 114.390704383, 22.3877604636 ],
						[ 114.3900813258, 22.3882496453 ],
						[ 114.3896080594, 22.3882903367 ],
						[ 114.3895066208, 22.3885134596 ],
						[ 114.3897129786, 22.3887083006 ],
						[ 114.389320047, 22.3890107782 ],
						[ 114.3888834742, 22.3889550191 ],
						[ 114.3886997816, 22.3892920693 ],
						[ 114.3881714038, 22.3892242374 ],
						[ 114.387424016, 22.3896827953 ],
						[ 114.3870044777, 22.3897454797 ],
						[ 114.3870935431, 22.3900089996 ],
						[ 114.3868327411, 22.3901521824 ],
						[ 114.386906834, 22.3904232713 ],
						[ 114.3867104462, 22.3906267751 ],
						[ 114.3860159474, 22.3905504372 ],
						[ 114.3857168149, 22.3901216957 ],
						[ 114.3851698284, 22.3897141696 ],
						[ 114.3852274559, 22.389416785 ],
						[ 114.3844499295, 22.3893486747 ],
						[ 114.3837179407, 22.3909436178 ],
						[ 114.3831472145, 22.3913792906 ],
						[ 114.3830245727, 22.3916343682 ],
						[ 114.3826931073, 22.3917120281 ],
						[ 114.3824006271, 22.3915492194 ],
						[ 114.3820097371, 22.3915584302 ],
						[ 114.381429242, 22.3917275658 ],
						[ 114.3816728415, 22.3921987837 ],
						[ 114.3813802702, 22.3936799257 ],
						[ 114.3808641366, 22.3938797538 ],
						[ 114.380932072, 22.39422344 ],
						[ 114.380502918, 22.3945497463 ],
						[ 114.3802296342, 22.3951354273 ],
						[ 114.3799445055, 22.3953100015 ],
						[ 114.3801040734, 22.3955327814 ],
						[ 114.3796384338, 22.3961105756 ],
						[ 114.3786359934, 22.3959980187 ],
						[ 114.3775308971, 22.3970219954 ],
						[ 114.3769968903, 22.3969599406 ],
						[ 114.3765179138, 22.3965209476 ],
						[ 114.3767165456, 22.3974294926 ],
						[ 114.3765590969, 22.3982461408 ],
						[ 114.3762604766, 22.3981611444 ],
						[ 114.3761932762, 22.3983331132 ],
						[ 114.3758797625, 22.3983189784 ],
						[ 114.3757196947, 22.3981792302 ],
						[ 114.3753401376, 22.3982633188 ],
						[ 114.3748559978, 22.3981483495 ],
						[ 114.3743452484, 22.3977575936 ],
						[ 114.3744404012, 22.3974833845 ],
						[ 114.3742864078, 22.3972147175 ],
						[ 114.3729577214, 22.396464909 ],
						[ 114.3717693353, 22.3951144931 ],
						[ 114.3712187912, 22.3948294587 ],
						[ 114.3706185193, 22.3942645825 ],
						[ 114.3699803808, 22.3941931924 ],
						[ 114.3700582942, 22.3943556479 ],
						[ 114.3698388653, 22.3944850096 ],
						[ 114.3700753877, 22.3948279213 ],
						[ 114.3705032945, 22.3949360008 ],
						[ 114.3706041128, 22.3946815368 ],
						[ 114.3713328534, 22.3951260539 ],
						[ 114.3715374071, 22.3962749987 ],
						[ 114.3718381341, 22.3960859085 ],
						[ 114.3716979508, 22.3967608434 ],
						[ 114.3710657557, 22.3975019943 ],
						[ 114.3711217104, 22.3977731122 ],
						[ 114.3714289499, 22.3977669361 ],
						[ 114.3716479835, 22.3981040508 ],
						[ 114.3704685189, 22.3982320657 ],
						[ 114.3696746694, 22.3981325504 ],
						[ 114.3695042732, 22.399097867 ],
						[ 114.3692356426, 22.3994773763 ],
						[ 114.3685187081, 22.3999137493 ],
						[ 114.3682897673, 22.4006429601 ],
						[ 114.3680646568, 22.4007946223 ],
						[ 114.36786783, 22.4007147186 ],
						[ 114.3677752238, 22.4010371164 ],
						[ 114.3666646604, 22.4017991327 ],
						[ 114.3668119134, 22.401995833 ],
						[ 114.3669371844, 22.4020175214 ],
						[ 114.3670398102, 22.4016697729 ],
						[ 114.3673829391, 22.4014185114 ],
						[ 114.3678135302, 22.4011892074 ],
						[ 114.3683786799, 22.4011769257 ],
						[ 114.3686674681, 22.400925148 ],
						[ 114.3691095142, 22.4003985078 ],
						[ 114.3697237516, 22.4002096354 ],
						[ 114.370694988, 22.4003257705 ],
						[ 114.3707564994, 22.4005486861 ],
						[ 114.3706109643, 22.4007395299 ],
						[ 114.3713685245, 22.4005647927 ],
						[ 114.371442041, 22.4004392711 ],
						[ 114.3717588669, 22.4005898698 ],
						[ 114.3721821992, 22.4005382555 ],
						[ 114.3722537638, 22.4008093539 ],
						[ 114.371986694, 22.4009612438 ],
						[ 114.3720514686, 22.4012869307 ],
						[ 114.3731728805, 22.4011578188 ],
						[ 114.3732627406, 22.4015508419 ],
						[ 114.3739174243, 22.4017050893 ],
						[ 114.3734453675, 22.4020547999 ],
						[ 114.37413983, 22.4022071196 ],
						[ 114.374561123, 22.4024754599 ],
						[ 114.3740113855, 22.4027937779 ],
						[ 114.3734252085, 22.4034030547 ],
						[ 114.3740863726, 22.4037111815 ],
						[ 114.3744149346, 22.4033217118 ],
						[ 114.37465229, 22.4033562611 ],
						[ 114.3748973151, 22.4030667786 ],
						[ 114.3751608315, 22.4030519436 ],
						[ 114.3751495116, 22.4034381181 ],
						[ 114.3745041256, 22.4036845371 ],
						[ 114.374446207, 22.403796098 ],
						[ 114.3746335689, 22.4038045833 ],
						[ 114.3746128081, 22.4041361802 ],
						[ 114.3741549536, 22.404513617 ],
						[ 114.3743067256, 22.4049710142 ],
						[ 114.3747647844, 22.4051760235 ],
						[ 114.3750474689, 22.4054642816 ],
						[ 114.3750540743, 22.4057186164 ],
						[ 114.374903565, 22.4057158931 ],
						[ 114.3747660961, 22.4061022221 ],
						[ 114.3741885418, 22.4061882931 ],
						[ 114.3739271714, 22.406399988 ],
						[ 114.3745767796, 22.4069247223 ],
						[ 114.3745468171, 22.4073771127 ],
						[ 114.3747741782, 22.4073994828 ],
						[ 114.374854674, 22.4077919383 ],
						[ 114.3746091012, 22.4081394872 ],
						[ 114.3738968679, 22.4083888933 ],
						[ 114.3735957689, 22.4087719438 ],
						[ 114.3738849306, 22.4089046554 ],
						[ 114.3745156672, 22.4091941422 ],
						[ 114.3751927884, 22.4101653961 ],
						[ 114.3752791745, 22.4107506261 ],
						[ 114.3740175269, 22.4115726864 ],
						[ 114.3739392299, 22.4127388122 ],
						[ 114.3735525391, 22.4131103537 ],
						[ 114.3733753918, 22.4137162236 ],
						[ 114.3731207668, 22.4138524233 ],
						[ 114.3734186068, 22.4138021139 ],
						[ 114.3736144656, 22.4131793793 ],
						[ 114.3740286171, 22.4127898065 ],
						[ 114.3740946359, 22.4117810604 ],
						[ 114.3744058191, 22.4114514299 ],
						[ 114.3752675173, 22.4108992998 ],
						[ 114.3758988741, 22.4108590332 ],
						[ 114.3764420924, 22.4112067762 ],
						[ 114.3775654559, 22.4102135611 ],
						[ 114.3779518848, 22.4096730415 ],
						[ 114.3779241492, 22.4094924759 ],
						[ 114.3782185627, 22.4092354458 ],
						[ 114.3790915617, 22.4091768678 ],
						[ 114.3791079266, 22.4101227965 ],
						[ 114.378930283, 22.4103663263 ],
						[ 114.3790812008, 22.4106477793 ],
						[ 114.3785438643, 22.4109126638 ],
						[ 114.3785568531, 22.4112581618 ],
						[ 114.3782344589, 22.4115988494 ],
						[ 114.3779209645, 22.4116189803 ],
						[ 114.37781703, 22.4118734523 ],
						[ 114.3773651748, 22.4120911959 ],
						[ 114.3773960195, 22.4124350373 ],
						[ 114.3774026228, 22.4125086634 ],
						[ 114.3786998538, 22.4147043917 ],
						[ 114.3791012098, 22.4158414645 ],
						[ 114.3791522533, 22.4159044421 ],
						[ 114.3792582618, 22.4160352238 ],
						[ 114.3788096787, 22.416367356 ],
						[ 114.3790788921, 22.4163861819 ],
						[ 114.3792684907, 22.4166327376 ],
						[ 114.3794405929, 22.4164408958 ],
						[ 114.379643021, 22.4164923231 ],
						[ 114.3797606456, 22.417063577 ],
						[ 114.3802860943, 22.4171912479 ],
						[ 114.3803310603, 22.41726199 ],
						[ 114.3805114506, 22.4175457702 ],
						[ 114.3809108728, 22.4173367985 ],
						[ 114.3809142324, 22.4175022862 ],
						[ 114.3812122591, 22.4175762391 ],
						[ 114.3815124317, 22.4174109452 ],
						[ 114.3816099974, 22.417074022 ],
						[ 114.38188445, 22.4168297797 ],
						[ 114.3825972656, 22.4169630119 ],
						[ 114.3828535657, 22.4175369945 ],
						[ 114.3827646054, 22.4177798372 ],
						[ 114.3830014746, 22.4178881263 ],
						[ 114.3828337372, 22.4180671881 ],
						[ 114.3832849937, 22.4182849593 ],
						[ 114.3831866122, 22.4184883241 ],
						[ 114.3833466259, 22.4185705767 ],
						[ 114.3833438367, 22.4187993756 ],
						[ 114.3839929757, 22.4189384894 ],
						[ 114.3840977909, 22.4192815479 ],
						[ 114.384457945, 22.4195505268 ],
						[ 114.3843572008, 22.4198497083 ],
						[ 114.3846150145, 22.4197547199 ],
						[ 114.3848582826, 22.4199628836 ],
						[ 114.3848307659, 22.4203606919 ],
						[ 114.3851940249, 22.4206116584 ],
						[ 114.3851796009, 22.4209891314 ],
						[ 114.3847089235, 22.421161036 ],
						[ 114.3849186177, 22.4212005723 ],
						[ 114.3857978713, 22.4213663652 ],
						[ 114.3860370818, 22.4213590841 ],
						[ 114.3868619975, 22.4208429357 ],
						[ 114.3872035152, 22.4203402003 ],
						[ 114.3884000096, 22.4202108844 ],
						[ 114.3892194917, 22.4198236496 ],
						[ 114.389483725, 22.419851757 ],
						[ 114.3894959647, 22.4196804334 ],
						[ 114.3899326639, 22.419762315 ],
						[ 114.3900555246, 22.4200565633 ],
						[ 114.3904644563, 22.4199480191 ],
						[ 114.391122252, 22.4200237984 ],
						[ 114.3914512373, 22.4203206708 ],
						[ 114.3924634287, 22.4205649601 ],
						[ 114.393240021, 22.419909477 ],
						[ 114.3930732989, 22.4195328329 ],
						[ 114.393093615, 22.4189410862 ],
						[ 114.3933209473, 22.4189309025 ],
						[ 114.3936344048, 22.4184775425 ],
						[ 114.3945592342, 22.4183758444 ],
						[ 114.3946661366, 22.4180417998 ],
						[ 114.3949976756, 22.4179757374 ],
						[ 114.3950988057, 22.4175412457 ],
						[ 114.3948707371, 22.4170781566 ],
						[ 114.3949000437, 22.416246567 ],
						[ 114.3944166708, 22.4158697642 ],
						[ 114.395782884, 22.4148650703 ],
						[ 114.3960077418, 22.4148792774 ],
						[ 114.3963140749, 22.4142731989 ],
						[ 114.3974543991, 22.4142112596 ],
						[ 114.3976384005, 22.4140565426 ],
						[ 114.3975457322, 22.41390801 ],
						[ 114.3983814553, 22.4135613528 ],
						[ 114.3981688494, 22.4133955652 ],
						[ 114.3982506014, 22.4125697095 ],
						[ 114.3983921185, 22.4124092523 ],
						[ 114.399165661, 22.4118484018 ],
						[ 114.4006711482, 22.411677915 ],
						[ 114.4010310514, 22.4117831085 ],
						[ 114.4009798333, 22.4125549212 ],
						[ 114.401656202, 22.4125481751 ],
						[ 114.4017657636, 22.4119365534 ],
						[ 114.4024292838, 22.411709732 ],
						[ 114.4027188954, 22.4119921248 ],
						[ 114.4028170832, 22.4116894497 ],
						[ 114.4033913517, 22.4114970197 ],
						[ 114.4035115515, 22.411676864 ],
						[ 114.4034503343, 22.4120538173 ],
						[ 114.4044403551, 22.4121273336 ],
						[ 114.4045117443, 22.4126301203 ],
						[ 114.4041965706, 22.4135329578 ],
						[ 114.4050773839, 22.4125114391 ],
						[ 114.4053077969, 22.4124797508 ],
						[ 114.405572179, 22.4126053876 ],
						[ 114.4057040913, 22.4126876668 ],
						[ 114.4053335485, 22.4133373985 ],
						[ 114.405124436, 22.4134004104 ],
						[ 114.4050738463, 22.4141687374 ],
						[ 114.4046592918, 22.4146414247 ],
						[ 114.4038666773, 22.4149909526 ],
						[ 114.4036190512, 22.4155743144 ],
						[ 114.40376985, 22.4157425113 ],
						[ 114.4040219829, 22.4156312452 ],
						[ 114.4043293901, 22.4157051332 ],
						[ 114.4042839915, 22.4162109829 ],
						[ 114.4043666697, 22.4163508112 ],
						[ 114.4049271266, 22.4164928735 ],
						[ 114.4048415424, 22.4168640549 ],
						[ 114.4044361051, 22.4171851709 ],
						[ 114.4039573033, 22.4173315958 ],
						[ 114.403750016, 22.4169916021 ],
						[ 114.4030773657, 22.4169925453 ],
						[ 114.4026780664, 22.4172561605 ],
						[ 114.4026137917, 22.4176731856 ],
						[ 114.4029314728, 22.4183074365 ],
						[ 114.403316311, 22.4183725127 ],
						[ 114.4036124875, 22.418836072 ],
						[ 114.4032994951, 22.41917331 ],
						[ 114.403323687, 22.4194531744 ],
						[ 114.4025957468, 22.4196510476 ],
						[ 114.4022668787, 22.4194343248 ],
						[ 114.4015393963, 22.4203040569 ],
						[ 114.4008756001, 22.4203851148 ],
						[ 114.4007559453, 22.4205478736 ],
						[ 114.4002922434, 22.4203859226 ],
						[ 114.3997909863, 22.4205608212 ],
						[ 114.3996290843, 22.4208670679 ],
						[ 114.399284296, 22.4208501233 ],
						[ 114.3988467123, 22.4217937643 ],
						[ 114.3979646412, 22.4220864854 ],
						[ 114.3974580502, 22.4224506891 ],
						[ 114.3976363352, 22.4226298802 ],
						[ 114.3974555043, 22.4228188542 ],
						[ 114.3967763225, 22.4230508962 ],
						[ 114.3970388655, 22.4235853478 ],
						[ 114.397284456, 22.4236674788 ],
						[ 114.3974478876, 22.4239244966 ],
						[ 114.3971329103, 22.424602597 ],
						[ 114.3975345472, 22.4250114343 ],
						[ 114.3980068324, 22.4254579211 ],
						[ 114.3977471881, 22.4263734472 ],
						[ 114.3978670805, 22.4267420226 ],
						[ 114.3972011514, 22.4270803093 ],
						[ 114.3966410289, 22.4267779571 ],
						[ 114.3967555274, 22.4273004192 ],
						[ 114.3968604791, 22.427706185 ],
						[ 114.3968303406, 22.4280035348 ],
						[ 114.3962850705, 22.4284078553 ],
						[ 114.3959742099, 22.428933803 ],
						[ 114.3949297363, 22.4292580815 ],
						[ 114.3952164442, 22.4296636028 ],
						[ 114.3958498479, 22.4300854864 ],
						[ 114.396575773, 22.4301588299 ],
						[ 114.3964715791, 22.4306304862 ],
						[ 114.3970866079, 22.4304891262 ],
						[ 114.3974679728, 22.4307092641 ],
						[ 114.3979874569, 22.4305796444 ],
						[ 114.3982218621, 22.4310793017 ],
						[ 114.3985571299, 22.4313732516 ],
						[ 114.3988683005, 22.4314419249 ],
						[ 114.3985398127, 22.4318761525 ],
						[ 114.3987012102, 22.4328137401 ],
						[ 114.3986549006, 22.4331535101 ],
						[ 114.3984557643, 22.4332310207 ],
						[ 114.3983224365, 22.4334477982 ],
						[ 114.3988806011, 22.4336787252 ],
						[ 114.3986655863, 22.4339850436 ],
						[ 114.3988751247, 22.4341624472 ],
						[ 114.3991025691, 22.4342074309 ],
						[ 114.3993685109, 22.4337169657 ],
						[ 114.3996184316, 22.4337613308 ],
						[ 114.3998526143, 22.4341146478 ],
						[ 114.4001699595, 22.4341345367 ],
						[ 114.4001588341, 22.4344300996 ],
						[ 114.4004369803, 22.4343199861 ],
						[ 114.4005052891, 22.4344598359 ],
						[ 114.4002836188, 22.4345089251 ],
						[ 114.4006533578, 22.43486553 ],
						[ 114.4005865222, 22.43525701 ],
						[ 114.4012632019, 22.4357618556 ],
						[ 114.4013035802, 22.4360138203 ],
						[ 114.4008830381, 22.436308236 ],
						[ 114.400602954, 22.4361570579 ],
						[ 114.4003571378, 22.4363432172 ],
						[ 114.399747766, 22.4361297858 ],
						[ 114.3988389459, 22.4361565939 ],
						[ 114.3985611292, 22.4358596581 ],
						[ 114.3982076336, 22.4358944045 ],
						[ 114.3981311004, 22.4360803283 ],
						[ 114.397678752, 22.4360153326 ],
						[ 114.3971651398, 22.4355270912 ],
						[ 114.39678096, 22.435513681 ],
						[ 114.3967663601, 22.4345706542 ],
						[ 114.3961972505, 22.4357258409 ],
						[ 114.3956658393, 22.4358264474 ],
						[ 114.3956942099, 22.4359601675 ],
						[ 114.3957526834, 22.4362357147 ],
						[ 114.3955099475, 22.4363957285 ],
						[ 114.3955320596, 22.4369554851 ],
						[ 114.3953017263, 22.437059159 ],
						[ 114.3950397899, 22.4369311819 ],
						[ 114.3950411256, 22.4377853763 ],
						[ 114.3947482472, 22.437836875 ],
						[ 114.3946487047, 22.4380971575 ],
						[ 114.3947718019, 22.4385197323 ],
						[ 114.3944249107, 22.4387890628 ],
						[ 114.3939691197, 22.4381207211 ],
						[ 114.3935879133, 22.4380184491 ],
						[ 114.3934292945, 22.4376452812 ],
						[ 114.3926114441, 22.4367224921 ],
						[ 114.391920308, 22.4369493101 ],
						[ 114.3918494458, 22.4371776122 ],
						[ 114.3920338633, 22.4372691156 ],
						[ 114.3915035724, 22.4381100838 ],
						[ 114.3921083883, 22.4394152485 ],
						[ 114.3919304563, 22.439884101 ],
						[ 114.3924442981, 22.4401261442 ],
						[ 114.3920850464, 22.4404866572 ],
						[ 114.3916608701, 22.4404674726 ],
						[ 114.391410839, 22.4399533152 ],
						[ 114.391320833, 22.4391044673 ],
						[ 114.3907551907, 22.4388938427 ],
						[ 114.3905942598, 22.4386368153 ],
						[ 114.390278132, 22.4386058709 ],
						[ 114.3889099553, 22.4384903776 ],
						[ 114.388480028, 22.4387998723 ],
						[ 114.3879696527, 22.438780213 ],
						[ 114.3870628593, 22.4385084698 ],
						[ 114.3865051347, 22.4381567196 ],
						[ 114.3858473966, 22.438174992 ],
						[ 114.3845251751, 22.4378764818 ],
						[ 114.3835828569, 22.436802827 ],
						[ 114.3821063146, 22.4360474916 ],
						[ 114.3814853819, 22.4360256315 ],
						[ 114.3799653659, 22.4362888641 ],
						[ 114.3781235475, 22.43690961 ],
						[ 114.377631695, 22.4371732696 ],
						[ 114.3768946518, 22.4376369937 ],
						[ 114.3767044316, 22.4378486044 ],
						[ 114.3766165059, 22.4383893377 ],
						[ 114.3750415353, 22.4382455276 ],
						[ 114.3747893629, 22.4379427127 ],
						[ 114.3742574992, 22.437740703 ],
						[ 114.3738055223, 22.4379352014 ],
						[ 114.3728926139, 22.4377336516 ],
						[ 114.3719873991, 22.4367800966 ],
						[ 114.3715380128, 22.4365895914 ],
						[ 114.3706649825, 22.4367584631 ],
						[ 114.3696886384, 22.4371997932 ],
						[ 114.3693573121, 22.4374690515 ],
						[ 114.369508611, 22.4380118165 ],
						[ 114.3688415835, 22.4403591852 ],
						[ 114.3685036273, 22.4408084621 ],
						[ 114.3681302387, 22.4418373076 ],
						[ 114.3676488495, 22.4424690858 ],
						[ 114.3675325878, 22.4433298043 ],
						[ 114.3665155875, 22.445026184 ],
						[ 114.366483621, 22.445079501 ],
						[ 114.3663139416, 22.4466289861 ],
						[ 114.3664371754, 22.4472164959 ],
						[ 114.3667890443, 22.4476721183 ],
						[ 114.3667763809, 22.4476684578 ],
						[ 114.3667914773, 22.4476752761 ],
						[ 114.3667890443, 22.4476721183 ],
						[ 114.3676256867, 22.4479142485 ],
						[ 114.3681208278, 22.4481865887 ],
						[ 114.3682010895, 22.448404253 ],
						[ 114.3686621922, 22.4489094902 ],
						[ 114.3691391924, 22.4491684839 ],
						[ 114.3694090412, 22.4496025251 ],
						[ 114.3700729401, 22.4539894188 ],
						[ 114.3696326168, 22.4545178 ],
						[ 114.3694916716, 22.4551468549 ],
						[ 114.3688471235, 22.4557306353 ],
						[ 114.3681159714, 22.4560346183 ],
						[ 114.3677965574, 22.4563607685 ],
						[ 114.367208074, 22.4572928871 ],
						[ 114.3671064649, 22.4579160869 ],
						[ 114.3665943367, 22.4584997019 ],
						[ 114.3650270798, 22.4591356525 ],
						[ 114.3636318425, 22.4594804653 ],
						[ 114.3613399285, 22.4606549329 ],
						[ 114.3609457868, 22.4607186773 ],
						[ 114.3607894274, 22.4605905245 ],
						[ 114.3608653031, 22.4603077502 ],
						[ 114.3612789627, 22.4601707291 ],
						[ 114.3615283156, 22.4599648576 ],
						[ 114.3614530917, 22.4596016144 ],
						[ 114.3615222952, 22.4595200268 ],
						[ 114.3610451241, 22.4588319044 ],
						[ 114.3610354981, 22.4586350616 ],
						[ 114.3610653299, 22.458043301 ],
						[ 114.3607196105, 22.4569229675 ],
						[ 114.3607922158, 22.4560773946 ],
						[ 114.3610283227, 22.4550940206 ],
						[ 114.3614420713, 22.4542875475 ],
						[ 114.3617977355, 22.4539555706 ],
						[ 114.3617611232, 22.4536733942 ],
						[ 114.3618091416, 22.4531356232 ],
						[ 114.3622638275, 22.4525834425 ],
						[ 114.361902852, 22.4517209466 ],
						[ 114.3621636319, 22.4514628291 ],
						[ 114.3621824365, 22.4514379919 ],
						[ 114.362238821, 22.4513634894 ],
						[ 114.3624519657, 22.4509222441 ],
						[ 114.3621655522, 22.451299557 ],
						[ 114.3620935666, 22.4513604504 ],
						[ 114.3620623288, 22.4513868731 ],
						[ 114.3617884407, 22.4516577836 ],
						[ 114.3606880472, 22.4514650946 ],
						[ 114.3595919293, 22.4521381934 ],
						[ 114.3589086728, 22.4522870464 ],
						[ 114.3585000342, 22.4522276984 ],
						[ 114.3579886793, 22.4514966018 ],
						[ 114.3576626195, 22.4515254223 ],
						[ 114.3573329225, 22.4511611161 ],
						[ 114.3569350326, 22.4497551272 ],
						[ 114.3564185102, 22.4498410673 ],
						[ 114.3555205938, 22.4491899411 ],
						[ 114.3550957386, 22.4491509299 ],
						[ 114.3548668155, 22.4494246869 ],
						[ 114.354921723, 22.4498572376 ],
						[ 114.3547249673, 22.4503690458 ],
						[ 114.3545408007, 22.4504691251 ],
						[ 114.3539966959, 22.4504807584 ],
						[ 114.3531784378, 22.4500815618 ],
						[ 114.3526061683, 22.4495595595 ],
						[ 114.35230993, 22.4489652557 ],
						[ 114.3524020557, 22.4487020994 ],
						[ 114.3530720326, 22.4484389001 ],
						[ 114.353984338, 22.4476429354 ],
						[ 114.3541091257, 22.4470319084 ],
						[ 114.3536521121, 22.4452688582 ],
						[ 114.3533711286, 22.4448725495 ],
						[ 114.3545980619, 22.444913014 ],
						[ 114.3549826804, 22.4452522965 ],
						[ 114.3550143032, 22.4455501572 ],
						[ 114.3562385816, 22.4459459864 ],
						[ 114.356558412, 22.445940411 ],
						[ 114.3566099817, 22.4457173654 ],
						[ 114.3563947699, 22.4454742982 ],
						[ 114.356344971, 22.4451259327 ],
						[ 114.355451377, 22.443926636 ],
						[ 114.3550048937, 22.4425868967 ],
						[ 114.3552893671, 22.4418003303 ],
						[ 114.3549070406, 22.4408066016 ],
						[ 114.3559656112, 22.4396388256 ],
						[ 114.3554575129, 22.4384681326 ],
						[ 114.3544088392, 22.4371040865 ],
						[ 114.3545625791, 22.436177133 ],
						[ 114.3542326169, 22.4350799909 ],
						[ 114.3544189872, 22.4347656262 ],
						[ 114.3551474292, 22.4343653081 ],
						[ 114.3552210363, 22.4337990545 ],
						[ 114.3544366852, 22.4334596341 ],
						[ 114.3541424294, 22.4331506739 ],
						[ 114.3539731072, 22.4319027267 ],
						[ 114.3541015622, 22.431245242 ],
						[ 114.3539871939, 22.4307024213 ],
						[ 114.3545216908, 22.4300636529 ],
						[ 114.3546524419, 22.4292447279 ],
						[ 114.3542668403, 22.4285930366 ],
						[ 114.3537770888, 22.42855002 ],
						[ 114.3535968528, 22.4283797045 ],
						[ 114.3535958714, 22.4283794979 ],
						[ 114.3535625922, 22.4283481806 ],
						[ 114.35356823, 22.4278679355 ],
						[ 114.3537829275, 22.4277306634 ],
						[ 114.3553572987, 22.4275146568 ],
						[ 114.3555716548, 22.4271201234 ],
						[ 114.3553809656, 22.4269792246 ],
						[ 114.3549543561, 22.426973889 ],
						[ 114.3547074186, 22.4268034405 ],
						[ 114.3547133699, 22.4265723178 ],
						[ 114.3554993289, 22.4257538339 ],
						[ 114.3559757591, 22.4256418164 ],
						[ 114.3561806262, 22.4251532226 ],
						[ 114.3561712317, 22.4246526844 ],
						[ 114.3556581062, 22.42487682 ],
						[ 114.3549570539, 22.4246801528 ],
						[ 114.3548654614, 22.4248579459 ],
						[ 114.3538657166, 22.4245524428 ],
						[ 114.3537263747, 22.4240189411 ],
						[ 114.3539756779, 22.4240837052 ],
						[ 114.3544558461, 22.4234775149 ],
						[ 114.3553267884, 22.4231983991 ],
						[ 114.3556400276, 22.4229559013 ],
						[ 114.3560571901, 22.4222018481 ],
						[ 114.3560961656, 22.4221313944 ],
						[ 114.3559571657, 22.4222023834 ],
						[ 114.3555993274, 22.4223851316 ],
						[ 114.3554231352, 22.4222052051 ],
						[ 114.3551659184, 22.4219425406 ],
						[ 114.3541203765, 22.4219576253 ],
						[ 114.3536198632, 22.4222723341 ],
						[ 114.3534259441, 22.4220437507 ],
						[ 114.3527957828, 22.4220763789 ],
						[ 114.3527752662, 22.4220434491 ],
						[ 114.3527281889, 22.4219678613 ],
						[ 114.352732278, 22.4219523245 ],
						[ 114.3528721615, 22.4212249951 ],
						[ 114.3526256258, 22.4219500475 ],
						[ 114.3526002711, 22.4220397204 ],
						[ 114.3520969817, 22.4221421487 ],
						[ 114.3515516403, 22.4226067329 ],
						[ 114.3513055339, 22.4225866804 ],
						[ 114.350784535, 22.4222059856 ],
						[ 114.350606604, 22.4215758606 ],
						[ 114.3502536223, 22.421504818 ],
						[ 114.3502132089, 22.4216477141 ],
						[ 114.349601651, 22.4215798461 ],
						[ 114.3493194269, 22.4216486708 ],
						[ 114.3486375238, 22.4222724804 ],
						[ 114.3485118508, 22.4226790927 ],
						[ 114.3480109151, 22.4226616266 ],
						[ 114.3479524834, 22.4228933828 ],
						[ 114.3476296863, 22.4229878036 ],
						[ 114.3475250869, 22.4227504042 ],
						[ 114.3472976692, 22.4226908356 ],
						[ 114.3473347908, 22.4229120425 ],
						[ 114.346824697, 22.423079815 ],
						[ 114.3466621132, 22.4234347924 ],
						[ 114.3469150676, 22.4234304626 ],
						[ 114.3471340567, 22.4237379987 ],
						[ 114.3472565459, 22.4243081064 ],
						[ 114.3471652505, 22.4247373386 ],
						[ 114.3473130633, 22.4250687537 ],
						[ 114.3483037069, 22.4256042674 ],
						[ 114.3487703135, 22.4256269978 ],
						[ 114.3500158231, 22.426168614 ],
						[ 114.3509024756, 22.4263549073 ],
						[ 114.3509817422, 22.4263905644 ],
						[ 114.3509709071, 22.4264413001 ],
						[ 114.3509219441, 22.4265364434 ],
						[ 114.3504261049, 22.4271059945 ],
						[ 114.3496302803, 22.4275493306 ],
						[ 114.3493931056, 22.4283260218 ],
						[ 114.3493640245, 22.4284212428 ],
						[ 114.3494877935, 22.4290099316 ],
						[ 114.3493409554, 22.4294670922 ],
						[ 114.3495994811, 22.4299214987 ],
						[ 114.3495725108, 22.4303332344 ],
						[ 114.3493547087, 22.4304879329 ],
						[ 114.3489417436, 22.4324423985 ],
						[ 114.3482816175, 22.4330458644 ],
						[ 114.3476864217, 22.4341323875 ],
						[ 114.347440022, 22.4349136816 ],
						[ 114.3471256798, 22.4353048146 ],
						[ 114.3470065571, 22.4359738969 ],
						[ 114.3470378877, 22.4365655923 ],
						[ 114.3475369064, 22.4370081348 ],
						[ 114.3476291219, 22.4373332233 ],
						[ 114.3471262494, 22.4383348684 ],
						[ 114.3466659275, 22.4388893343 ],
						[ 114.3463769072, 22.4390551297 ],
						[ 114.3459527406, 22.439035834 ],
						[ 114.3445157487, 22.4382975324 ],
						[ 114.3439350663, 22.4379833966 ],
						[ 114.3434174672, 22.4371378608 ],
						[ 114.3428605512, 22.4368469318 ],
						[ 114.3426840089, 22.4359900073 ],
						[ 114.3425182855, 22.435832813 ],
						[ 114.3423553097, 22.4358788547 ],
						[ 114.3423151609, 22.4357389512 ],
						[ 114.3421912171, 22.4349905631 ],
						[ 114.3422978321, 22.4342895563 ],
						[ 114.3420423796, 22.4337840409 ],
						[ 114.3420419534, 22.4334240066 ],
						[ 114.3423549707, 22.4329637838 ],
						[ 114.3419451686, 22.4324009294 ],
						[ 114.342077384, 22.4322213593 ],
						[ 114.3420688592, 22.4321015973 ],
						[ 114.3420462584, 22.4317841281 ],
						[ 114.3417320208, 22.4312182765 ],
						[ 114.3412694106, 22.4308923969 ],
						[ 114.3406405906, 22.4310451808 ],
						[ 114.3395547757, 22.4308621928 ],
						[ 114.3395127319, 22.4312263336 ],
						[ 114.3392545199, 22.4315581643 ],
						[ 114.3383202426, 22.4317077604 ],
						[ 114.3380809205, 22.4316278633 ],
						[ 114.3379322502, 22.4310792586 ],
						[ 114.3384923615, 22.4293099145 ],
						[ 114.3392697244, 22.429055948 ],
						[ 114.3396877114, 22.4286258132 ],
						[ 114.3404994654, 22.4289449596 ],
						[ 114.3406683749, 22.4286393425 ],
						[ 114.3414890492, 22.4285723058 ],
						[ 114.341531287, 22.4283528951 ],
						[ 114.3415374658, 22.4283208217 ],
						[ 114.340682661, 22.428033087 ],
						[ 114.3400868155, 22.428065044 ],
						[ 114.3399507262, 22.4275965644 ],
						[ 114.3397697805, 22.4277599182 ],
						[ 114.338863081, 22.4279634916 ],
						[ 114.3378649336, 22.4284935024 ],
						[ 114.33752014, 22.428490947 ],
						[ 114.3366033145, 22.4281120538 ],
						[ 114.3359177634, 22.4277347249 ],
						[ 114.3354379125, 22.4276010584 ],
						[ 114.3350182664, 22.4277503459 ],
						[ 114.3349534066, 22.427773419 ],
						[ 114.3348019657, 22.4277404977 ],
						[ 114.3345597983, 22.427687861 ],
						[ 114.3345106441, 22.4277272366 ],
						[ 114.3339451119, 22.4281803035 ],
						[ 114.3332258379, 22.4284318674 ],
						[ 114.3334690875, 22.4286778379 ],
						[ 114.3333031872, 22.4289004097 ],
						[ 114.3346128273, 22.4287307359 ],
						[ 114.3352970515, 22.4289733735 ],
						[ 114.335672469, 22.429697951 ],
						[ 114.3359330654, 22.4302009162 ],
						[ 114.3366035014, 22.4309319193 ],
						[ 114.3367852474, 22.431460174 ],
						[ 114.336969852, 22.4333867266 ],
						[ 114.3371571917, 22.4333429869 ],
						[ 114.3372125117, 22.4331060093 ],
						[ 114.3373599617, 22.4331430321 ],
						[ 114.3369194819, 22.4352211845 ],
						[ 114.3368952698, 22.4353524479 ],
						[ 114.336710851, 22.435768979 ],
						[ 114.3355477372, 22.4368484783 ],
						[ 114.3349148389, 22.4372892608 ],
						[ 114.3345370222, 22.4373790587 ],
						[ 114.3338963754, 22.4385010108 ],
						[ 114.3337237115, 22.4386620288 ],
						[ 114.3334179221, 22.4386746973 ],
						[ 114.3333266753, 22.4387082797 ],
						[ 114.3330541799, 22.4391318634 ],
						[ 114.332634326, 22.4392675541 ],
						[ 114.3326020799, 22.4392722449 ],
						[ 114.332536901, 22.4392669888 ],
						[ 114.3322442229, 22.4392433943 ],
						[ 114.3322707123, 22.4393729195 ],
						[ 114.3326207552, 22.4393893968 ],
						[ 114.3332911118, 22.4392977128 ],
						[ 114.3332695074, 22.4395317575 ],
						[ 114.3327900039, 22.4397430098 ],
						[ 114.332968901, 22.439958854 ],
						[ 114.3336142391, 22.440008167 ],
						[ 114.334399271, 22.4409620644 ],
						[ 114.3347159591, 22.4409443263 ],
						[ 114.334802403, 22.4411550392 ],
						[ 114.3350872815, 22.4406274912 ],
						[ 114.3352627704, 22.4405924797 ],
						[ 114.3356010352, 22.4408668081 ],
						[ 114.3368216381, 22.440868511 ],
						[ 114.3370551698, 22.4407823368 ],
						[ 114.3371957572, 22.4402677062 ],
						[ 114.3378509048, 22.440161362 ],
						[ 114.3381582159, 22.4401349302 ],
						[ 114.3388913764, 22.4405040917 ],
						[ 114.3392594624, 22.4411715224 ],
						[ 114.3397027778, 22.4415369077 ],
						[ 114.3403670939, 22.441781873 ],
						[ 114.3410224974, 22.4434739171 ],
						[ 114.3415601348, 22.4443502151 ],
						[ 114.3414428999, 22.4445239628 ],
						[ 114.3415644609, 22.4453646801 ],
						[ 114.3413868567, 22.4462620252 ],
						[ 114.3411385771, 22.4465590179 ],
						[ 114.3412818254, 22.4467272715 ],
						[ 114.3411602178, 22.4469021792 ],
						[ 114.3397707668, 22.4473321446 ],
						[ 114.3391384895, 22.4478013975 ],
						[ 114.338628124, 22.447813523 ],
						[ 114.3378288019, 22.448071563 ],
						[ 114.3378482277, 22.4486655921 ],
						[ 114.3384329825, 22.4492311883 ],
						[ 114.338864509, 22.4501743719 ],
						[ 114.338245215, 22.4521632838 ],
						[ 114.3373983668, 22.4534817122 ],
						[ 114.3370791668, 22.4535191986 ],
						[ 114.3369689057, 22.4537875838 ],
						[ 114.3372405616, 22.4553307933 ],
						[ 114.3377023906, 22.4554644715 ],
						[ 114.3382335636, 22.4566677138 ],
						[ 114.3383260399, 22.4577535108 ],
						[ 114.3385294692, 22.4580930132 ],
						[ 114.3384925199, 22.4585529512 ],
						[ 114.3387799153, 22.4596385522 ],
						[ 114.3379433872, 22.4618169833 ],
						[ 114.3378949656, 22.4626259307 ],
						[ 114.338350169, 22.4629483399 ],
						[ 114.339199425, 22.4631135657 ],
						[ 114.3401274397, 22.4627723452 ],
						[ 114.3405942168, 22.4623061558 ],
						[ 114.3411477779, 22.4623224347 ],
						[ 114.3415603933, 22.4614939525 ],
						[ 114.3418856637, 22.4612927024 ],
						[ 114.3430520647, 22.4612688568 ],
						[ 114.3439158188, 22.4604997115 ],
						[ 114.34476116, 22.4605354161 ],
						[ 114.345111894, 22.4607411969 ],
						[ 114.3456506498, 22.4614293292 ],
						[ 114.3463915553, 22.461379779 ],
						[ 114.3466928772, 22.4615281117 ],
						[ 114.34678011, 22.4623682812 ],
						[ 114.3470820981, 22.4625508828 ],
						[ 114.3473473419, 22.4634008787 ],
						[ 114.3469138916, 22.4644733357 ],
						[ 114.346200128, 22.4649800964 ],
						[ 114.3456571533, 22.4665896126 ],
						[ 114.3455058052, 22.467665608 ],
						[ 114.3450614029, 22.4682763196 ],
						[ 114.3444876593, 22.4685611398 ],
						[ 114.3443817935, 22.4692665422 ],
						[ 114.3436514496, 22.4703904371 ],
						[ 114.3436975723, 22.4709491996 ],
						[ 114.3438153306, 22.4715042215 ],
						[ 114.3441899553, 22.4720259166 ],
						[ 114.3439791249, 22.4729564197 ],
						[ 114.3435074936, 22.4743638074 ],
						[ 114.3433145613, 22.4745692586 ],
						[ 114.3429492959, 22.4752744666 ],
						[ 114.3429849399, 22.4761647635 ],
						[ 114.3425712396, 22.4772782303 ],
						[ 114.3421875697, 22.4783030319 ],
						[ 114.3417087003, 22.4786336733 ],
						[ 114.3412077936, 22.4787200457 ],
						[ 114.3404029218, 22.4778658847 ],
						[ 114.3398807369, 22.4766574154 ],
						[ 114.3394843926, 22.4761472101 ],
						[ 114.3392833077, 22.4753098797 ],
						[ 114.3386721552, 22.474894491 ],
						[ 114.3381984537, 22.474994607 ],
						[ 114.3375994993, 22.474443737 ],
						[ 114.3376111057, 22.474228829 ],
						[ 114.3378904933, 22.4740049305 ],
						[ 114.3384497697, 22.4739997836 ],
						[ 114.3386727491, 22.4732814086 ],
						[ 114.3392777906, 22.4726953596 ],
						[ 114.3396181575, 22.4713937178 ],
						[ 114.3393198829, 22.4702378202 ],
						[ 114.3388458614, 22.4696225501 ],
						[ 114.3384971445, 22.4688386275 ],
						[ 114.3385400413, 22.4679170228 ],
						[ 114.338293779, 22.4672932504 ],
						[ 114.3378385845, 22.4667133122 ],
						[ 114.336785806, 22.4667368633 ],
						[ 114.3362867467, 22.4662377772 ],
						[ 114.3365814711, 22.4647502227 ],
						[ 114.3370843493, 22.4634113993 ],
						[ 114.3371075885, 22.4630215876 ],
						[ 114.3359884852, 22.4623537407 ],
						[ 114.3357280532, 22.4624405177 ],
						[ 114.3357429599, 22.462911439 ],
						[ 114.3349498414, 22.4632118563 ],
						[ 114.3347616734, 22.4625605055 ],
						[ 114.3340326419, 22.4620693761 ],
						[ 114.3332358962, 22.4619156852 ],
						[ 114.3330361344, 22.4620680231 ],
						[ 114.3329017542, 22.4625710297 ],
						[ 114.3328350639, 22.4632737234 ],
						[ 114.3330538991, 22.4634153523 ],
						[ 114.3329664352, 22.4635878727 ],
						[ 114.3319079134, 22.4638869424 ],
						[ 114.3314166815, 22.463736344 ],
						[ 114.3310215883, 22.4634173074 ],
						[ 114.3307060503, 22.4628513657 ],
						[ 114.330522105, 22.4620901779 ],
						[ 114.3301150943, 22.461830417 ],
						[ 114.3301267122, 22.4615987126 ],
						[ 114.3297891182, 22.4613963725 ],
						[ 114.3298195597, 22.4612476849 ],
						[ 114.329167627, 22.4612538374 ],
						[ 114.329053361, 22.4614686072 ],
						[ 114.3287986283, 22.461180127 ],
						[ 114.328190389, 22.4614379481 ],
						[ 114.3277959482, 22.4612420416 ],
						[ 114.3276572576, 22.4606696068 ],
						[ 114.3266425268, 22.4605538341 ],
						[ 114.3271417639, 22.4611874855 ],
						[ 114.3267757463, 22.4612737686 ],
						[ 114.3271338199, 22.4619296124 ],
						[ 114.3268627812, 22.4626104328 ],
						[ 114.3268882813, 22.4630848399 ],
						[ 114.3271225546, 22.4634209867 ],
						[ 114.3274087829, 22.4643710442 ],
						[ 114.3275924391, 22.4651652419 ],
						[ 114.3279616752, 22.4657980907 ],
						[ 114.3284772737, 22.466086887 ],
						[ 114.328585259, 22.4668008018 ],
						[ 114.3283769239, 22.4678543405 ],
						[ 114.328608722, 22.4683872237 ],
						[ 114.3290560042, 22.4685406261 ],
						[ 114.3288168096, 22.4698334278 ],
						[ 114.329304538, 22.4708229437 ],
						[ 114.3296905861, 22.4709943095 ],
						[ 114.3303885603, 22.4708806852 ],
						[ 114.3309401728, 22.4706514912 ],
						[ 114.3310444682, 22.4702468655 ],
						[ 114.3315272528, 22.4703299706 ],
						[ 114.3308608152, 22.4712636477 ],
						[ 114.3311630127, 22.4720049265 ],
						[ 114.33122725, 22.4729089797 ],
						[ 114.3309526017, 22.4734371416 ],
						[ 114.3301030518, 22.4740690046 ],
						[ 114.3296092628, 22.4738770714 ],
						[ 114.3290388949, 22.4727751432 ],
						[ 114.3285907939, 22.4723375097 ],
						[ 114.3284781026, 22.4713926382 ],
						[ 114.3282688947, 22.471185289 ],
						[ 114.3279017595, 22.471142468 ],
						[ 114.3273180706, 22.4714120926 ],
						[ 114.3262733306, 22.4715912248 ],
						[ 114.3261001787, 22.4713792429 ],
						[ 114.3251820097, 22.4711798949 ],
						[ 114.3251347918, 22.4713847299 ],
						[ 114.3238690801, 22.4723868819 ],
						[ 114.3236875592, 22.4731281544 ],
						[ 114.3232622368, 22.4731960434 ],
						[ 114.3230574194, 22.4734083624 ],
						[ 114.3228747738, 22.4749729367 ],
						[ 114.3234839085, 22.47585078 ],
						[ 114.323698494, 22.4764768971 ],
						[ 114.3236649078, 22.4769517099 ],
						[ 114.3231508172, 22.4781272036 ],
						[ 114.3222735887, 22.4793278118 ],
						[ 114.3221265747, 22.4800125748 ],
						[ 114.3219030855, 22.4803337344 ],
						[ 114.3212784862, 22.4802663414 ],
						[ 114.3207997477, 22.479349796 ],
						[ 114.3204807198, 22.4780616415 ],
						[ 114.3205281465, 22.4770991755 ],
						[ 114.3204111618, 22.4767287262 ],
						[ 114.3202045279, 22.4766205453 ],
						[ 114.3193069531, 22.4767834274 ],
						[ 114.3177861611, 22.4772508228 ],
						[ 114.3168927965, 22.4771818143 ],
						[ 114.3163609658, 22.4769829925 ],
						[ 114.314486995, 22.4750661753 ],
						[ 114.3140128617, 22.4737400311 ],
						[ 114.3137820555, 22.4731506411 ],
						[ 114.3134098826, 22.4730150491 ],
						[ 114.3132167869, 22.4725909369 ],
						[ 114.312661836, 22.4719655438 ],
						[ 114.3121719864, 22.47172581 ],
						[ 114.3121383001, 22.4716367623 ],
						[ 114.311185978, 22.4713588349 ],
						[ 114.3096198512, 22.4713982492 ],
						[ 114.3084162041, 22.4707550153 ],
						[ 114.3081375448, 22.4702180052 ],
						[ 114.3076781569, 22.4692504449 ],
						[ 114.3070998452, 22.4689657596 ],
						[ 114.3055220972, 22.4676303714 ],
						[ 114.3050978234, 22.4661480417 ],
						[ 114.3051918907, 22.4652888492 ],
						[ 114.3045814233, 22.46493256 ],
						[ 114.304507438, 22.4645216534 ],
						[ 114.3048136083, 22.4638432083 ],
						[ 114.3048250335, 22.4634402168 ],
						[ 114.3036923832, 22.4623904944 ],
						[ 114.3026348771, 22.4626375368 ],
						[ 114.3024530971, 22.4626748386 ],
						[ 114.3022634457, 22.4629804311 ],
						[ 114.3021209631, 22.462938731 ],
						[ 114.3021001523, 22.4627233084 ],
						[ 114.3029385321, 22.4619654365 ],
						[ 114.3030643562, 22.4615513113 ],
						[ 114.302811747, 22.4613279426 ],
						[ 114.3027994353, 22.4608314596 ],
						[ 114.3031923516, 22.4600820608 ],
						[ 114.3037859931, 22.4595287794 ],
						[ 114.3037873151, 22.458921374 ],
						[ 114.3040487913, 22.4586012021 ],
						[ 114.3035372938, 22.4574152596 ],
						[ 114.3037244745, 22.4571497354 ],
						[ 114.3033612439, 22.456864316 ],
						[ 114.303453078, 22.4561726397 ],
						[ 114.3031268305, 22.4553436673 ],
						[ 114.3025231831, 22.4551699325 ],
						[ 114.3019454273, 22.4546158229 ],
						[ 114.3018986035, 22.4546096552 ],
						[ 114.3015817878, 22.454567909 ],
						[ 114.3014104194, 22.4543508595 ],
						[ 114.3008930711, 22.4542769286 ],
						[ 114.3007551364, 22.4544227947 ],
						[ 114.3007094969, 22.4543934808 ],
						[ 114.3002169415, 22.4540771158 ],
						[ 114.2998639376, 22.454111999 ],
						[ 114.299565608, 22.4543749213 ],
						[ 114.2996704974, 22.4550176636 ],
						[ 114.2999206553, 22.4553113051 ],
						[ 114.2999778436, 22.4556892933 ],
						[ 114.2996960599, 22.4563753059 ],
						[ 114.2996074412, 22.4564810564 ],
						[ 114.2991151994, 22.4565389179 ],
						[ 114.2980720836, 22.4560536692 ],
						[ 114.2971455351, 22.4559899035 ],
						[ 114.296726077, 22.4556917419 ],
						[ 114.2951019006, 22.4558613398 ],
						[ 114.2947423665, 22.4554992569 ],
						[ 114.2932606658, 22.4579485271 ],
						[ 114.2927983723, 22.457974985 ],
						[ 114.2925155996, 22.4582666992 ],
						[ 114.2921007562, 22.4582582817 ],
						[ 114.2917987925, 22.4579954498 ],
						[ 114.2924282299, 22.4568754257 ],
						[ 114.2924772594, 22.4564834248 ],
						[ 114.291944669, 22.4561092595 ],
						[ 114.2916212546, 22.4548267352 ],
						[ 114.2920813473, 22.4536661865 ],
						[ 114.2916631517, 22.4533575625 ],
						[ 114.2914680836, 22.4524175608 ],
						[ 114.2917230819, 22.4517971963 ],
						[ 114.2921008391, 22.4515541979 ],
						[ 114.2923311321, 22.4505169239 ],
						[ 114.2919524518, 22.4504027969 ],
						[ 114.2915246757, 22.4498200874 ],
						[ 114.2907483572, 22.4496392337 ],
						[ 114.2904362134, 22.4495665149 ],
						[ 114.2903621402, 22.4491293041 ],
						[ 114.289855053, 22.4493387056 ],
						[ 114.28948952, 22.4500154673 ],
						[ 114.2888611645, 22.4524855844 ],
						[ 114.2874140872, 22.4530010824 ],
						[ 114.2867811248, 22.453647245 ],
						[ 114.2862919787, 22.4536702168 ],
						[ 114.2858369634, 22.4533964421 ],
						[ 114.2859010169, 22.4530247513 ],
						[ 114.2854635443, 22.4520076775 ],
						[ 114.2848493487, 22.4518907933 ],
						[ 114.2832745199, 22.4512002346 ],
						[ 114.2826126362, 22.4507860552 ],
						[ 114.2824837312, 22.450509727 ],
						[ 114.2811788951, 22.4490983325 ],
						[ 114.2810059085, 22.4483412237 ],
						[ 114.280332174, 22.4470896857 ],
						[ 114.2796322334, 22.4465921221 ],
						[ 114.2793846295, 22.4464161047 ],
						[ 114.2792287305, 22.4459446881 ],
						[ 114.2782271796, 22.4450491208 ],
						[ 114.2781235539, 22.4449564613 ],
						[ 114.2774468518, 22.4447309969 ],
						[ 114.2772527267, 22.4440737735 ],
						[ 114.277609092, 22.4436223542 ],
						[ 114.2776607171, 22.4433023552 ],
						[ 114.2781857692, 22.4428874115 ],
						[ 114.2785431828, 22.4430161054 ],
						[ 114.2783532796, 22.4438791293 ],
						[ 114.2785715862, 22.4442790948 ],
						[ 114.2786287243, 22.4442612056 ],
						[ 114.2794228479, 22.4440126005 ],
						[ 114.2801824936, 22.4440550828 ],
						[ 114.2804589786, 22.4437117216 ],
						[ 114.2812302377, 22.4434115855 ],
						[ 114.2816206954, 22.4434508136 ],
						[ 114.282118845, 22.4438192297 ],
						[ 114.2827272978, 22.4438304449 ],
						[ 114.2837753373, 22.4435899326 ],
						[ 114.2837831593, 22.4435161306 ],
						[ 114.2839436082, 22.4420017538 ],
						[ 114.2839558086, 22.4418866436 ],
						[ 114.2835315865, 22.4417957531 ],
						[ 114.2832728941, 22.4416983679 ],
						[ 114.2825289553, 22.4409329211 ],
						[ 114.2816271696, 22.4404300524 ],
						[ 114.281383798, 22.4399273315 ],
						[ 114.2813343691, 22.4389901201 ],
						[ 114.2819053511, 22.4382127876 ],
						[ 114.2821385118, 22.4375953591 ],
						[ 114.2821716633, 22.4368323003 ],
						[ 114.2824515092, 22.4360005663 ],
						[ 114.2829798021, 22.4357888531 ],
						[ 114.28349292, 22.4353483436 ],
						[ 114.2834788859, 22.4333304523 ],
						[ 114.2837118305, 22.4324505421 ],
						[ 114.2841348018, 22.4317598199 ],
						[ 114.2851092397, 22.4309746485 ],
						[ 114.2852688538, 22.4305976732 ],
						[ 114.2855149325, 22.4305632463 ],
						[ 114.2855269256, 22.4299227348 ],
						[ 114.2858887987, 22.4294027698 ],
						[ 114.2866578005, 22.4295218753 ],
						[ 114.2878604882, 22.4291052726 ],
						[ 114.2885383669, 22.4293092097 ],
						[ 114.2888272943, 22.428966403 ],
						[ 114.2894822017, 22.428605289 ],
						[ 114.2897425734, 22.4284617216 ],
						[ 114.2895083618, 22.4284868543 ],
						[ 114.2889003239, 22.4281231872 ],
						[ 114.2884758448, 22.4276746039 ],
						[ 114.2883762384, 22.4265260611 ],
						[ 114.2885208021, 22.4260881192 ],
						[ 114.2881769943, 22.4265343259 ],
						[ 114.2880625604, 22.4263630969 ],
						[ 114.2877646772, 22.4264324119 ],
						[ 114.2874110153, 22.4262636673 ],
						[ 114.2872815536, 22.4260523888 ],
						[ 114.2873705193, 22.425612156 ],
						[ 114.287567541, 22.4254731867 ],
						[ 114.2876383309, 22.4254232539 ],
						[ 114.2875788426, 22.425234567 ],
						[ 114.2854486997, 22.4249131469 ],
						[ 114.2849445636, 22.424451947 ],
						[ 114.2845905185, 22.424128044 ],
						[ 114.2842775329, 22.4232363041 ],
						[ 114.2838691197, 22.4233323885 ],
						[ 114.2835311073, 22.4231874382 ],
						[ 114.2833411032, 22.4230278778 ],
						[ 114.2833327677, 22.4227456631 ],
						[ 114.2827452486, 22.4222060002 ],
						[ 114.2819366638, 22.4217292047 ],
						[ 114.2806878472, 22.4213641698 ],
						[ 114.2805065131, 22.4210872946 ],
						[ 114.2793130228, 22.4203534813 ],
						[ 114.2789835156, 22.4198821638 ],
						[ 114.2785968839, 22.4198568606 ],
						[ 114.2783649276, 22.419520206 ],
						[ 114.2763097296, 22.4190476373 ],
						[ 114.2761590115, 22.4187695733 ],
						[ 114.2758635309, 22.4186925261 ],
						[ 114.2757821188, 22.4166235584 ],
						[ 114.2752742612, 22.4156175212 ],
						[ 114.275338992, 22.415295202 ],
						[ 114.2751195482, 22.4151198102 ],
						[ 114.274389077, 22.4153472429 ],
						[ 114.274369614, 22.4152930718 ],
						[ 114.2750978941, 22.4150578382 ],
						[ 114.2753163934, 22.4142517078 ],
						[ 114.2756141244, 22.4139948618 ],
						[ 114.2760392581, 22.413170561 ],
						[ 114.2760712943, 22.4131084387 ],
						[ 114.275585189, 22.4119310894 ],
						[ 114.2756281251, 22.4117080734 ],
						[ 114.2759352696, 22.4115313575 ],
						[ 114.2759106894, 22.41120502 ],
						[ 114.2764465257, 22.4094306701 ],
						[ 114.2762283833, 22.4091758738 ],
						[ 114.2759524125, 22.4092730216 ],
						[ 114.2746181243, 22.4115373794 ],
						[ 114.2743810268, 22.4119134526 ],
						[ 114.2743005808, 22.4120410387 ],
						[ 114.2742794035, 22.413023586 ],
						[ 114.273446509, 22.4133841132 ],
						[ 114.2720923102, 22.4149539541 ],
						[ 114.2716596264, 22.4151574575 ],
						[ 114.2708302417, 22.416129441 ],
						[ 114.2706576329, 22.4161943711 ],
						[ 114.2703138618, 22.4163236882 ],
						[ 114.2698137608, 22.4184615178 ],
						[ 114.2683206642, 22.4188595665 ],
						[ 114.2676854695, 22.4207663395 ],
						[ 114.2678088174, 22.4212325676 ],
						[ 114.2683682794, 22.420983137 ],
						[ 114.2692597037, 22.4211940058 ],
						[ 114.2698441234, 22.4218457879 ],
						[ 114.270366366, 22.4219767173 ],
						[ 114.2708557713, 22.4224996407 ],
						[ 114.2711798009, 22.4241532741 ],
						[ 114.2709709192, 22.4246882075 ],
						[ 114.2712974164, 22.425370919 ],
						[ 114.2710578956, 22.4258454835 ],
						[ 114.2712122461, 22.4268738011 ],
						[ 114.2707854135, 22.4274715868 ],
						[ 114.2708625395, 22.4279204193 ],
						[ 114.2706293832, 22.4285947333 ],
						[ 114.2707903296, 22.4301433553 ],
						[ 114.2703352934, 22.4306064305 ],
						[ 114.270040844, 22.4311756824 ],
						[ 114.2694265595, 22.4317044622 ],
						[ 114.2690450745, 22.4319445115 ],
						[ 114.2689872863, 22.4324137401 ],
						[ 114.2691073265, 22.4325710454 ],
						[ 114.2687964972, 22.4329440272 ],
						[ 114.2686913707, 22.4336031661 ],
						[ 114.2680141052, 22.4343259325 ],
						[ 114.2677125164, 22.4335346188 ],
						[ 114.2671957591, 22.4332521109 ],
						[ 114.2671695773, 22.4332625015 ],
						[ 114.2662434214, 22.4336300961 ],
						[ 114.2652652242, 22.4336161137 ],
						[ 114.2645045548, 22.4338412604 ],
						[ 114.2640972137, 22.4337195337 ],
						[ 114.2638759092, 22.4334194355 ],
						[ 114.2633962637, 22.4335544097 ],
						[ 114.2629412141, 22.4330459671 ],
						[ 114.261695561, 22.4327614173 ],
						[ 114.2611919592, 22.4327001115 ],
						[ 114.2610954276, 22.4324175445 ],
						[ 114.2608921591, 22.4324540613 ],
						[ 114.2605494837, 22.4322409758 ],
						[ 114.2599987396, 22.4323528046 ],
						[ 114.2597959435, 22.4321384896 ],
						[ 114.2596973016, 22.4324847321 ],
						[ 114.2593946266, 22.4326282186 ],
						[ 114.258601163, 22.4322963012 ],
						[ 114.2581455454, 22.4324265699 ],
						[ 114.2576127234, 22.4323586392 ],
						[ 114.2573770069, 22.4321876839 ],
						[ 114.2567269367, 22.4309244462 ],
						[ 114.2564602931, 22.4309030041 ],
						[ 114.2559907441, 22.4312480451 ],
						[ 114.2560158112, 22.4316005821 ],
						[ 114.2554489075, 22.4328255344 ],
						[ 114.254964151, 22.433107809 ],
						[ 114.2545481388, 22.4330955386 ],
						[ 114.2543965553, 22.433115018 ],
						[ 114.254090969, 22.4336272278 ],
						[ 114.254094529, 22.4336884255 ],
						[ 114.2541306002, 22.4343086023 ],
						[ 114.2541369064, 22.4344171725 ],
						[ 114.2530214192, 22.4343172297 ],
						[ 114.2522080218, 22.4339014877 ],
						[ 114.2510151414, 22.4330004386 ],
						[ 114.2504432718, 22.4331550128 ],
						[ 114.2499434134, 22.4331124716 ],
						[ 114.2472136526, 22.4320080664 ],
						[ 114.2468661268, 22.4319966585 ],
						[ 114.2461531239, 22.4308774773 ],
						[ 114.2456705839, 22.4306361007 ],
						[ 114.2453187984, 22.4308050116 ],
						[ 114.2450741474, 22.4306819215 ],
						[ 114.2442710086, 22.4315429164 ],
						[ 114.2438362197, 22.4323487593 ],
						[ 114.2436625153, 22.4331151926 ],
						[ 114.2441500198, 22.4333270977 ],
						[ 114.2446345718, 22.4338568748 ],
						[ 114.2453252512, 22.4338201726 ],
						[ 114.245332195, 22.4340345889 ],
						[ 114.2457258952, 22.4343788794 ],
						[ 114.2476944636, 22.4349519316 ],
						[ 114.2476054753, 22.4360084623 ],
						[ 114.247436462, 22.4361842329 ],
						[ 114.2463364868, 22.435807887 ],
						[ 114.2459011406, 22.4354902016 ],
						[ 114.244488181, 22.4358161852 ],
						[ 114.2434255373, 22.4367823805 ],
						[ 114.2428686311, 22.4370773634 ],
						[ 114.2416763454, 22.4373853156 ],
						[ 114.2410521709, 22.4374242876 ],
						[ 114.2398576688, 22.436969912 ],
						[ 114.2382859588, 22.4368728443 ],
						[ 114.2371348753, 22.4361543091 ],
						[ 114.2370420346, 22.4356734897 ],
						[ 114.2375118206, 22.4351728095 ],
						[ 114.2388779335, 22.4343302179 ],
						[ 114.239205372, 22.4338977854 ],
						[ 114.2393466666, 22.4328915204 ],
						[ 114.2391678268, 22.4319599344 ],
						[ 114.2389287832, 22.4312451026 ],
						[ 114.2386116513, 22.4310735731 ],
						[ 114.2373556825, 22.4306579246 ],
						[ 114.2367262752, 22.4300253041 ],
						[ 114.2358594576, 22.4295389893 ],
						[ 114.2357418099, 22.4291789693 ],
						[ 114.2354526804, 22.4290519255 ],
						[ 114.2351907592, 22.4285763675 ],
						[ 114.2336161085, 22.4271228061 ],
						[ 114.2314432145, 22.4282205047 ],
						[ 114.2282607555, 22.4277961779 ],
						[ 114.2278739438, 22.4274206329 ],
						[ 114.2259914273, 22.4252972494 ],
						[ 114.2244096227, 22.4225270284 ],
						[ 114.2237301051, 22.4204807038 ],
						[ 114.2221626132, 22.41421861 ],
						[ 114.2213087446, 22.410891735 ],
						[ 114.2208154422, 22.4096126557 ],
						[ 114.219192467, 22.4070012445 ],
						[ 114.2195781517, 22.4064620585 ],
						[ 114.2203122681, 22.4058867556 ],
						[ 114.2209510331, 22.4054238418 ],
						[ 114.2210109126, 22.4053796483 ],
						[ 114.222909084, 22.4039786959 ],
						[ 114.2250525464, 22.4031440862 ],
						[ 114.2257385759, 22.4026989836 ],
						[ 114.2256251517, 22.4025854322 ],
						[ 114.2248542477, 22.4030765248 ],
						[ 114.2231712827, 22.4036821316 ],
						[ 114.2217171391, 22.404606687 ],
						[ 114.2213382188, 22.4047229149 ],
						[ 114.2210891818, 22.404799309 ],
						[ 114.220901802, 22.4048957518 ],
						[ 114.2206885545, 22.4050086097 ],
						[ 114.2203119422, 22.4053073951 ],
						[ 114.2201369302, 22.4054539077 ],
						[ 114.2198103042, 22.4057250182 ],
						[ 114.2192650657, 22.4061735534 ],
						[ 114.2186515338, 22.4064436619 ],
						[ 114.2182439687, 22.4061127811 ],
						[ 114.2181908666, 22.4060570133 ],
						[ 114.2179403562, 22.4057939376 ],
						[ 114.2042799941, 22.3916937668 ],
						[ 114.2040012774, 22.3909842502 ],
						[ 114.2042699534, 22.3897159774 ],
						[ 114.2104436038, 22.3841515073 ],
						[ 114.2110569767, 22.383565921 ],
						[ 114.2117053324, 22.3832977295 ],
						[ 114.2117102672, 22.3831497724 ],
						[ 114.2108843672, 22.3832582243 ],
						[ 114.2108689654, 22.3831739005 ],
						[ 114.2110159487, 22.3830034365 ],
						[ 114.2111386685, 22.3828453221 ],
						[ 114.2112872024, 22.382428541 ],
						[ 114.211180848, 22.382400867 ],
						[ 114.2111787363, 22.3824216647 ],
						[ 114.2109212528, 22.3828426228 ],
						[ 114.2103774813, 22.3834463095 ],
						[ 114.2103116504, 22.3835106747 ],
						[ 114.2039587182, 22.3893010325 ],
						[ 114.2037910139, 22.3894596725 ],
						[ 114.203410725, 22.3903104552 ],
						[ 114.2031269414, 22.3905037636 ],
						[ 114.1998380022, 22.38710926 ],
						[ 114.1939514047, 22.3810331348 ],
						[ 114.1919329555, 22.3789495326 ],
						[ 114.190325129, 22.3775387268 ],
						[ 114.1886040989, 22.3768299554 ],
						[ 114.1882720275, 22.3766999577 ],
						[ 114.1872945093, 22.3763172918 ],
						[ 114.1872623782, 22.3763037933 ],
						[ 114.1847591701, 22.3752228541 ],
						[ 114.182294122, 22.3739113795 ],
						[ 114.1815334996, 22.373916027 ],
						[ 114.1809157362, 22.3742373411 ],
						[ 114.1810917443, 22.3745304045 ],
						[ 114.1811979483, 22.3744772299 ],
						[ 114.1819368262, 22.3745373155 ],
						[ 114.1832188668, 22.3753701019 ],
						[ 114.1843715789, 22.3758741456 ],
						[ 114.1868231145, 22.3768892161 ],
						[ 114.1870719594, 22.3769990479 ],
						[ 114.1871222101, 22.3770212328 ],
						[ 114.1882898652, 22.377536635 ],
						[ 114.1889984017, 22.3780734393 ],
						[ 114.1927543521, 22.382026073 ],
						[ 114.1985925517, 22.3881693804 ],
						[ 114.2011104219, 22.3908186117 ],
						[ 114.1999263687, 22.3918711199 ],
						[ 114.1985192063, 22.3930540771 ],
						[ 114.1976883222, 22.3937386721 ],
						[ 114.1975209821, 22.3938825586 ],
						[ 114.1976699661, 22.3941157434 ],
						[ 114.1978033116, 22.3939976161 ],
						[ 114.1986161127, 22.3933008409 ],
						[ 114.2001034401, 22.392053547 ],
						[ 114.201336961, 22.391056965 ],
						[ 114.216697544, 22.4072157753 ],
						[ 114.2173765072, 22.4079299006 ],
						[ 114.2162734888, 22.4089103794 ],
						[ 114.2155812072, 22.4094780953 ],
						[ 114.2154777088, 22.4095650566 ],
						[ 114.2136702627, 22.4110673308 ],
						[ 114.2135454348, 22.4138571303 ],
						[ 114.2138058432, 22.416045772 ],
						[ 114.2140651664, 22.4164641491 ],
						[ 114.2142567849, 22.4170680637 ],
						[ 114.2142344346, 22.4171721 ],
						[ 114.214613973, 22.4184764471 ],
						[ 114.2145899526, 22.4193006106 ],
						[ 114.2145196523, 22.4205667728 ],
						[ 114.2144631347, 22.4215847017 ],
						[ 114.2137785333, 22.4232510914 ],
						[ 114.2127918998, 22.4229161026 ],
						[ 114.211496098, 22.4242075274 ],
						[ 114.2098527191, 22.4252909508 ],
						[ 114.2093437292, 22.4259054153 ],
						[ 114.2090697937, 22.4268336585 ],
						[ 114.2085661374, 22.4263378768 ],
						[ 114.2082428866, 22.4263853319 ],
						[ 114.2069717831, 22.4272415185 ],
						[ 114.20618682, 22.4281658056 ],
						[ 114.204634644, 22.4287735059 ],
						[ 114.2024394718, 22.4301711717 ],
						[ 114.2020208894, 22.4307539918 ],
						[ 114.2014826671, 22.4316001937 ],
						[ 114.2003884135, 22.4347120393 ],
						[ 114.1999266239, 22.4354917603 ],
						[ 114.1989308453, 22.4366333503 ],
						[ 114.1964803714, 22.4386050531 ],
						[ 114.1947036436, 22.4395663895 ],
						[ 114.1936604481, 22.4399259861 ],
						[ 114.1921407641, 22.4399859189 ],
						[ 114.1899804611, 22.4394714813 ],
						[ 114.1885778647, 22.4393895206 ],
						[ 114.188436977, 22.4392568372 ],
						[ 114.1884405754, 22.4389554091 ],
						[ 114.1888227695, 22.4387976823 ],
						[ 114.1902527189, 22.4389154715 ],
						[ 114.1907544465, 22.4378015486 ],
						[ 114.1907978399, 22.4377051989 ],
						[ 114.1907314343, 22.4377102256 ],
						[ 114.1897502704, 22.4377844652 ],
						[ 114.1883775822, 22.4382966324 ],
						[ 114.1883419385, 22.4382703834 ],
						[ 114.188258741, 22.4382090996 ],
						[ 114.1879666766, 22.4383697087 ],
						[ 114.1878329564, 22.4384432439 ],
						[ 114.187852525, 22.438496161 ],
						[ 114.1880402253, 22.4390037775 ],
						[ 114.1880915391, 22.4391618431 ],
						[ 114.1881322715, 22.4392873095 ],
						[ 114.187961137, 22.4395577475 ],
						[ 114.1870553041, 22.4396485455 ],
						[ 114.1857876602, 22.4401947829 ],
						[ 114.1856210517, 22.4403860934 ],
						[ 114.1855427551, 22.4410276214 ],
						[ 114.1853176662, 22.4406091981 ],
						[ 114.1851883185, 22.4405957043 ],
						[ 114.1851404749, 22.4405907129 ],
						[ 114.1851384932, 22.440591905 ],
						[ 114.1834693389, 22.4415993118 ],
						[ 114.1833686233, 22.441679073 ],
						[ 114.1833101813, 22.4416836989 ],
						[ 114.1824242446, 22.442220069 ],
						[ 114.1822283996, 22.4421981135 ],
						[ 114.1791875626, 22.4440672743 ],
						[ 114.178149273, 22.4450284154 ],
						[ 114.1790072773, 22.4452283766 ],
						[ 114.179452445, 22.4452931003 ],
						[ 114.1794642658, 22.4457074896 ],
						[ 114.1792883188, 22.4460617751 ],
						[ 114.1788549673, 22.4463709838 ],
						[ 114.1780908418, 22.4464079803 ],
						[ 114.1776891955, 22.4466761513 ],
						[ 114.177623295, 22.4475072422 ],
						[ 114.1780324127, 22.4481643676 ],
						[ 114.1769708559, 22.4488111419 ],
						[ 114.17694311, 22.4488226918 ],
						[ 114.17502832, 22.4497491607 ],
						[ 114.1739238196, 22.450226467 ],
						[ 114.1734587423, 22.4501623056 ],
						[ 114.1729546186, 22.449824113 ],
						[ 114.1725578349, 22.4492843801 ],
						[ 114.1725231126, 22.4483728003 ],
						[ 114.1727294934, 22.447481762 ],
						[ 114.1727162385, 22.4466264604 ],
						[ 114.1724963977, 22.4445912974 ],
						[ 114.1721534704, 22.4445899151 ],
						[ 114.1723262355, 22.4467026851 ],
						[ 114.1723278388, 22.4475909836 ],
						[ 114.1721338841, 22.4483785418 ],
						[ 114.1721617772, 22.4492023003 ],
						[ 114.1725777756, 22.4500555268 ],
						[ 114.1727517906, 22.450413119 ],
						[ 114.1720927292, 22.4504495569 ],
						[ 114.1695554076, 22.4504376054 ],
						[ 114.1673575985, 22.4504285059 ],
						[ 114.165894358, 22.4503850581 ],
						[ 114.164977569, 22.4501353647 ],
						[ 114.1640399399, 22.4498310301 ],
						[ 114.1626797263, 22.4493895082 ],
						[ 114.1625562414, 22.4495561271 ],
						[ 114.1625466514, 22.4495690669 ],
						[ 114.1634508578, 22.4500554432 ],
						[ 114.164888331, 22.4504243595 ],
						[ 114.1658700845, 22.4506994606 ],
						[ 114.1673958527, 22.4507702023 ],
						[ 114.1695553903, 22.4507679211 ],
						[ 114.1721693799, 22.450774872 ],
						[ 114.1741583307, 22.4507529462 ],
						[ 114.1760738789, 22.4497936079 ],
						[ 114.1770219186, 22.4495051771 ],
						[ 114.1793741793, 22.4493479913 ],
						[ 114.1802601903, 22.4495144242 ],
						[ 114.1808471505, 22.4501715384 ],
						[ 114.1811238724, 22.4513869574 ],
						[ 114.181371972, 22.4518192562 ],
						[ 114.1820298257, 22.4523786907 ],
						[ 114.1825471474, 22.4525428106 ],
						[ 114.1865936473, 22.452517187 ],
						[ 114.1928590756, 22.4509354193 ],
						[ 114.1930424776, 22.4507718415 ],
						[ 114.1934118415, 22.4510677137 ],
						[ 114.1931967486, 22.4513948546 ],
						[ 114.1937595033, 22.4518432847 ],
						[ 114.1962186584, 22.452227344 ],
						[ 114.1973808501, 22.4529051339 ],
						[ 114.197829222, 22.4533836176 ],
						[ 114.1981742519, 22.4543479606 ],
						[ 114.1983235306, 22.4573910463 ],
						[ 114.1983938839, 22.4574104705 ],
						[ 114.1995099689, 22.4577185806 ],
						[ 114.1996362393, 22.4579982897 ],
						[ 114.1994503742, 22.4583213889 ],
						[ 114.2006947595, 22.459286383 ],
						[ 114.2007551189, 22.4595452948 ],
						[ 114.2010566664, 22.4593857362 ],
						[ 114.2019048613, 22.4596878735 ],
						[ 114.2032063193, 22.4597905408 ],
						[ 114.2031477124, 22.4589583052 ],
						[ 114.2042048429, 22.4592996967 ],
						[ 114.2054778476, 22.4571142539 ],
						[ 114.2065181955, 22.4575220973 ],
						[ 114.2071915192, 22.4571503514 ],
						[ 114.207793887, 22.4564723037 ],
						[ 114.2083323606, 22.4564837585 ],
						[ 114.2088584678, 22.4567974808 ],
						[ 114.2114554478, 22.4532992014 ],
						[ 114.2116096632, 22.4533586969 ],
						[ 114.211582963, 22.4535037677 ],
						[ 114.2092874722, 22.4566586876 ],
						[ 114.2098751561, 22.45704117 ],
						[ 114.2106244005, 22.4569722391 ],
						[ 114.2116572523, 22.4571858603 ],
						[ 114.213376421, 22.4568352436 ],
						[ 114.2135615852, 22.4563416338 ],
						[ 114.2136938703, 22.4556770625 ],
						[ 114.2132554408, 22.4554857619 ],
						[ 114.2133095102, 22.4553863425 ],
						[ 114.2138045011, 22.4555717513 ],
						[ 114.2140462616, 22.4552151739 ],
						[ 114.2141443148, 22.4544365826 ],
						[ 114.2128781197, 22.4534797878 ],
						[ 114.2126679224, 22.45280871 ],
						[ 114.2119031832, 22.4520930707 ],
						[ 114.21186718, 22.4520593769 ],
						[ 114.2113810458, 22.450975214 ],
						[ 114.2105889863, 22.4505055365 ],
						[ 114.2097191221, 22.4497376945 ],
						[ 114.2099912063, 22.44943371 ],
						[ 114.2105358539, 22.449618288 ],
						[ 114.2112341284, 22.4492189678 ],
						[ 114.2120990955, 22.4492724039 ],
						[ 114.2124258066, 22.4491055127 ],
						[ 114.2125026284, 22.4488612312 ],
						[ 114.2127268909, 22.4489088442 ],
						[ 114.2128871111, 22.4490637078 ],
						[ 114.2137968954, 22.4490158393 ],
						[ 114.2148284869, 22.4492241219 ],
						[ 114.2151855635, 22.4490567935 ],
						[ 114.2155137429, 22.448664866 ],
						[ 114.2160173782, 22.4487104025 ],
						[ 114.2163008308, 22.4484693288 ],
						[ 114.2163504887, 22.4481780305 ],
						[ 114.2156408206, 22.4472904732 ],
						[ 114.2161077277, 22.4471944208 ],
						[ 114.2170553718, 22.4475334435 ],
						[ 114.2173719268, 22.4478217607 ],
						[ 114.2172296962, 22.4483419503 ],
						[ 114.2166714741, 22.4487397178 ],
						[ 114.2165179799, 22.4490194828 ],
						[ 114.2165566275, 22.4493656645 ],
						[ 114.2170267602, 22.4496527887 ],
						[ 114.217526063, 22.4497526487 ],
						[ 114.2187962229, 22.4494280943 ],
						[ 114.2193177544, 22.4490187702 ],
						[ 114.2210979036, 22.4491986119 ],
						[ 114.2215997758, 22.4495510222 ],
						[ 114.2216540299, 22.4500520886 ],
						[ 114.2212866364, 22.4502654533 ],
						[ 114.2210273295, 22.4501655394 ],
						[ 114.2207992137, 22.4503910016 ],
						[ 114.220371048, 22.4511262683 ],
						[ 114.2194073606, 22.4512952863 ],
						[ 114.2180265742, 22.4518366044 ],
						[ 114.2164989303, 22.4519965008 ],
						[ 114.21551978, 22.4524972419 ],
						[ 114.2154176987, 22.4528000932 ],
						[ 114.215108501, 22.4537173891 ],
						[ 114.2156496416, 22.4544113759 ],
						[ 114.2162746678, 22.4548909214 ],
						[ 114.2164532646, 22.4554006281 ],
						[ 114.2160342167, 22.455528457 ],
						[ 114.2154666805, 22.4560880477 ],
						[ 114.2145657906, 22.4563934175 ],
						[ 114.2146418318, 22.4570672873 ],
						[ 114.2142918945, 22.4575603587 ],
						[ 114.2143558506, 22.457735715 ],
						[ 114.2141358282, 22.4575771553 ],
						[ 114.2136551758, 22.4575610832 ],
						[ 114.2131186149, 22.4572259948 ],
						[ 114.2122546758, 22.4573997066 ],
						[ 114.2115774969, 22.458158203 ],
						[ 114.2092206841, 22.4587756618 ],
						[ 114.2087853041, 22.4591035174 ],
						[ 114.2082988748, 22.4608044326 ],
						[ 114.208024543, 22.4609920661 ],
						[ 114.2082424802, 22.4612171255 ],
						[ 114.2082749761, 22.4621925507 ],
						[ 114.2087834713, 22.4625526116 ],
						[ 114.2091537476, 22.4634877477 ],
						[ 114.2092094132, 22.4637089008 ],
						[ 114.2095547945, 22.4639046471 ],
						[ 114.2096328962, 22.4642953329 ],
						[ 114.209288699, 22.4648916187 ],
						[ 114.2088678869, 22.4651480135 ],
						[ 114.2091768363, 22.4667689593 ],
						[ 114.2096629056, 22.4672094468 ],
						[ 114.2100912014, 22.4691818122 ],
						[ 114.210827246, 22.4697016759 ],
						[ 114.2116374011, 22.4704842966 ],
						[ 114.2125592511, 22.4708290754 ],
						[ 114.2126448523, 22.4713541485 ],
						[ 114.2129723408, 22.4714404425 ],
						[ 114.2131512981, 22.4716948615 ],
						[ 114.212955747, 22.4725723736 ],
						[ 114.2134622828, 22.4732723881 ],
						[ 114.2136406876, 22.4732991317 ],
						[ 114.2138289133, 22.472913002 ],
						[ 114.2142568139, 22.4730925545 ],
						[ 114.2143428534, 22.4733765593 ],
						[ 114.2144869625, 22.4733811403 ],
						[ 114.2152545534, 22.4728309253 ],
						[ 114.2168143965, 22.4711531993 ],
						[ 114.2180833398, 22.4705843784 ],
						[ 114.218110128, 22.4704527441 ],
						[ 114.2174644668, 22.4698442303 ],
						[ 114.2176843034, 22.4688258497 ],
						[ 114.2180607163, 22.468043421 ],
						[ 114.2183662874, 22.4679574452 ],
						[ 114.2191802603, 22.4681207114 ],
						[ 114.2198062636, 22.4678115878 ],
						[ 114.2208041678, 22.4682251112 ],
						[ 114.221156921, 22.4680813947 ],
						[ 114.2217429715, 22.4687227 ],
						[ 114.222418349, 22.4689746672 ],
						[ 114.2226290204, 22.4689196574 ],
						[ 114.2228733297, 22.4684240432 ],
						[ 114.2234258755, 22.4683901739 ],
						[ 114.223619348, 22.4689147496 ],
						[ 114.2244433483, 22.4693283097 ],
						[ 114.2257299627, 22.4711027103 ],
						[ 114.2266570874, 22.470791157 ],
						[ 114.2268381229, 22.4712187547 ],
						[ 114.2272123081, 22.4712523488 ],
						[ 114.2281819621, 22.47173881 ],
						[ 114.2310985562, 22.4722574114 ],
						[ 114.2316803739, 22.4720807963 ],
						[ 114.2317244773, 22.471784746 ],
						[ 114.2321621772, 22.4715850874 ],
						[ 114.2325997342, 22.4710076579 ],
						[ 114.2327703612, 22.4707062446 ],
						[ 114.2329832824, 22.4696072764 ],
						[ 114.2332321691, 22.469466333 ],
						[ 114.2333249824, 22.4691845874 ],
						[ 114.2326843258, 22.4688255079 ],
						[ 114.2320900267, 22.4688280244 ],
						[ 114.2318431516, 22.4690437733 ],
						[ 114.2316814165, 22.4684351506 ],
						[ 114.2328699712, 22.4683303685 ],
						[ 114.2329353592, 22.4678408064 ],
						[ 114.2332314536, 22.4676984649 ],
						[ 114.233879407, 22.4676866871 ],
						[ 114.2344251122, 22.467947888 ],
						[ 114.2348116657, 22.467856768 ],
						[ 114.239149793, 22.4634789508 ],
						[ 114.2475654049, 22.4550721201 ],
						[ 114.2476816868, 22.4545529091 ],
						[ 114.2468869785, 22.4537159717 ],
						[ 114.2468565479, 22.451312298 ],
						[ 114.2466133357, 22.4498675323 ],
						[ 114.2468234921, 22.4498697531 ],
						[ 114.2474092601, 22.4512346122 ],
						[ 114.2482029775, 22.4519035273 ],
						[ 114.2496645995, 22.4527877132 ],
						[ 114.2503087324, 22.4527400295 ],
						[ 114.2508848599, 22.4534269466 ],
						[ 114.2520476491, 22.4535495119 ],
						[ 114.252756016, 22.4538474015 ],
						[ 114.2534926675, 22.4535627028 ],
						[ 114.2540550231, 22.4529249579 ],
						[ 114.255014549, 22.4531522075 ],
						[ 114.2570229271, 22.4543071183 ],
						[ 114.2572090048, 22.454593688 ],
						[ 114.257216166, 22.4551514043 ],
						[ 114.2570310324, 22.4554265996 ],
						[ 114.257312224, 22.4556767111 ],
						[ 114.2579637295, 22.4554579206 ],
						[ 114.2581247592, 22.455419117 ],
						[ 114.2586321574, 22.4554714539 ],
						[ 114.2592152441, 22.4562721931 ],
						[ 114.2597003793, 22.4575526772 ],
						[ 114.2603742871, 22.4583926658 ],
						[ 114.2604087861, 22.4588931506 ],
						[ 114.2611389931, 22.4602723318 ],
						[ 114.2617126477, 22.4608439192 ],
						[ 114.263149906, 22.4624172779 ],
						[ 114.2652226972, 22.4630961469 ],
						[ 114.2659061974, 22.4634663978 ],
						[ 114.2666693845, 22.463991103 ],
						[ 114.267995299, 22.4653890005 ],
						[ 114.2691327469, 22.4656734894 ],
						[ 114.2703838875, 22.4659863953 ],
						[ 114.2740999928, 22.4680091612 ],
						[ 114.2747154229, 22.4684945894 ],
						[ 114.274716005, 22.468520994 ],
						[ 114.2747205207, 22.4687250968 ],
						[ 114.27450672, 22.4688877739 ],
						[ 114.2735170618, 22.4687891891 ],
						[ 114.2706464946, 22.4671254577 ],
						[ 114.2701243306, 22.4671909602 ],
						[ 114.2698814964, 22.4676761876 ],
						[ 114.2698200883, 22.467324759 ],
						[ 114.2689956065, 22.4667058084 ],
						[ 114.2685847195, 22.4661908479 ],
						[ 114.2676898546, 22.4659562563 ],
						[ 114.2673682615, 22.4659881159 ],
						[ 114.267427376, 22.4664986899 ],
						[ 114.267077764, 22.4667615357 ],
						[ 114.2674132803, 22.4676085187 ],
						[ 114.2675956099, 22.4676446914 ],
						[ 114.267827331, 22.4676716521 ],
						[ 114.2680558026, 22.4680035085 ],
						[ 114.2677058571, 22.4685189006 ],
						[ 114.2674850371, 22.4685529972 ],
						[ 114.266923079, 22.4682144455 ],
						[ 114.2667887329, 22.4682613523 ],
						[ 114.2677527103, 22.4691461001 ],
						[ 114.2689125348, 22.4695756875 ],
						[ 114.2696184799, 22.4694894217 ],
						[ 114.2691016999, 22.4687490702 ],
						[ 114.2699052498, 22.4678464696 ],
						[ 114.2704001225, 22.4688360257 ],
						[ 114.2707505172, 22.4690006634 ],
						[ 114.2712924308, 22.4689057624 ],
						[ 114.2718884365, 22.4691698952 ],
						[ 114.2722411929, 22.4698993086 ],
						[ 114.2727498826, 22.4703462474 ],
						[ 114.2732168564, 22.4711913064 ],
						[ 114.2741169681, 22.4710998478 ],
						[ 114.2758810774, 22.4715400455 ],
						[ 114.2769175824, 22.4714921043 ],
						[ 114.2771386658, 22.471132439 ],
						[ 114.2781086387, 22.4706437299 ],
						[ 114.2796984399, 22.4705430822 ],
						[ 114.2805451996, 22.4711302846 ],
						[ 114.2816353974, 22.4715272252 ],
						[ 114.2850698153, 22.4736986859 ],
						[ 114.2870541704, 22.4739278432 ],
						[ 114.2885153814, 22.4748438129 ],
						[ 114.2890093538, 22.4747254607 ],
						[ 114.2891700419, 22.4742583682 ],
						[ 114.2897482094, 22.4743828551 ],
						[ 114.2901013107, 22.4747958661 ],
						[ 114.2895106433, 22.4751011736 ],
						[ 114.2896143027, 22.4755942517 ],
						[ 114.2910814638, 22.4752878648 ],
						[ 114.2925216652, 22.4758603503 ],
						[ 114.292725475, 22.4761632554 ],
						[ 114.2935970581, 22.4767912423 ],
						[ 114.2939206867, 22.4773782821 ],
						[ 114.2942296902, 22.4776264748 ],
						[ 114.2942503498, 22.4786885257 ],
						[ 114.294750487, 22.4794141149 ],
						[ 114.2949411442, 22.4793437188 ],
						[ 114.2951478009, 22.4794969306 ],
						[ 114.2951681965, 22.4791989846 ],
						[ 114.2951697706, 22.4791759559 ],
						[ 114.2954373511, 22.478927351 ],
						[ 114.2959467009, 22.478861767 ],
						[ 114.2964878102, 22.4789600868 ],
						[ 114.2976103757, 22.4795368976 ],
						[ 114.2984857275, 22.4793351145 ],
						[ 114.2997656139, 22.4795591453 ],
						[ 114.3018624608, 22.4805856171 ],
						[ 114.3023057453, 22.4806803267 ],
						[ 114.3033997536, 22.4813135864 ],
						[ 114.3041834914, 22.481969127 ],
						[ 114.3050442969, 22.4820676257 ],
						[ 114.3076961297, 22.4836542308 ],
						[ 114.3083022511, 22.4844476629 ],
						[ 114.308381264, 22.4845510958 ],
						[ 114.3091832595, 22.4856008277 ],
						[ 114.3092403009, 22.4858354266 ],
						[ 114.3055338723, 22.4857268486 ],
						[ 114.3053667007, 22.4860832942 ],
						[ 114.3064568548, 22.4867642973 ],
						[ 114.3076998175, 22.4870502699 ],
						[ 114.3082811778, 22.4873436729 ],
						[ 114.3088431318, 22.4880237078 ],
						[ 114.3087834295, 22.4886317006 ],
						[ 114.3093473377, 22.488753374 ],
						[ 114.3100935801, 22.4883569568 ],
						[ 114.3105656283, 22.4885305905 ],
						[ 114.3107022126, 22.4887449128 ],
						[ 114.3105712138, 22.4892060319 ],
						[ 114.3112454507, 22.4899709048 ],
						[ 114.3120064557, 22.4900249113 ],
						[ 114.3123146394, 22.4903772982 ],
						[ 114.3127281525, 22.4903076148 ],
						[ 114.3127722674, 22.4899452875 ],
						[ 114.3121076102, 22.4893769323 ],
						[ 114.3116944279, 22.4887624535 ],
						[ 114.3120816509, 22.4875733325 ],
						[ 114.3122836265, 22.4874579081 ],
						[ 114.3126557707, 22.4875255486 ],
						[ 114.313298525, 22.487942851 ],
						[ 114.3136246939, 22.4884922091 ],
						[ 114.3146899106, 22.4888861915 ],
						[ 114.3151419165, 22.4892632384 ],
						[ 114.3168357325, 22.4916807003 ],
						[ 114.3175118539, 22.4919469413 ],
						[ 114.317766546, 22.492047227 ],
						[ 114.3181465274, 22.4920377104 ],
						[ 114.3183285439, 22.4917216408 ],
						[ 114.3187201102, 22.4919334293 ],
						[ 114.3189252111, 22.4929365422 ],
						[ 114.319142063, 22.4933113917 ],
						[ 114.3195900132, 22.4940857209 ],
						[ 114.3195832637, 22.4947248972 ],
						[ 114.319897741, 22.4949220586 ],
						[ 114.3211252931, 22.4950201449 ],
						[ 114.3214298518, 22.4951805855 ],
						[ 114.3217635143, 22.4957675675 ],
						[ 114.3217717204, 22.4965270329 ],
						[ 114.322117879, 22.4967728351 ],
						[ 114.3230460996, 22.4969662209 ],
						[ 114.3233072368, 22.4971850155 ],
						[ 114.3241443502, 22.4981379504 ],
						[ 114.324162386, 22.4988340403 ],
						[ 114.3244796546, 22.499320469 ],
						[ 114.3252461731, 22.5003180093 ],
						[ 114.3257981107, 22.500747743 ],
						[ 114.326649595, 22.500777711 ],
						[ 114.3269340607, 22.5006190355 ],
						[ 114.3276984287, 22.5014388572 ],
						[ 114.328165265, 22.5022102903 ],
						[ 114.329237268, 22.5032451714 ],
						[ 114.3297217847, 22.5034568538 ],
						[ 114.331100154, 22.5035616015 ],
						[ 114.33299684, 22.5049248946 ],
						[ 114.333782513, 22.5052969767 ],
						[ 114.3349431245, 22.5068478452 ],
						[ 114.3363442474, 22.507802454 ],
						[ 114.336398864, 22.5088828283 ],
						[ 114.3358743959, 22.5100680126 ],
						[ 114.3349096938, 22.5102016634 ],
						[ 114.3346593566, 22.5102363416 ],
						[ 114.3341024987, 22.5110135242 ],
						[ 114.3339014616, 22.5112940949 ],
						[ 114.3333467533, 22.5111045368 ],
						[ 114.3328287381, 22.5105783708 ],
						[ 114.3325607827, 22.5104690828 ],
						[ 114.332266078, 22.5103488754 ],
						[ 114.3313312533, 22.5096307053 ],
						[ 114.3305651027, 22.5095005794 ],
						[ 114.3300818512, 22.5091167167 ],
						[ 114.3297567524, 22.508742338 ],
						[ 114.3279922536, 22.5076116863 ],
						[ 114.3279439424, 22.5072737793 ],
						[ 114.3274029454, 22.5069432237 ],
						[ 114.3269124123, 22.5060367348 ],
						[ 114.3262320361, 22.5058528678 ],
						[ 114.3252032199, 22.505914891 ],
						[ 114.3241430697, 22.5057941797 ],
						[ 114.3223085692, 22.5052283062 ],
						[ 114.3216626092, 22.504691202 ],
						[ 114.3210241476, 22.5047073882 ],
						[ 114.3207462197, 22.5045115694 ],
						[ 114.3202089976, 22.5044596993 ],
						[ 114.3201430881, 22.5042839006 ],
						[ 114.3201700339, 22.5042229306 ],
						[ 114.3203200819, 22.5038833455 ],
						[ 114.3200232936, 22.5036035146 ],
						[ 114.319679807, 22.5035689171 ],
						[ 114.3194684304, 22.5036696756 ],
						[ 114.319135492, 22.5038283717 ],
						[ 114.3178076094, 22.5038019965 ],
						[ 114.3172219025, 22.5041817835 ],
						[ 114.3163783872, 22.5037247217 ],
						[ 114.3159115158, 22.5038495549 ],
						[ 114.3158188073, 22.5040525924 ],
						[ 114.3153346125, 22.5041452998 ],
						[ 114.3145156137, 22.5040018229 ],
						[ 114.3135589334, 22.503534747 ],
						[ 114.3132206936, 22.502803113 ],
						[ 114.3129600803, 22.5026178224 ],
						[ 114.3122426603, 22.5027313879 ],
						[ 114.3119083163, 22.5024396353 ],
						[ 114.3101560878, 22.5025407359 ],
						[ 114.3095329728, 22.5020600307 ],
						[ 114.3091479793, 22.501509341 ],
						[ 114.3093086912, 22.5005858169 ],
						[ 114.3082964602, 22.5014333611 ],
						[ 114.3066960794, 22.5011430861 ],
						[ 114.3062240772, 22.500537356 ],
						[ 114.3056984514, 22.5001718212 ],
						[ 114.3051582242, 22.5000620456 ],
						[ 114.3043400308, 22.4991269041 ],
						[ 114.3043304176, 22.4988918148 ],
						[ 114.3048583548, 22.4980079542 ],
						[ 114.3046648762, 22.4977165258 ],
						[ 114.304697668, 22.4973698325 ],
						[ 114.3042148505, 22.4978775959 ],
						[ 114.3032355303, 22.4979830562 ],
						[ 114.3036197699, 22.498286726 ],
						[ 114.3036590187, 22.4985172046 ],
						[ 114.3031028428, 22.49934002 ],
						[ 114.3030108004, 22.4997377358 ],
						[ 114.3017979994, 22.5006877827 ],
						[ 114.3015186761, 22.5011081465 ],
						[ 114.3010952365, 22.5011723003 ],
						[ 114.3005701154, 22.5008154627 ],
						[ 114.3001496578, 22.5009103782 ],
						[ 114.3000210756, 22.5013540307 ],
						[ 114.300325483, 22.5019139881 ],
						[ 114.3002525063, 22.5020899106 ],
						[ 114.299720474, 22.5023052131 ],
						[ 114.2990097326, 22.502166162 ],
						[ 114.2973071626, 22.5025508558 ],
						[ 114.2974568578, 22.5036472392 ],
						[ 114.297087535, 22.5040180677 ],
						[ 114.2968647373, 22.5046776047 ],
						[ 114.2954984768, 22.5048411636 ],
						[ 114.2952358844, 22.5052077823 ],
						[ 114.2945400798, 22.5052059894 ],
						[ 114.2938494175, 22.5048589044 ],
						[ 114.2938827964, 22.5045985254 ],
						[ 114.2943935043, 22.5042684726 ],
						[ 114.2940332506, 22.5036837473 ],
						[ 114.29362984, 22.5040839776 ],
						[ 114.292899813, 22.5039210463 ],
						[ 114.2932382538, 22.5044364456 ],
						[ 114.2926016625, 22.5049162818 ],
						[ 114.2926626434, 22.5051554707 ],
						[ 114.2932563574, 22.5053970207 ],
						[ 114.2938375773, 22.5060573521 ],
						[ 114.2938793465, 22.5063658806 ],
						[ 114.2935634326, 22.5067949803 ],
						[ 114.2937181781, 22.5080552913 ],
						[ 114.2931472021, 22.5084271779 ],
						[ 114.2928911922, 22.5084048589 ],
						[ 114.2929904971, 22.5071889019 ],
						[ 114.2922501736, 22.5065479705 ],
						[ 114.2921143666, 22.5066605681 ],
						[ 114.2924162633, 22.5071939114 ],
						[ 114.2924278813, 22.5075024619 ],
						[ 114.2922437198, 22.5077069241 ],
						[ 114.2916407493, 22.5076352655 ],
						[ 114.2914831344, 22.5082704116 ],
						[ 114.2916877853, 22.5089365266 ],
						[ 114.2905790951, 22.5086755861 ],
						[ 114.2897202911, 22.5081922255 ],
						[ 114.289766071, 22.5079685743 ],
						[ 114.290360709, 22.5075236814 ],
						[ 114.2903248485, 22.507181618 ],
						[ 114.2899767535, 22.50695595 ],
						[ 114.2901779971, 22.5064814882 ],
						[ 114.290100046, 22.5060338441 ],
						[ 114.2915319682, 22.5057665163 ],
						[ 114.2916412909, 22.5053008413 ],
						[ 114.2914606318, 22.5043518594 ],
						[ 114.2908258898, 22.5040832316 ],
						[ 114.2907208681, 22.5043794752 ],
						[ 114.2911614871, 22.504754303 ],
						[ 114.2910816111, 22.5049710886 ],
						[ 114.2901185273, 22.505062226 ],
						[ 114.2895164337, 22.5054455994 ],
						[ 114.2892095661, 22.5054655541 ],
						[ 114.2891609328, 22.5058265051 ],
						[ 114.2884750692, 22.5058995228 ],
						[ 114.2882422823, 22.5064828385 ],
						[ 114.2876121173, 22.5063886799 ],
						[ 114.2870697166, 22.5060387095 ],
						[ 114.2868364798, 22.506060903 ],
						[ 114.2862983702, 22.505503382 ],
						[ 114.2861018874, 22.5054714937 ],
						[ 114.2857232183, 22.5057051672 ],
						[ 114.2860578813, 22.5057202742 ],
						[ 114.2864717556, 22.5066626649 ],
						[ 114.287764274, 22.5081756771 ],
						[ 114.2875801678, 22.5090817488 ],
						[ 114.2863123626, 22.5082037615 ],
						[ 114.2859098421, 22.5085199441 ],
						[ 114.2853401394, 22.5086470611 ],
						[ 114.2848195159, 22.5083471059 ],
						[ 114.2845949236, 22.5080414517 ],
						[ 114.2841264335, 22.5080518694 ],
						[ 114.2838335908, 22.5083206727 ],
						[ 114.283260935, 22.5084767176 ],
						[ 114.283263338, 22.5090258801 ],
						[ 114.2830791431, 22.5092069161 ],
						[ 114.2825728477, 22.5088931729 ],
						[ 114.2823069768, 22.5089006979 ],
						[ 114.2823977301, 22.5093180223 ],
						[ 114.2816419889, 22.5098226905 ],
						[ 114.2819943888, 22.5098628627 ],
						[ 114.2826460094, 22.5095777535 ],
						[ 114.283332032, 22.5096718946 ],
						[ 114.2837745019, 22.5092473275 ],
						[ 114.2841392192, 22.5092424885 ],
						[ 114.284399317, 22.5094480269 ],
						[ 114.2847428735, 22.5101911953 ],
						[ 114.2849984687, 22.5103150019 ],
						[ 114.2855263932, 22.5104707635 ],
						[ 114.2856872124, 22.5107374301 ],
						[ 114.2854417331, 22.5109116201 ],
						[ 114.2848555563, 22.5108394643 ],
						[ 114.2844683978, 22.5105867286 ],
						[ 114.2838948896, 22.5109218396 ],
						[ 114.2835682417, 22.5102980487 ],
						[ 114.2832909263, 22.5102008848 ],
						[ 114.2820315933, 22.5107100137 ],
						[ 114.2815620539, 22.5106428267 ],
						[ 114.2813336034, 22.5104625121 ],
						[ 114.2800392991, 22.510472079 ],
						[ 114.2797065148, 22.5102128583 ],
						[ 114.2795958329, 22.5095691718 ],
						[ 114.2792903525, 22.5101538843 ],
						[ 114.2788768748, 22.5103754722 ],
						[ 114.2782250585, 22.5104213427 ],
						[ 114.2779966899, 22.5103604139 ],
						[ 114.277947594, 22.5101143309 ],
						[ 114.2780349507, 22.5092868501 ],
						[ 114.2784209902, 22.5087071822 ],
						[ 114.278323541, 22.5085799966 ],
						[ 114.2781314991, 22.5088441476 ],
						[ 114.2776334309, 22.5089624599 ],
						[ 114.2771694164, 22.509685035 ],
						[ 114.2759316822, 22.5100049255 ],
						[ 114.2755011673, 22.5099055487 ],
						[ 114.2756074237, 22.5092162674 ],
						[ 114.2759429511, 22.5084836799 ],
						[ 114.2755606488, 22.5080711181 ],
						[ 114.2754875362, 22.5077753459 ],
						[ 114.2751335583, 22.5079125079 ],
						[ 114.2747846172, 22.5078608319 ],
						[ 114.2743954189, 22.5081815742 ],
						[ 114.273964758, 22.5078636221 ],
						[ 114.2738048608, 22.5081713652 ],
						[ 114.2733404008, 22.5082910257 ],
						[ 114.2729343892, 22.5086053449 ],
						[ 114.2727268309, 22.5078909943 ],
						[ 114.2728299391, 22.5076356351 ],
						[ 114.2716076799, 22.5074334102 ],
						[ 114.2713509101, 22.5072149446 ],
						[ 114.271223006, 22.5071549134 ],
						[ 114.2712167842, 22.5073101222 ],
						[ 114.2712944224, 22.5075286389 ],
						[ 114.2720705497, 22.5086127481 ],
						[ 114.2720418812, 22.5093267787 ],
						[ 114.2721757571, 22.5092477199 ],
						[ 114.2730589987, 22.5094212191 ],
						[ 114.2740311437, 22.5088016755 ],
						[ 114.274488724, 22.5087380326 ],
						[ 114.274673241, 22.508999648 ],
						[ 114.2744334365, 22.5095338046 ],
						[ 114.2737354257, 22.5099539126 ],
						[ 114.2732281314, 22.5110190335 ],
						[ 114.2734250371, 22.5113169178 ],
						[ 114.2736920949, 22.5108851417 ],
						[ 114.2741615935, 22.5108981695 ],
						[ 114.2746555894, 22.5113046976 ],
						[ 114.2746364844, 22.5115439418 ],
						[ 114.2740723119, 22.5118427461 ],
						[ 114.2740337277, 22.5124984647 ],
						[ 114.2741504583, 22.5126384372 ],
						[ 114.2745245929, 22.5126744857 ],
						[ 114.2750731659, 22.5133766877 ],
						[ 114.2742581326, 22.5132527443 ],
						[ 114.2735010862, 22.5133794721 ],
						[ 114.2722557178, 22.5127052307 ],
						[ 114.2724076376, 22.5123033252 ],
						[ 114.2724159718, 22.5122252978 ],
						[ 114.2723260132, 22.5121601519 ],
						[ 114.2722649761, 22.5122175851 ],
						[ 114.2720880956, 22.5125896237 ],
						[ 114.272022004, 22.5126468521 ],
						[ 114.2717259677, 22.5127707519 ],
						[ 114.2723415584, 22.5132130297 ],
						[ 114.2721619564, 22.5136291472 ],
						[ 114.2725425893, 22.5151951486 ],
						[ 114.2730607479, 22.5155158062 ],
						[ 114.2736373962, 22.515368067 ],
						[ 114.2735699723, 22.515774474 ],
						[ 114.2733624, 22.515774138 ],
						[ 114.2726323638, 22.5156671306 ],
						[ 114.2720856201, 22.5161830979 ],
						[ 114.2724733137, 22.5172375878 ],
						[ 114.2727566185, 22.5173985843 ],
						[ 114.2740420324, 22.5173142465 ],
						[ 114.2747272963, 22.5162848303 ],
						[ 114.2758506688, 22.516304805 ],
						[ 114.2760707021, 22.5164543569 ],
						[ 114.2766137465, 22.5163015797 ],
						[ 114.2765987779, 22.5161114908 ],
						[ 114.2761764028, 22.5156782943 ],
						[ 114.2767864792, 22.5152807342 ],
						[ 114.276895275, 22.5146929252 ],
						[ 114.2773617362, 22.5139014841 ],
						[ 114.278013733, 22.5133996647 ],
						[ 114.2784021772, 22.5133952843 ],
						[ 114.2789727226, 22.5143798476 ],
						[ 114.2789969196, 22.5150217559 ],
						[ 114.2795230207, 22.5153648823 ],
						[ 114.2791294605, 22.516494687 ],
						[ 114.2791887972, 22.5172049869 ],
						[ 114.2794226134, 22.517940894 ],
						[ 114.2800506943, 22.5185029759 ],
						[ 114.281111338, 22.5185408613 ],
						[ 114.2817239716, 22.5182626714 ],
						[ 114.2819941651, 22.5187161535 ],
						[ 114.281736727, 22.5194514561 ],
						[ 114.2814279897, 22.5198194093 ],
						[ 114.2806311329, 22.52076907 ],
						[ 114.28062643, 22.5210964688 ],
						[ 114.2810814352, 22.520841329 ],
						[ 114.2811992769, 22.5204229213 ],
						[ 114.2815743609, 22.5204116878 ],
						[ 114.2823676151, 22.5210778813 ],
						[ 114.2831610786, 22.5213597567 ],
						[ 114.2833729648, 22.521816029 ],
						[ 114.283543006, 22.5218906155 ],
						[ 114.2838767689, 22.5220370109 ],
						[ 114.2851131545, 22.5236901211 ],
						[ 114.2857599574, 22.5239923643 ],
						[ 114.2857792501, 22.524758622 ],
						[ 114.2860193115, 22.5252047756 ],
						[ 114.2856004823, 22.5256242572 ],
						[ 114.2850784737, 22.5254754005 ],
						[ 114.2847421193, 22.5251459461 ],
						[ 114.2846771068, 22.5248034412 ],
						[ 114.2848659333, 22.5241921582 ],
						[ 114.2843794004, 22.5239436164 ],
						[ 114.2830415246, 22.5240078705 ],
						[ 114.2828271954, 22.5242385116 ],
						[ 114.2828624437, 22.5244460421 ],
						[ 114.2829580462, 22.5247187229 ],
						[ 114.2828038235, 22.5247041321 ],
						[ 114.2823191488, 22.5242889005 ],
						[ 114.2823093851, 22.5237962107 ],
						[ 114.2809072048, 22.5231386747 ],
						[ 114.2804574124, 22.52243047 ],
						[ 114.2802912397, 22.5216233531 ],
						[ 114.2799508663, 22.5218361641 ],
						[ 114.2793138826, 22.521954119 ],
						[ 114.2794501418, 22.5224196285 ],
						[ 114.2793385853, 22.522618521 ],
						[ 114.278907115, 22.5226247641 ],
						[ 114.2784868167, 22.5223568735 ],
						[ 114.2780805406, 22.5223484062 ],
						[ 114.2776943791, 22.5228004735 ],
						[ 114.277331622, 22.5228369753 ],
						[ 114.2774507781, 22.5235715747 ],
						[ 114.2780718719, 22.5233379312 ],
						[ 114.2784387218, 22.5235002466 ],
						[ 114.2784275472, 22.5237578446 ],
						[ 114.2780235181, 22.5241309444 ],
						[ 114.2779244029, 22.524440486 ],
						[ 114.2786102752, 22.5249235662 ],
						[ 114.279501278, 22.5260755176 ],
						[ 114.279303392, 22.5264980837 ],
						[ 114.2795167414, 22.5269415007 ],
						[ 114.281535843, 22.5285289913 ],
						[ 114.2814219664, 22.5287990186 ],
						[ 114.2805586945, 22.52900481 ],
						[ 114.2796030259, 22.5286582872 ],
						[ 114.278622922, 22.5286928911 ],
						[ 114.2782723162, 22.5284580162 ],
						[ 114.2764874713, 22.5283691345 ],
						[ 114.2757678482, 22.5284984957 ],
						[ 114.2754288986, 22.5285594238 ],
						[ 114.27499911, 22.5288673325 ],
						[ 114.2745083136, 22.5295903662 ],
						[ 114.2737539166, 22.5293782206 ],
						[ 114.2736563316, 22.5290710938 ],
						[ 114.2739234621, 22.5286957941 ],
						[ 114.2746018216, 22.528313815 ],
						[ 114.2751998491, 22.528263856 ],
						[ 114.2755189079, 22.5279399496 ],
						[ 114.2757662475, 22.5268510984 ],
						[ 114.275469048, 22.5266340917 ],
						[ 114.2747929422, 22.5266818055 ],
						[ 114.2743499695, 22.5265218218 ],
						[ 114.2735612355, 22.5252453421 ],
						[ 114.2726150446, 22.5256688084 ],
						[ 114.2716201614, 22.5250274743 ],
						[ 114.2710121272, 22.5255972042 ],
						[ 114.2699519537, 22.5255978208 ],
						[ 114.2693481679, 22.5258759608 ],
						[ 114.2690387578, 22.5258720114 ],
						[ 114.2688625283, 22.5261949023 ],
						[ 114.2683471837, 22.5264440727 ],
						[ 114.267972472, 22.5271087027 ],
						[ 114.2666151315, 22.5269400288 ],
						[ 114.2664616581, 22.526551204 ],
						[ 114.2665296762, 22.5262572912 ],
						[ 114.2662163273, 22.5262666494 ],
						[ 114.2644413815, 22.5253566336 ],
						[ 114.2639487804, 22.5256259694 ],
						[ 114.2634523452, 22.5252988507 ],
						[ 114.2631796204, 22.5246685607 ],
						[ 114.262248358, 22.5253242913 ],
						[ 114.261752495, 22.5261637809 ],
						[ 114.2616148061, 22.5264979676 ],
						[ 114.2617529089, 22.5268409671 ],
						[ 114.2620917806, 22.5270935567 ],
						[ 114.2624708124, 22.5269895877 ],
						[ 114.2627265253, 22.5272856111 ],
						[ 114.2626608574, 22.5274009005 ],
						[ 114.2620647715, 22.5273851432 ],
						[ 114.2623343799, 22.527768411 ],
						[ 114.2631251822, 22.5309211177 ],
						[ 114.2636628886, 22.5316169332 ],
						[ 114.2640025544, 22.5325686027 ],
						[ 114.2645178157, 22.5329090289 ],
						[ 114.2663349352, 22.5331472608 ],
						[ 114.2671694575, 22.5334291826 ],
						[ 114.2676080576, 22.5344482905 ],
						[ 114.2677010406, 22.5352839334 ],
						[ 114.2671279011, 22.5364050845 ],
						[ 114.2670793063, 22.5369299463 ],
						[ 114.2661770743, 22.5367068313 ],
						[ 114.265594353, 22.5367815457 ],
						[ 114.265008987, 22.5365807527 ],
						[ 114.2643421956, 22.5366059049 ],
						[ 114.2641477518, 22.5363075486 ],
						[ 114.2638189634, 22.5361630876 ],
						[ 114.2636145874, 22.5357885198 ],
						[ 114.2635623291, 22.5352155002 ],
						[ 114.262962209, 22.5351285803 ],
						[ 114.2629985956, 22.5348167881 ],
						[ 114.2626067258, 22.5341888464 ],
						[ 114.2625773091, 22.5337774484 ],
						[ 114.2621951441, 22.5336376089 ],
						[ 114.2617570959, 22.5336905418 ],
						[ 114.2614145608, 22.5338647279 ],
						[ 114.2611622599, 22.5342566781 ],
						[ 114.2617576122, 22.534534852 ],
						[ 114.2621065914, 22.5359247811 ],
						[ 114.262613103, 22.5365030681 ],
						[ 114.262603783, 22.5374200324 ],
						[ 114.2633046306, 22.538111174 ],
						[ 114.2629576956, 22.5398107442 ],
						[ 114.2623042072, 22.5405792857 ],
						[ 114.2617612994, 22.540564348 ],
						[ 114.2613803831, 22.5406047517 ],
						[ 114.2609178126, 22.5402526211 ],
						[ 114.2604141211, 22.5401392728 ],
						[ 114.2602665775, 22.5394867987 ],
						[ 114.2597025608, 22.5390830004 ],
						[ 114.2589327935, 22.5388035265 ],
						[ 114.2585974853, 22.5384176229 ],
						[ 114.2577162613, 22.5379386924 ],
						[ 114.2572072009, 22.5379860587 ],
						[ 114.2560891404, 22.5389070221 ],
						[ 114.2560680905, 22.5394801523 ],
						[ 114.2566875058, 22.5402829506 ],
						[ 114.2574216015, 22.5407836603 ],
						[ 114.2576850153, 22.5410905778 ],
						[ 114.2580071586, 22.5414659333 ],
						[ 114.2576845698, 22.5424289919 ],
						[ 114.2576968784, 22.5430820057 ],
						[ 114.2588428179, 22.5438632815 ],
						[ 114.2588637852, 22.5440078194 ],
						[ 114.2582973179, 22.5445382783 ],
						[ 114.2576170799, 22.5443612835 ],
						[ 114.2559268686, 22.5446664637 ],
						[ 114.2563355859, 22.5447346129 ],
						[ 114.2564187366, 22.5449576302 ],
						[ 114.2567614135, 22.5451569675 ],
						[ 114.2571044264, 22.5459525139 ],
						[ 114.2581074371, 22.5463020713 ],
						[ 114.2583085303, 22.5466972816 ],
						[ 114.259008857, 22.5471878415 ],
						[ 114.2593711719, 22.5478129615 ],
						[ 114.2604452141, 22.5480072995 ],
						[ 114.2606735639, 22.5482367047 ],
						[ 114.2606416009, 22.5488366244 ],
						[ 114.2603214631, 22.5489102165 ],
						[ 114.2595768742, 22.5484284627 ],
						[ 114.2591752941, 22.5478264538 ],
						[ 114.2583334589, 22.5476610946 ],
						[ 114.2579673011, 22.5481203277 ],
						[ 114.2572406488, 22.5485229397 ],
						[ 114.2570917831, 22.5490208563 ],
						[ 114.2555697181, 22.5496081195 ],
						[ 114.2551842312, 22.5493145871 ],
						[ 114.2549383533, 22.5488487325 ],
						[ 114.2554512762, 22.5476532909 ],
						[ 114.2545208605, 22.5464446983 ],
						[ 114.2544790332, 22.5463501528 ],
						[ 114.2542430804, 22.5458167543 ],
						[ 114.2542413563, 22.5453923383 ],
						[ 114.2533950485, 22.5451886215 ],
						[ 114.2531839987, 22.5447430656 ],
						[ 114.2525719739, 22.5447456666 ],
						[ 114.252139536, 22.5449255191 ],
						[ 114.2521197589, 22.5451347252 ],
						[ 114.2526376942, 22.5458175187 ],
						[ 114.2535055266, 22.5462817002 ],
						[ 114.2530527273, 22.5465137512 ],
						[ 114.2530464819, 22.5469136896 ],
						[ 114.25328349, 22.547549963 ],
						[ 114.2532100493, 22.5478113899 ],
						[ 114.2530071803, 22.5477883955 ],
						[ 114.2527892153, 22.5474134959 ],
						[ 114.2525723908, 22.547327241 ],
						[ 114.2519698679, 22.5474475999 ],
						[ 114.2515366131, 22.5479872016 ],
						[ 114.2510034037, 22.5475621105 ],
						[ 114.2504351727, 22.5476556639 ],
						[ 114.2503470958, 22.5465782767 ],
						[ 114.2507774359, 22.5461693665 ],
						[ 114.2507260803, 22.5458853679 ],
						[ 114.2512326755, 22.5458417256 ],
						[ 114.2512738332, 22.5456348125 ],
						[ 114.2509435364, 22.5454128819 ],
						[ 114.2503850596, 22.5450376297 ],
						[ 114.2493866277, 22.5448381061 ],
						[ 114.2471416138, 22.5462730573 ],
						[ 114.2464276584, 22.5472436503 ],
						[ 114.2465110709, 22.5480167102 ],
						[ 114.2468639202, 22.5486982028 ],
						[ 114.2473777275, 22.5491071518 ],
						[ 114.2473460056, 22.5493002072 ],
						[ 114.2468641816, 22.5492163633 ],
						[ 114.2461130393, 22.549441598 ],
						[ 114.2452330081, 22.549445668 ],
						[ 114.2441570682, 22.5483853194 ],
						[ 114.2444632776, 22.5482628029 ],
						[ 114.244636606, 22.5478581799 ],
						[ 114.244758153, 22.5463170295 ],
						[ 114.2446019168, 22.5460626385 ],
						[ 114.2440703118, 22.5458199454 ],
						[ 114.2435035508, 22.5458520403 ],
						[ 114.2437602771, 22.5462449431 ],
						[ 114.2436479379, 22.5473265713 ],
						[ 114.2433863248, 22.5481607306 ],
						[ 114.2429633846, 22.5485091147 ],
						[ 114.2424447534, 22.5483726349 ],
						[ 114.2420040716, 22.5480047375 ],
						[ 114.241416212, 22.5465479297 ],
						[ 114.2410097932, 22.5460641114 ],
						[ 114.2407884071, 22.5435892995 ],
						[ 114.2403357997, 22.5432057073 ],
						[ 114.2387419083, 22.5410334564 ],
						[ 114.2383348797, 22.539115215 ],
						[ 114.2383730876, 22.5378285656 ],
						[ 114.2377079904, 22.5369093304 ],
						[ 114.2375210176, 22.5356698772 ],
						[ 114.2372956972, 22.5354085694 ],
						[ 114.2368720706, 22.5352618674 ],
						[ 114.2361966599, 22.5345643066 ],
						[ 114.2359826833, 22.5340863998 ],
						[ 114.2360670213, 22.5336748917 ],
						[ 114.2332549652, 22.5318032143 ],
						[ 114.2326122134, 22.5319078111 ],
						[ 114.2314636062, 22.5325663012 ],
						[ 114.2306750017, 22.5334315574 ],
						[ 114.2300779651, 22.5335047212 ],
						[ 114.2296863278, 22.5337773231 ],
						[ 114.2290892644, 22.533759042 ],
						[ 114.2290151979, 22.5311368497 ],
						[ 114.2287604825, 22.5306321622 ],
						[ 114.2280627791, 22.5299913748 ],
						[ 114.2273166466, 22.5301052215 ],
						[ 114.227206903, 22.5304599322 ],
						[ 114.226739945, 22.5300070336 ],
						[ 114.2261547249, 22.5297056452 ],
						[ 114.2258806278, 22.5291944932 ],
						[ 114.2247087012, 22.5285561467 ],
						[ 114.2241552964, 22.528224255 ],
						[ 114.2238472443, 22.5286838551 ],
						[ 114.2238558038, 22.5290159079 ],
						[ 114.2233231826, 22.5298778207 ],
						[ 114.2219667664, 22.5305884895 ],
						[ 114.2214989257, 22.5304523789 ],
						[ 114.2213328452, 22.5303208075 ],
						[ 114.2213233133, 22.530029861 ],
						[ 114.2215478634, 22.5295887651 ],
						[ 114.2214402695, 22.5289025238 ],
						[ 114.2217357772, 22.5280402229 ],
						[ 114.2213221674, 22.528029718 ],
						[ 114.2207695672, 22.5286117591 ],
						[ 114.2203320737, 22.5285121285 ],
						[ 114.2201672314, 22.5275709746 ],
						[ 114.2195425559, 22.5265883854 ],
						[ 114.2191832421, 22.5252806038 ],
						[ 114.2187971241, 22.52515493 ],
						[ 114.2157394777, 22.5241597118 ],
						[ 114.2159280896, 22.5248888771 ],
						[ 114.2158219232, 22.5256449068 ],
						[ 114.2163412027, 22.5267083583 ],
						[ 114.2162091495, 22.5273540164 ],
						[ 114.2155265058, 22.5269450072 ],
						[ 114.2151977671, 22.5264010607 ],
						[ 114.2150926828, 22.5257041945 ],
						[ 114.2136251442, 22.5253955807 ],
						[ 114.2112619831, 22.5257415418 ],
						[ 114.2102195166, 22.5255755032 ],
						[ 114.209909261, 22.5253187979 ],
						[ 114.2098525195, 22.5250555744 ],
						[ 114.2101959895, 22.5249109546 ],
						[ 114.2103320864, 22.5244417086 ],
						[ 114.2101586565, 22.5243135134 ],
						[ 114.2100297922, 22.5242182516 ],
						[ 114.2096813141, 22.5241823009 ],
						[ 114.2090395957, 22.5243509913 ],
						[ 114.2088226399, 22.524602765 ],
						[ 114.2085510724, 22.5249283724 ],
						[ 114.2081792606, 22.5250055645 ],
						[ 114.2079765037, 22.5253011767 ],
						[ 114.2079349229, 22.5260511745 ],
						[ 114.2084853686, 22.5267008561 ],
						[ 114.2084342639, 22.5271511381 ],
						[ 114.2080113918, 22.5279099967 ],
						[ 114.2080440764, 22.5281025176 ],
						[ 114.208087059, 22.5283556393 ],
						[ 114.2083223139, 22.5289102383 ],
						[ 114.2082880915, 22.5292695449 ],
						[ 114.208944057, 22.5304147359 ],
						[ 114.2094188901, 22.5307420723 ],
						[ 114.2096193982, 22.5314416856 ],
						[ 114.209555821, 22.5316735349 ],
						[ 114.2090885125, 22.5316579254 ],
						[ 114.2088901907, 22.5317872797 ],
						[ 114.2085478191, 22.5324375874 ],
						[ 114.2085287403, 22.5338147475 ],
						[ 114.2089762612, 22.5342372252 ],
						[ 114.2087700043, 22.534962503 ],
						[ 114.2088596814, 22.5350522649 ],
						[ 114.2092432818, 22.5344736224 ],
						[ 114.2095614596, 22.5345234327 ],
						[ 114.2097082302, 22.5349916898 ],
						[ 114.2094140226, 22.5354369461 ],
						[ 114.2098307057, 22.5357328942 ],
						[ 114.2102174458, 22.5356076538 ],
						[ 114.2104325545, 22.5349735338 ],
						[ 114.2110395294, 22.5348459425 ],
						[ 114.2116458862, 22.5341960244 ],
						[ 114.2122404496, 22.5341709619 ],
						[ 114.2127471274, 22.5345269165 ],
						[ 114.2134660059, 22.5354330769 ],
						[ 114.2140097875, 22.5361185275 ],
						[ 114.2145651338, 22.536270334 ],
						[ 114.2149446131, 22.5368313545 ],
						[ 114.2149228973, 22.5378636371 ],
						[ 114.2149176195, 22.5381147633 ],
						[ 114.2151469347, 22.5385806839 ],
						[ 114.2155422515, 22.5388719987 ],
						[ 114.2150528379, 22.5399042845 ],
						[ 114.2158485786, 22.5409177951 ],
						[ 114.2171185631, 22.5417312067 ],
						[ 114.2176453635, 22.5427747922 ],
						[ 114.2185134739, 22.542932971 ],
						[ 114.2196148632, 22.5434665468 ],
						[ 114.2196636424, 22.5436438807 ],
						[ 114.2194921864, 22.5438762228 ],
						[ 114.2188171244, 22.5441825832 ],
						[ 114.2194904388, 22.5446433057 ],
						[ 114.2198670877, 22.5439952694 ],
						[ 114.2202294638, 22.5437887384 ],
						[ 114.2207524657, 22.5437280932 ],
						[ 114.2221322718, 22.5441844564 ],
						[ 114.2226451144, 22.544209244 ],
						[ 114.2226893016, 22.5436574956 ],
						[ 114.2222817011, 22.543526319 ],
						[ 114.2221116106, 22.5434902456 ],
						[ 114.2217365326, 22.5435182545 ],
						[ 114.2216164825, 22.5434624804 ],
						[ 114.2215189341, 22.5433648534 ],
						[ 114.2215427627, 22.5430660869 ],
						[ 114.2217213534, 22.5429950948 ],
						[ 114.2221564302, 22.5429042901 ],
						[ 114.2222690781, 22.5429185624 ],
						[ 114.2224040184, 22.5429949029 ],
						[ 114.2229742791, 22.5433923464 ],
						[ 114.2229942676, 22.5434537199 ],
						[ 114.2229445634, 22.5442503368 ],
						[ 114.2242001722, 22.5446609159 ],
						[ 114.2248799666, 22.5436742669 ],
						[ 114.2248604639, 22.5433334495 ],
						[ 114.2251636076, 22.5429606675 ],
						[ 114.226355142, 22.5436590009 ],
						[ 114.2261015266, 22.5440727768 ],
						[ 114.2256815223, 22.5447580007 ],
						[ 114.2255517162, 22.5449444805 ],
						[ 114.2254247962, 22.5452396394 ],
						[ 114.225482028, 22.5456287124 ],
						[ 114.2256047018, 22.5456989313 ],
						[ 114.2270582234, 22.5479256818 ],
						[ 114.2268271007, 22.5480207439 ],
						[ 114.2265817155, 22.5481426754 ],
						[ 114.2264683489, 22.5482249226 ],
						[ 114.2264141511, 22.5482845214 ],
						[ 114.226284863, 22.5484849444 ],
						[ 114.2262440416, 22.5485693274 ],
						[ 114.2262152254, 22.5485955784 ],
						[ 114.2260405322, 22.5487600563 ],
						[ 114.2257366203, 22.549327218 ],
						[ 114.2256173136, 22.5494967446 ],
						[ 114.2255628773, 22.5495715322 ],
						[ 114.2255025315, 22.5496507285 ],
						[ 114.2253522173, 22.5497827432 ],
						[ 114.2252072301, 22.5499135823 ],
						[ 114.2251294398, 22.5499846653 ],
						[ 114.2250771322, 22.5500313498 ],
						[ 114.2249376309, 22.55008747 ],
						[ 114.2248289856, 22.550138587 ],
						[ 114.2247538811, 22.550189703 ],
						[ 114.224622489, 22.5504190223 ],
						[ 114.2245185289, 22.5507236193 ],
						[ 114.2244863024, 22.5508148804 ],
						[ 114.2244743077, 22.5508499306 ],
						[ 114.2244340245, 22.5509216434 ],
						[ 114.2243705879, 22.5509782192 ],
						[ 114.224349999, 22.5509853953 ],
						[ 114.2243063606, 22.550997256 ],
						[ 114.2242136511, 22.5509981774 ],
						[ 114.2241518988, 22.5510053656 ],
						[ 114.2240366651, 22.5510116665 ],
						[ 114.2237907711, 22.5509742806 ],
						[ 114.2237199608, 22.5509615143 ],
						[ 114.2235243857, 22.5509734642 ],
						[ 114.2234267608, 22.5510152578 ],
						[ 114.2232713296, 22.5511191245 ],
						[ 114.2231955468, 22.5511800108 ],
						[ 114.2231197668, 22.5512206059 ],
						[ 114.2229861217, 22.5512929141 ],
						[ 114.222750645, 22.5513887843 ],
						[ 114.2226062733, 22.5514526879 ],
						[ 114.2224464243, 22.5515182032 ],
						[ 114.222427521, 22.551537371 ],
						[ 114.2223812004, 22.5515534852 ],
						[ 114.2220862937, 22.5516560717 ],
						[ 114.2216720837, 22.5517209171 ],
						[ 114.221518133, 22.5517491527 ],
						[ 114.2213275329, 22.5518173032 ],
						[ 114.2212524198, 22.5519092618 ],
						[ 114.2212247998, 22.5519719851 ],
						[ 114.2211980774, 22.5520446686 ],
						[ 114.221116898, 22.5522600012 ],
						[ 114.2210989571, 22.5523099529 ],
						[ 114.2210656468, 22.5524864419 ],
						[ 114.2210601571, 22.5525272966 ],
						[ 114.2210383067, 22.5526042772 ],
						[ 114.2210240569, 22.5527053666 ],
						[ 114.2209772369, 22.5529565131 ],
						[ 114.2209257464, 22.5531351291 ],
						[ 114.2209118318, 22.5531591536 ],
						[ 114.220894191, 22.5532056285 ],
						[ 114.2208173504, 22.5533716903 ],
						[ 114.2207759903, 22.5534280779 ],
						[ 114.2207318602, 22.5534870219 ],
						[ 114.2206829489, 22.5535529838 ],
						[ 114.2205454066, 22.5536720952 ],
						[ 114.2204265916, 22.5536750352 ],
						[ 114.2202514753, 22.5536169994 ],
						[ 114.2200482375, 22.5536373814 ],
						[ 114.2199013197, 22.5537477805 ],
						[ 114.2198606897, 22.5538087822 ],
						[ 114.219724054, 22.5540016615 ],
						[ 114.219704429, 22.5540469628 ],
						[ 114.2196481761, 22.5541428167 ],
						[ 114.2195872109, 22.5542800488 ],
						[ 114.2195555356, 22.5543430709 ],
						[ 114.2193798895, 22.5547150587 ],
						[ 114.2193323711, 22.5547932649 ],
						[ 114.2192361966, 22.5549491989 ],
						[ 114.2191182769, 22.5551178172 ],
						[ 114.2189917943, 22.5552320028 ],
						[ 114.218769561, 22.5554284616 ],
						[ 114.2186268139, 22.5555157859 ],
						[ 114.2185137002, 22.5556019014 ],
						[ 114.2183415714, 22.5557211914 ],
						[ 114.2181641239, 22.5558396066 ],
						[ 114.2180955031, 22.5559050851 ],
						[ 114.2180673567, 22.5559380801 ],
						[ 114.2180262702, 22.555972433 ],
						[ 114.2179535901, 22.5560546456 ],
						[ 114.2178164406, 22.556038426 ],
						[ 114.2174866931, 22.555968037 ],
						[ 114.217288265, 22.5559247234 ],
						[ 114.2170197977, 22.5558516179 ],
						[ 114.2169468289, 22.5558109816 ],
						[ 114.2169030589, 22.5557784743 ],
						[ 114.2168913533, 22.5556781954 ],
						[ 114.2170016475, 22.5554538906 ],
						[ 114.2169898535, 22.5553842336 ],
						[ 114.2169610468, 22.5553532126 ],
						[ 114.2169195706, 22.5553179143 ],
						[ 114.2168216421, 22.5552344984 ],
						[ 114.2166926308, 22.555183175 ],
						[ 114.216564776, 22.5551639539 ],
						[ 114.2164035221, 22.5551693396 ],
						[ 114.2162893437, 22.5551736481 ],
						[ 114.2161659021, 22.5552546262 ],
						[ 114.2160836102, 22.5553176057 ],
						[ 114.2160327801, 22.5553468493 ],
						[ 114.2159093218, 22.5553693649 ],
						[ 114.2158439543, 22.5553558894 ],
						[ 114.2157446745, 22.5552704685 ],
						[ 114.2156502333, 22.5551738035 ],
						[ 114.215541279, 22.5551198645 ],
						[ 114.2154881157, 22.5550799452 ],
						[ 114.2153675918, 22.555060875 ],
						[ 114.2152555928, 22.5550704649 ],
						[ 114.2151029813, 22.5550727498 ],
						[ 114.2150737656, 22.5550727568 ],
						[ 114.2149542988, 22.5550792599 ],
						[ 114.214665633, 22.5550122959 ],
						[ 114.2144787426, 22.5549864768 ],
						[ 114.2143441739, 22.554945348 ],
						[ 114.2143113723, 22.5549514511 ],
						[ 114.2141882713, 22.5549285608 ],
						[ 114.2140620811, 22.5549149452 ],
						[ 114.213925546, 22.5548999864 ],
						[ 114.2136356567, 22.5548723931 ],
						[ 114.2133601396, 22.5548907333 ],
						[ 114.213005913, 22.5549944002 ],
						[ 114.2127697848, 22.5551406903 ],
						[ 114.2126459533, 22.5553009431 ],
						[ 114.2125271518, 22.5554758689 ],
						[ 114.212382854, 22.5555977652 ],
						[ 114.212297822, 22.5556365241 ],
						[ 114.2121628621, 22.5556627508 ],
						[ 114.2121148674, 22.5556819598 ],
						[ 114.2120184857, 22.5557068504 ],
						[ 114.2119863742, 22.5557516208 ],
						[ 114.2119435649, 22.5558610416 ],
						[ 114.2119328709, 22.5559406192 ],
						[ 114.2119168258, 22.5560052799 ],
						[ 114.2118525953, 22.556104763 ],
						[ 114.2117080415, 22.5562191906 ],
						[ 114.2115206551, 22.5563137245 ],
						[ 114.2114135721, 22.5563535351 ],
						[ 114.2112582813, 22.5563386503 ],
						[ 114.2111404656, 22.5563038636 ],
						[ 114.2109797981, 22.5562093954 ],
						[ 114.2108966602, 22.5561649115 ],
						[ 114.2107709416, 22.5560950524 ],
						[ 114.2106477765, 22.556050315 ],
						[ 114.2105031904, 22.5560354272 ],
						[ 114.210222874, 22.5561202895 ],
						[ 114.2099945021, 22.5562366744 ],
						[ 114.2098446329, 22.5563289952 ],
						[ 114.2097214915, 22.5563837352 ],
						[ 114.2095180147, 22.5564036705 ],
						[ 114.2092724861, 22.5564147462 ],
						[ 114.2091619835, 22.5564695194 ],
						[ 114.2089999143, 22.5565721996 ],
						[ 114.208882053, 22.5566748799 ],
						[ 114.2086988361, 22.5568166293 ],
						[ 114.2086536963, 22.5568665308 ],
						[ 114.2084938737, 22.5569339737 ],
						[ 114.2069071512, 22.5566642623 ],
						[ 114.2062403636, 22.5565721588 ],
						[ 114.2060778466, 22.5565448807 ],
						[ 114.2059979554, 22.5565371562 ],
						[ 114.20564041, 22.5564838694 ],
						[ 114.2055740416, 22.5564705345 ],
						[ 114.2054740063, 22.5564664074 ],
						[ 114.205296722, 22.5564434477 ],
						[ 114.2048020099, 22.5564251396 ],
						[ 114.2046788337, 22.556414135 ],
						[ 114.2046332055, 22.556410612 ],
						[ 114.2045514575, 22.5564035644 ],
						[ 114.2043993582, 22.5563982897 ],
						[ 114.2042225527, 22.5563859574 ],
						[ 114.2040362373, 22.5563665648 ],
						[ 114.2038635724, 22.5563477837 ],
						[ 114.2035467987, 22.5563162395 ],
						[ 114.2032491594, 22.5562866691 ],
						[ 114.2028999871, 22.5562353796 ],
						[ 114.2025978431, 22.5561873328 ],
						[ 114.2024225619, 22.5561609922 ],
						[ 114.2022768329, 22.5561656659 ],
						[ 114.2020481233, 22.5562264309 ],
						[ 114.2020080973, 22.5562339684 ],
						[ 114.2019279743, 22.5562324277 ],
						[ 114.2018929151, 22.5562324332 ],
						[ 114.2016592159, 22.556229372 ],
						[ 114.2015757631, 22.5562557535 ],
						[ 114.2015295289, 22.556288342 ],
						[ 114.2014510859, 22.5563856197 ],
						[ 114.2014010256, 22.5564445773 ],
						[ 114.2012725206, 22.5566478245 ],
						[ 114.2011749053, 22.5568053011 ],
						[ 114.201148558, 22.5569198819 ],
						[ 114.2011405759, 22.5570315612 ],
						[ 114.201148291, 22.5573381939 ],
						[ 114.2011416295, 22.5574405266 ],
						[ 114.2011299487, 22.5574730917 ],
						[ 114.2010531712, 22.5575366678 ],
						[ 114.2008445258, 22.5575956129 ],
						[ 114.2006158338, 22.5576065014 ],
						[ 114.2005123333, 22.5575832635 ],
						[ 114.2004504373, 22.5575704315 ],
						[ 114.1999381379, 22.5572268928 ],
						[ 114.1998444523, 22.5571134582 ],
						[ 114.1998322293, 22.5571028674 ],
						[ 114.1996176314, 22.5569098837 ],
						[ 114.1994643464, 22.5567902083 ],
						[ 114.1993668127, 22.5567449259 ],
						[ 114.1992551766, 22.5567297615 ],
						[ 114.1991527209, 22.5567292249 ],
						[ 114.1991284634, 22.5567301584 ],
						[ 114.1989394115, 22.556742249 ],
						[ 114.1986676596, 22.5567511719 ],
						[ 114.1986156063, 22.5567573918 ],
						[ 114.1982064559, 22.5567654566 ],
						[ 114.1980456942, 22.5567636989 ],
						[ 114.1979769525, 22.5567396511 ],
						[ 114.1978402336, 22.556666704 ],
						[ 114.1977677946, 22.5566240722 ],
						[ 114.1975637591, 22.5566278914 ],
						[ 114.1974403169, 22.5566553865 ],
						[ 114.1973336747, 22.556681272 ],
						[ 114.1971666541, 22.5567608866 ],
						[ 114.1971423981, 22.5567723943 ],
						[ 114.1971076811, 22.5567862602 ],
						[ 114.1968340312, 22.5569172794 ],
						[ 114.1965706083, 22.5570443777 ],
						[ 114.1964876424, 22.5570867672 ],
						[ 114.1964281732, 22.5571111834 ],
						[ 114.1962636106, 22.5571163416 ],
						[ 114.1961114827, 22.5570482802 ],
						[ 114.1960533847, 22.5569352546 ],
						[ 114.1960519745, 22.5567914016 ],
						[ 114.1960510309, 22.5564362749 ],
						[ 114.1960268989, 22.556290149 ],
						[ 114.1959714203, 22.5560621488 ],
						[ 114.19594059, 22.555988474 ],
						[ 114.1959254075, 22.5559464848 ],
						[ 114.1958978704, 22.555923244 ],
						[ 114.1956550636, 22.5557896056 ],
						[ 114.195631292, 22.5557872785 ],
						[ 114.1955424366, 22.5557710162 ],
						[ 114.1953847445, 22.55574081 ],
						[ 114.1951361614, 22.5556645773 ],
						[ 114.1946084564, 22.5555021808 ],
						[ 114.194479514, 22.5554714648 ],
						[ 114.1942768152, 22.5554225335 ],
						[ 114.1941105986, 22.555402477 ],
						[ 114.1939306069, 22.5553953983 ],
						[ 114.193792111, 22.5553919363 ],
						[ 114.1936111904, 22.5554209336 ],
						[ 114.1935503293, 22.5554299703 ],
						[ 114.1932587726, 22.5555007439 ],
						[ 114.1930206424, 22.5555895452 ],
						[ 114.1927775449, 22.5556891921 ],
						[ 114.1926474194, 22.5557688976 ],
						[ 114.1925358921, 22.5558419639 ],
						[ 114.1924801184, 22.5558765104 ],
						[ 114.1923166576, 22.5559856848 ],
						[ 114.1922222409, 22.5560547036 ],
						[ 114.1920302984, 22.5560360291 ],
						[ 114.1919358755, 22.5559598401 ],
						[ 114.1918394959, 22.5558595131 ],
						[ 114.1917980914, 22.5558002689 ],
						[ 114.191746292, 22.5557254484 ],
						[ 114.1917098362, 22.5556657613 ],
						[ 114.1916482552, 22.5555815953 ],
						[ 114.1915778652, 22.5554922285 ],
						[ 114.1914721644, 22.5554115973 ],
						[ 114.1913702257, 22.5553248251 ],
						[ 114.1911266772, 22.5552055472 ],
						[ 114.1909912042, 22.555097746 ],
						[ 114.1909320125, 22.5549834182 ],
						[ 114.1909195363, 22.5549590374 ],
						[ 114.1908587069, 22.55480075 ],
						[ 114.1908329475, 22.554752458 ],
						[ 114.1908018276, 22.5546699416 ],
						[ 114.1907783258, 22.5546406221 ],
						[ 114.1907259667, 22.5545977958 ],
						[ 114.1906612207, 22.5545480352 ],
						[ 114.1906165633, 22.5545210835 ],
						[ 114.1904602913, 22.5544713306 ],
						[ 114.1901008612, 22.5544174496 ],
						[ 114.1898315396, 22.554380691 ],
						[ 114.1897159298, 22.5543631363 ],
						[ 114.1894434479, 22.5543188099 ],
						[ 114.1894142325, 22.5543211149 ],
						[ 114.189091636, 22.5543202277 ],
						[ 114.1890411886, 22.5543397551 ],
						[ 114.188904572, 22.5544686193 ],
						[ 114.188800156, 22.5546033145 ],
						[ 114.188571387, 22.5549208739 ],
						[ 114.1881427775, 22.5554094184 ],
						[ 114.1878690853, 22.5556924029 ],
						[ 114.1877426694, 22.5557523458 ],
						[ 114.1876021724, 22.5557750485 ],
						[ 114.1874543531, 22.5557807293 ],
						[ 114.1873773865, 22.5557296769 ],
						[ 114.1872808596, 22.5555640127 ],
						[ 114.1872368827, 22.5555311091 ],
						[ 114.1871008356, 22.5553803745 ],
						[ 114.1870822546, 22.5553596601 ],
						[ 114.1870859447, 22.5550369068 ],
						[ 114.187087795, 22.5549454294 ],
						[ 114.1870617872, 22.5549402566 ],
						[ 114.1868844915, 22.5548239481 ],
						[ 114.1867956251, 22.5547668097 ],
						[ 114.1866007648, 22.5546984078 ],
						[ 114.1864622022, 22.55470164 ],
						[ 114.1864284277, 22.554715323 ],
						[ 114.1864114334, 22.5547218981 ],
						[ 114.1863708146, 22.5547377397 ],
						[ 114.1863145339, 22.554767507 ],
						[ 114.1859453337, 22.5548621481 ],
						[ 114.1858362894, 22.5548883964 ],
						[ 114.1856581008, 22.5549327452 ],
						[ 114.1855399952, 22.5549602761 ],
						[ 114.1853530468, 22.5550082371 ],
						[ 114.1852021287, 22.5550453507 ],
						[ 114.1850915188, 22.5550723751 ],
						[ 114.1850165509, 22.5550940788 ],
						[ 114.1849406007, 22.5551112674 ],
						[ 114.1848335004, 22.5551365938 ],
						[ 114.1847145001, 22.5551642867 ],
						[ 114.1845871582, 22.5551981024 ],
						[ 114.184455898, 22.5552286583 ],
						[ 114.1842324207, 22.5552564821 ],
						[ 114.1840354656, 22.5552768906 ],
						[ 114.1836144485, 22.5553010108 ],
						[ 114.1829610753, 22.5553156842 ],
						[ 114.1829269111, 22.5553216726 ],
						[ 114.1826123648, 22.5553768775 ],
						[ 114.1824547374, 22.5554213575 ],
						[ 114.1822106202, 22.5554859508 ],
						[ 114.1822007134, 22.555495153 ],
						[ 114.1820317203, 22.5555418454 ],
						[ 114.1818022526, 22.5555566714 ],
						[ 114.1816306506, 22.5555140534 ],
						[ 114.181572529, 22.5554835145 ],
						[ 114.1813995825, 22.555349103 ],
						[ 114.1813445607, 22.555262901 ],
						[ 114.1813021088, 22.555140171 ],
						[ 114.1813014161, 22.5550665016 ],
						[ 114.1812988078, 22.5549828085 ],
						[ 114.1813032602, 22.5549680889 ],
						[ 114.1813413973, 22.5548529241 ],
						[ 114.1813357434, 22.5546895023 ],
						[ 114.1812429766, 22.5545055118 ],
						[ 114.1811344982, 22.5543010771 ],
						[ 114.1810417352, 22.5542236896 ],
						[ 114.1809253984, 22.5542382946 ],
						[ 114.1808546504, 22.5542850284 ],
						[ 114.1807760464, 22.5543186141 ],
						[ 114.1805921015, 22.5543697302 ],
						[ 114.1805480889, 22.5543857871 ],
						[ 114.1804726256, 22.5544369005 ],
						[ 114.1803054425, 22.554522295 ],
						[ 114.1801914306, 22.5546017734 ],
						[ 114.1800916712, 22.5546679949 ],
						[ 114.1796213676, 22.5549295943 ],
						[ 114.1792386109, 22.5551038678 ],
						[ 114.1791994982, 22.5551296229 ],
						[ 114.1789494111, 22.5552375569 ],
						[ 114.1787783857, 22.555317026 ],
						[ 114.1785467995, 22.5554163713 ],
						[ 114.1783579621, 22.5554792784 ],
						[ 114.1780529808, 22.5555770073 ],
						[ 114.1779247136, 22.5556498559 ],
						[ 114.1778441346, 22.5557033069 ],
						[ 114.1778367068, 22.5557175568 ],
						[ 114.1777607174, 22.5558705582 ],
						[ 114.1777465715, 22.5559048193 ],
						[ 114.177735877, 22.5559346195 ],
						[ 114.177750132, 22.5562359435 ],
						[ 114.1777655827, 22.5564940031 ],
						[ 114.1777572616, 22.5566876496 ],
						[ 114.1777073771, 22.5569459263 ],
						[ 114.1775363604, 22.557379699 ],
						[ 114.1774581639, 22.5578037455 ],
						[ 114.1774187782, 22.5579009391 ],
						[ 114.1774009667, 22.5579804061 ],
						[ 114.1774045262, 22.5582287491 ],
						[ 114.1774508559, 22.5585929872 ],
						[ 114.1774472886, 22.5587901464 ],
						[ 114.1774223505, 22.5588993593 ],
						[ 114.1773016833, 22.5590715499 ],
						[ 114.1771987111, 22.5592216433 ],
						[ 114.1766662195, 22.5596789574 ],
						[ 114.1765538541, 22.5597817584 ],
						[ 114.1763936233, 22.5599633308 ],
						[ 114.1762586908, 22.560121334 ],
						[ 114.1762124979, 22.5601703956 ],
						[ 114.1761082892, 22.560245681 ],
						[ 114.1759362453, 22.5602610407 ],
						[ 114.1754217874, 22.5601304494 ],
						[ 114.1751093381, 22.5601035089 ],
						[ 114.1749627584, 22.5600947568 ],
						[ 114.1748466108, 22.5600874589 ],
						[ 114.1748130189, 22.5600740846 ],
						[ 114.1745778292, 22.5598939806 ],
						[ 114.1744328747, 22.559812841 ],
						[ 114.1742244691, 22.5597790102 ],
						[ 114.1739884317, 22.5597436795 ],
						[ 114.1737702838, 22.5597291276 ],
						[ 114.173726658, 22.5597291268 ],
						[ 114.1734325369, 22.5597139047 ],
						[ 114.1733119465, 22.5597071023 ],
						[ 114.1731703644, 22.5597095824 ],
						[ 114.1729352795, 22.5597021359 ],
						[ 114.1726213611, 22.559755741 ],
						[ 114.1725372392, 22.5597890155 ],
						[ 114.1724063314, 22.5598312107 ],
						[ 114.1723058753, 22.5598634823 ],
						[ 114.1720627784, 22.5598609919 ],
						[ 114.1716513835, 22.5598038803 ],
						[ 114.1715739141, 22.5597740868 ],
						[ 114.1714269865, 22.5597269165 ],
						[ 114.1712015012, 22.5596375356 ],
						[ 114.1709984727, 22.5596176616 ],
						[ 114.1707206432, 22.5596995834 ],
						[ 114.1705389907, 22.5597715662 ],
						[ 114.1702910634, 22.5599418682 ],
						[ 114.170192219, 22.5600113796 ],
						[ 114.1700289372, 22.5601758692 ],
						[ 114.1699704817, 22.5602248743 ],
						[ 114.1699170527, 22.560277004 ],
						[ 114.1698235448, 22.5603614064 ],
						[ 114.1695826094, 22.5606573827 ],
						[ 114.1695653118, 22.5606732392 ],
						[ 114.1694612612, 22.5608095111 ],
						[ 114.1692448709, 22.5609907306 ],
						[ 114.1689697094, 22.561106152 ],
						[ 114.1685810066, 22.5611855723 ],
						[ 114.1684289109, 22.5612180103 ],
						[ 114.1683900098, 22.561220293 ],
						[ 114.1681529177, 22.5612438946 ],
						[ 114.1677781331, 22.5612361349 ],
						[ 114.1675577393, 22.5611951788 ],
						[ 114.1674241693, 22.5611678814 ],
						[ 114.1673026168, 22.5611381013 ],
						[ 114.1672123128, 22.5611195837 ],
						[ 114.1671008369, 22.561037997 ],
						[ 114.1670062664, 22.5608575835 ],
						[ 114.1668998667, 22.5607681586 ],
						[ 114.1665791354, 22.5605879835 ],
						[ 114.1665499192, 22.5605783101 ],
						[ 114.1664809878, 22.560539087 ],
						[ 114.1664505859, 22.5605233993 ],
						[ 114.1664074969, 22.5604938764 ],
						[ 114.1663728954, 22.5604700522 ],
						[ 114.1662898538, 22.5603366869 ],
						[ 114.1662236089, 22.5600061184 ],
						[ 114.166146457, 22.5597807073 ],
						[ 114.1660702074, 22.5595848796 ],
						[ 114.166063772, 22.5595710808 ],
						[ 114.1660170321, 22.559484829 ],
						[ 114.1659400719, 22.5594262983 ],
						[ 114.1658491122, 22.5593547629 ],
						[ 114.1657056775, 22.5593059892 ],
						[ 114.1655167586, 22.5592767087 ],
						[ 114.1654095286, 22.5592609342 ],
						[ 114.1653654561, 22.5592563256 ],
						[ 114.1652250544, 22.5592170065 ],
						[ 114.1650933647, 22.5591716105 ],
						[ 114.1649103606, 22.559107274 ],
						[ 114.1648440043, 22.5590980671 ],
						[ 114.1647039127, 22.5590726814 ],
						[ 114.1645969541, 22.5590695488 ],
						[ 114.1645627107, 22.5590718128 ],
						[ 114.1644696257, 22.5590749302 ],
						[ 114.1641932395, 22.5590781596 ],
						[ 114.1636929499, 22.5590846213 ],
						[ 114.1635390168, 22.5591268525 ],
						[ 114.1633955608, 22.5592080773 ],
						[ 114.1632661093, 22.5593477837 ],
						[ 114.1632331643, 22.5593944135 ],
						[ 114.1631478471, 22.5594999347 ],
						[ 114.1631230699, 22.5595381128 ],
						[ 114.1629441842, 22.5599066611 ],
						[ 114.1628462072, 22.5601113611 ],
						[ 114.1626748135, 22.5605058088 ],
						[ 114.1625095283, 22.5609604258 ],
						[ 114.162487644, 22.5610376603 ],
						[ 114.1624591787, 22.5611027031 ],
						[ 114.1623453605, 22.5613181474 ],
						[ 114.1622162927, 22.5614785685 ],
						[ 114.1620907369, 22.561616432 ],
						[ 114.1620824037, 22.5616237007 ],
						[ 114.1619411364, 22.5617532999 ],
						[ 114.1618240906, 22.5618639556 ],
						[ 114.1617830277, 22.5618944742 ],
						[ 114.1616434072, 22.5619860466 ],
						[ 114.1614883644, 22.5620046253 ],
						[ 114.1613241219, 22.5619531277 ],
						[ 114.1608373888, 22.5617599304 ],
						[ 114.1604762011, 22.5616250532 ],
						[ 114.1603345467, 22.5615640208 ],
						[ 114.1602825629, 22.5615295648 ],
						[ 114.1601579869, 22.5614266965 ],
						[ 114.1599534974, 22.5612605533 ],
						[ 114.1596902518, 22.5609507943 ],
						[ 114.1595498536, 22.5608040636 ],
						[ 114.1594972165, 22.5607103231 ],
						[ 114.1594050815, 22.5605717428 ],
						[ 114.1593195372, 22.5604453902 ],
						[ 114.1592515264, 22.5603699886 ],
						[ 114.1591725701, 22.560200851 ],
						[ 114.1591231186, 22.5601377868 ],
						[ 114.1590647165, 22.5600435579 ]
					]
				]
			},
			"properties" : {
				"TYPE" : null
			}
		}
	]
}