{"type":"FeatureCollection","features":[{"type":"Feature","properties":{},"geometry":{"type":"MultiPolygon","coordinates":[[[[113.9221973,22.1535286],[113.922278,22.1534109],[113.9225258,22.153495],[113.9224574,22.1536693],[113.9221973,22.1535286]]],[[[113.9219735,22.1552357],[113.9218304,22.1548572],[113.9219888,22.1546514],[113.9219045,22.154325],[113.9223064,22.1538186],[113.922552,22.153767],[113.9229137,22.1539442],[113.9235057,22.1546358],[113.9235152,22.1548438],[113.9238192,22.1547062],[113.9242011,22.1549212],[113.9236439,22.1560669],[113.9229887,22.1556605],[113.9225167,22.1558457],[113.9223352,22.1554175],[113.9219735,22.1552357]]],[[[113.9162167,22.1622546],[113.9162781,22.1618746],[113.9166961,22.161821],[113.9171698,22.162107],[113.9172742,22.1622972],[113.9171271,22.1627681],[113.9165232,22.1634325],[113.9162948,22.1633056],[113.9159677,22.1628137],[113.9160443,22.1622543],[113.9162167,22.1622546]]],[[[113.9109751,22.1587346],[113.912131,22.1592298],[113.9123736,22.1594271],[113.9125845,22.1599713],[113.9131896,22.1602303],[113.9134077,22.1600908],[113.9139624,22.1600908],[113.9140576,22.1598807],[113.9147303,22.1599315],[113.9147094,22.1597051],[113.9155093,22.1596065],[113.9156004,22.1602881],[113.9154024,22.1607952],[113.9151858,22.1609444],[113.9151985,22.1618002],[113.9149012,22.1623339],[113.9148007,22.1629544],[113.9139468,22.1631408],[113.9133258,22.1627031],[113.912781,22.1629604],[113.9126046,22.1632403],[113.9126654,22.1634626],[113.9130755,22.1636942],[113.9129048,22.1642216],[113.9128996,22.1642378],[113.9132499,22.1665794],[113.913999,22.1666983],[113.9150639,22.1664599],[113.915919,22.1666945],[113.9159603,22.1668354],[113.9162493,22.1668244],[113.916327,22.1670007],[113.9165969,22.1668723],[113.9169129,22.1669625],[113.9176166,22.1676027],[113.9174727,22.1679581],[113.9165525,22.1687177],[113.9158373,22.1689834],[113.9154762,22.1695041],[113.9146496,22.169593],[113.9142852,22.1695017],[113.9140961,22.1692162],[113.9137192,22.1691999],[113.9132393,22.1695907],[113.9125646,22.169556],[113.9115904,22.1701493],[113.9104388,22.1699777],[113.910164,22.1697808],[113.9098162,22.1697981],[113.9092097,22.1692174],[113.9092893,22.1683751],[113.9090666,22.1678337],[113.9085514,22.1678126],[113.9085665,22.167405],[113.908863,22.1673374],[113.9103447,22.1661206],[113.910602,22.1659093],[113.9104957,22.165461],[113.9097375,22.1654188],[113.9095152,22.1646804],[113.9096563,22.1644589],[113.9093804,22.1640959],[113.9089968,22.1637534],[113.9088137,22.1639026],[113.9084899,22.1637783],[113.9074454,22.1639662],[113.9072756,22.1641205],[113.9070957,22.1639219],[113.9066846,22.1624562],[113.9058078,22.1621971],[113.9055755,22.1623058],[113.9054807,22.1627759],[113.9045584,22.1635855],[113.9030682,22.1635954],[113.9021128,22.1633435],[113.9010057,22.1626644],[113.9000133,22.1619353],[113.8994819,22.1613942],[113.8991817,22.1608407],[113.8991306,22.1597087],[113.8992957,22.1596322],[113.8993256,22.1592517],[113.8993892,22.1590798],[113.8995571,22.1590708],[113.8995743,22.1588624],[113.8996771,22.1588308],[113.8998956,22.1587636],[113.9000126,22.1585374],[113.9006645,22.1583122],[113.9008642,22.1579766],[113.9011973,22.1579142],[113.9013267,22.1576337],[113.9023436,22.1574542],[113.9025435,22.157011],[113.9025151,22.1566442],[113.9027878,22.1563589],[113.9031774,22.1561424],[113.9037525,22.1562929],[113.9039057,22.1565334],[113.9043722,22.1566607],[113.9052014,22.1574819],[113.9054559,22.1579213],[113.9056414,22.1588501],[113.9060519,22.1590863],[113.9073183,22.1590792],[113.9075622,22.1588942],[113.9078734,22.1588901],[113.909416,22.1591305],[113.9104258,22.1587407],[113.9109751,22.1587346]]],[[[113.9019364,22.1718003],[113.9022472,22.1719931],[113.9021807,22.1724209],[113.902351,22.1724911],[113.9027619,22.1722544],[113.9030804,22.1723092],[113.9029025,22.1726305],[113.9024714,22.1727724],[113.9024389,22.1732297],[113.9022301,22.1731815],[113.9017482,22.1735566],[113.9012627,22.1732756],[113.90122,22.1726006],[113.9009237,22.1723194],[113.9005736,22.1722599],[113.9002191,22.1724176],[113.8994627,22.1724642],[113.898467,22.1718961],[113.8978908,22.1719655],[113.8977932,22.171854],[113.8980717,22.1714224],[113.8989958,22.1712289],[113.8993343,22.1709465],[113.899638,22.1709719],[113.8996449,22.171248],[113.9002446,22.1714776],[113.9003003,22.1717837],[113.9006909,22.1721285],[113.9009438,22.1721382],[113.9012771,22.1719436],[113.9013023,22.1714505],[113.9014606,22.171315],[113.9018349,22.1714035],[113.9019364,22.1718003]]],[[[113.907275,22.1729981],[113.907559,22.1730459],[113.9077241,22.1732546],[113.9077017,22.1735712],[113.9069888,22.173869],[113.9066344,22.1737396],[113.9065742,22.1734584],[113.9069934,22.1732013],[113.9070052,22.1730768],[113.907275,22.1729981]]],[[[113.9049862,22.1748779],[113.9041596,22.1746999],[113.9041075,22.1740791],[113.9037631,22.1735807],[113.9052181,22.1729947],[113.9057942,22.1731944],[113.9059632,22.1736635],[113.9052389,22.1747403],[113.9049862,22.1748779]]],[[[113.9256262,22.1759932],[113.9258233,22.1760137],[113.9257623,22.1761632],[113.9255478,22.1764734],[113.9252734,22.17607],[113.9255273,22.175803],[113.9256262,22.1759932]]],[[[113.9242438,22.1769398],[113.9244313,22.1767974],[113.9247374,22.1768973],[113.9245749,22.1766238],[113.9249108,22.1763114],[113.9250832,22.1763181],[113.9252384,22.1765723],[113.9247442,22.1772042],[113.9242993,22.1771189],[113.9242438,22.1769398]]],[[[113.9103602,22.1780859],[113.9102096,22.1780493],[113.9102975,22.1778051],[113.9106574,22.1777132],[113.9106643,22.1779552],[113.9103602,22.1780859]]],[[[113.9237466,22.1803672],[113.9234412,22.1796375],[113.9235446,22.1792346],[113.923717,22.1792372],[113.9240171,22.1785834],[113.9242891,22.1786832],[113.9242925,22.1784568],[113.9243777,22.1780088],[113.9249847,22.1775699],[113.9251767,22.177376],[113.9254024,22.1774261],[113.9261917,22.1780295],[113.9260718,22.1784936],[113.9262608,22.1789084],[113.9259457,22.1793832],[113.9250366,22.1794771],[113.9244724,22.1797569],[113.9244065,22.1799086],[113.9246143,22.1799839],[113.9242178,22.1804084],[113.9237466,22.1803672]]],[[[113.9208034,22.1800295],[113.9200472,22.1799538],[113.919595,22.179781],[113.919037,22.1791369],[113.9189378,22.1787907],[113.9193153,22.1787729],[113.9199121,22.1792837],[113.9209834,22.1796654],[113.9208034,22.1800295]]],[[[113.9200398,22.181317],[113.9189615,22.1820598],[113.9180061,22.1820629],[113.9178403,22.1819209],[113.9174904,22.1820013],[113.9167309,22.1826838],[113.91646,22.1833174],[113.9154547,22.1837911],[113.9143844,22.1839186],[113.9138323,22.1830325],[113.9133973,22.18288],[113.9128964,22.1829063],[113.9121448,22.1832695],[113.9114186,22.1840293],[113.9111249,22.1849435],[113.9106236,22.1854226],[113.910338,22.1859659],[113.9090501,22.1866972],[113.9082408,22.1875553],[113.9072005,22.1877087],[113.9067789,22.1880595],[113.9063956,22.1877791],[113.9062092,22.1873173],[113.9062617,22.185443],[113.9057324,22.1850593],[113.9056229,22.1847067],[113.9059185,22.1843824],[113.9058875,22.1840225],[113.9062936,22.183253],[113.9063725,22.1828077],[113.9063812,22.182667],[113.9061216,22.1825124],[113.9060575,22.181679],[113.9054274,22.1805393],[113.9052719,22.1794076],[113.9057635,22.1788756],[113.9060356,22.1789483],[113.905726,22.1793624],[113.9058039,22.17946],[113.9065862,22.1793008],[113.9073191,22.1791501],[113.907874,22.1796291],[113.9086985,22.1798449],[113.9088875,22.180239],[113.9089755,22.1812242],[113.9096555,22.1816514],[113.9099486,22.1820637],[113.9101045,22.1819126],[113.9108071,22.1821189],[113.9121564,22.1820558],[113.9131933,22.1815845],[113.9134103,22.1812324],[113.9134533,22.1801742],[113.9132326,22.1798164],[113.9129074,22.1796438],[113.9132569,22.1784278],[113.9137776,22.1784245],[113.9138957,22.1787104],[113.9145498,22.1789172],[113.9145053,22.1792203],[113.9147923,22.1792074],[113.914811,22.1795383],[113.9151512,22.1796428],[113.9154976,22.1790452],[113.9157089,22.1780315],[113.9162975,22.1776248],[113.9167812,22.177603],[113.9172429,22.1779567],[113.9169642,22.1785382],[113.9167334,22.1786377],[113.9167228,22.1792873],[113.9163596,22.1796038],[113.9165071,22.1799592],[113.9169397,22.1800597],[113.9174301,22.1806679],[113.9178574,22.1807067],[113.9185682,22.1804815],[113.9189138,22.180056],[113.919201,22.1799773],[113.9202346,22.1809686],[113.9200398,22.181317]]],[[[113.9922303,22.1975364],[113.9922232,22.1982263],[113.9919817,22.1986401],[113.9921974,22.1991836],[113.9908371,22.1998597],[113.9907708,22.2000219],[113.9910008,22.2009994],[113.9906753,22.2014102],[113.9900734,22.201694],[113.9898326,22.2016271],[113.9895755,22.2020638],[113.9885636,22.2021146],[113.9882071,22.2018279],[113.9878131,22.2018923],[113.987563,22.2022337],[113.9873096,22.2021879],[113.9867727,22.2017614],[113.9863789,22.2011459],[113.9851202,22.2005323],[113.9848406,22.1995331],[113.984765,22.1993064],[113.9845114,22.1990135],[113.9841721,22.1989815],[113.9837004,22.198467],[113.9832287,22.1976066],[113.9829485,22.1965531],[113.9826202,22.1957951],[113.9826553,22.1949353],[113.982418,22.194605],[113.9823879,22.1941909],[113.9827982,22.1936587],[113.9831201,22.1935335],[113.9832112,22.1932074],[113.9834578,22.1929042],[113.9838493,22.1928124],[113.9838778,22.192629],[113.9848035,22.1926529],[113.9851009,22.1921357],[113.9857503,22.1915155],[113.9866637,22.191356],[113.9868707,22.1916097],[113.9873735,22.1915116],[113.9875565,22.190739],[113.9883696,22.1900554],[113.988657,22.1894523],[113.9890065,22.189371],[113.9895256,22.1885702],[113.9902433,22.1884851],[113.9909409,22.188813],[113.9912596,22.189161],[113.991953,22.1893076],[113.9919743,22.1894987],[113.9926815,22.1896812],[113.9936724,22.1902513],[113.9943321,22.1908583],[113.9943928,22.191408],[113.9946669,22.1919022],[113.9943476,22.1928969],[113.9946444,22.19284],[113.9948289,22.1931988],[113.9947438,22.1932644],[113.9950494,22.193417],[113.9950098,22.1940244],[113.9949447,22.1943602],[113.994673,22.1944866],[113.994586,22.1947827],[113.9937732,22.1952128],[113.9933326,22.1952564],[113.9930239,22.1950309],[113.9921642,22.1944798],[113.9917836,22.1950577],[113.9911503,22.1950948],[113.9913347,22.1955868],[113.9916673,22.195912],[113.9917501,22.1963922],[113.9915911,22.1966344],[113.9916015,22.1968114],[113.9918486,22.1968292],[113.991928,22.1970478],[113.9923941,22.1970366],[113.9925639,22.1971606],[113.9925453,22.1974392],[113.9922303,22.1975364]]],[[[114.0258216,22.2198321],[114.0259302,22.2192428],[114.0254522,22.2192219],[114.0254962,22.2184977],[114.0263919,22.218033],[114.0265371,22.217168],[114.0261598,22.2162454],[114.0256555,22.2161982],[114.0252982,22.2159911],[114.025394,22.2155537],[114.0252271,22.2150354],[114.0247072,22.2142341],[114.0238128,22.2135662],[114.0225683,22.2140855],[114.0221057,22.2131826],[114.022835,22.2128153],[114.0231785,22.2119447],[114.0235179,22.2118615],[114.0236175,22.2114072],[114.0263615,22.2118238],[114.0266205,22.2116036],[114.0280977,22.2103475],[114.0283513,22.2099273],[114.028609,22.20842],[114.0286094,22.2080029],[114.0285884,22.2077067],[114.0282319,22.2075523],[114.0280366,22.2071115],[114.0279068,22.2071616],[114.0277491,22.2068071],[114.02788,22.2067563],[114.0276624,22.206255],[114.0274269,22.2057126],[114.0257306,22.205452],[114.0233524,22.2053935],[114.0225622,22.2047233],[114.021236,22.2014131],[114.0211456,22.2003797],[114.0206563,22.2003792],[114.0201235,22.2005803],[114.0199224,22.2012008],[114.0196489,22.2015553],[114.0188834,22.201721],[114.0185907,22.2015688],[114.0184514,22.201623],[114.0182604,22.2013127],[114.0179938,22.2013708],[114.0180011,22.2012496],[114.0172482,22.2011388],[114.0171505,22.2009798],[114.0171734,22.2001206],[114.017762,22.1999927],[114.0181227,22.1993897],[114.0180842,22.1990584],[114.0187418,22.1988091],[114.0186681,22.198545],[114.0181211,22.1986104],[114.0180137,22.1981156],[114.0181746,22.1978313],[114.019246,22.1972202],[114.0202928,22.1972837],[114.0206781,22.1976813],[114.0218637,22.1976135],[114.0220364,22.1973893],[114.022006,22.1970937],[114.0209761,22.1965379],[114.0210781,22.196132],[114.0213466,22.1960721],[114.02151,22.1957819],[114.0216539,22.1959851],[114.0221369,22.1960904],[114.0222721,22.1964123],[114.0228526,22.1966892],[114.0238405,22.1966609],[114.0244631,22.1969343],[114.0255988,22.1977204],[114.0255173,22.1982577],[114.0262214,22.1985259],[114.0265553,22.1983165],[114.0266963,22.1984918],[114.0266038,22.1987102],[114.026389,22.1989974],[114.026155,22.1990293],[114.0267141,22.1994206],[114.0271469,22.1994239],[114.0273441,22.1992226],[114.0280045,22.1992459],[114.0285167,22.1995116],[114.0284391,22.1999309],[114.0280559,22.2005053],[114.0282257,22.200724],[114.0286454,22.2006437],[114.0292441,22.2008919],[114.0295889,22.2017544],[114.0298973,22.2018867],[114.0299922,22.2023441],[114.0304094,22.2023241],[114.0305877,22.20275],[114.0307983,22.202273],[114.0321749,22.201915],[114.0325391,22.2021536],[114.0322858,22.2026359],[114.032446,22.2030619],[114.0329068,22.2032176],[114.0332363,22.2031029],[114.0338206,22.2034258],[114.0340682,22.2029909],[114.033965,22.2026841],[114.0341937,22.2022585],[114.0348796,22.2019945],[114.0350837,22.2017791],[114.0349975,22.2014146],[114.0352912,22.2012244],[114.0353406,22.2007443],[114.0356867,22.2002908],[114.0358712,22.2001513],[114.0363197,22.2001564],[114.0367576,22.2006854],[114.0367178,22.2009715],[114.0364668,22.2011507],[114.0366303,22.201329],[114.0367991,22.2025359],[114.0386292,22.2028289],[114.0390705,22.2030705],[114.0393415,22.2037121],[114.0392668,22.2043791],[114.0396982,22.2052153],[114.0408554,22.2053314],[114.0411433,22.2056045],[114.0411857,22.2056447],[114.0411548,22.2058602],[114.0409013,22.2058974],[114.0406242,22.206165],[114.0404197,22.2063625],[114.0396377,22.2067906],[114.0393499,22.2073336],[114.039359,22.2076841],[114.0395601,22.2078857],[114.0393986,22.2081561],[114.0383246,22.2082469],[114.0378331,22.2086722],[114.0376204,22.2086662],[114.0372776,22.2083867],[114.0367438,22.20828],[114.0362105,22.2077707],[114.0361023,22.2074459],[114.0355075,22.2069518],[114.0347754,22.207023],[114.0334507,22.2075674],[114.0336012,22.208168],[114.0330984,22.2078948],[114.0327031,22.2080527],[114.0322709,22.208002],[114.0320363,22.2079744],[114.0311624,22.2087061],[114.0302078,22.2097952],[114.0295677,22.2106609],[114.029103,22.2117463],[114.0289814,22.2128262],[114.0290697,22.2134484],[114.0291072,22.2137119],[114.0292827,22.2138329],[114.0295079,22.2144429],[114.0307538,22.2156339],[114.0321146,22.2160317],[114.0322196,22.2158741],[114.0324448,22.2158965],[114.0330312,22.2159689],[114.0332592,22.2163563],[114.0337108,22.2164122],[114.0337819,22.2168533],[114.0340491,22.2168699],[114.0340985,22.2170107],[114.0342887,22.2168701],[114.0348828,22.2168391],[114.0359264,22.2171274],[114.0357222,22.2175069],[114.0349589,22.2178999],[114.0345273,22.2178995],[114.0341166,22.2177181],[114.0338016,22.2178066],[114.0334744,22.2175621],[114.0329127,22.2177801],[114.0323964,22.2177522],[114.032165,22.218297],[114.0322449,22.2187398],[114.0325593,22.219174],[114.0338081,22.2194357],[114.0345144,22.2200905],[114.0349103,22.2201416],[114.0353851,22.2208173],[114.0357056,22.2214992],[114.0356062,22.2224682],[114.0351674,22.2226974],[114.0349882,22.2230827],[114.0347899,22.2231742],[114.0342168,22.2234664],[114.033981,22.2234206],[114.033108,22.2225005],[114.0318496,22.2217978],[114.0301905,22.2221988],[114.0295553,22.2219278],[114.0285797,22.2220133],[114.0279343,22.2217832],[114.0278142,22.2215243],[114.0272371,22.2214058],[114.0270399,22.2216165],[114.0267401,22.2215975],[114.0266697,22.2211179],[114.0265367,22.2211435],[114.0262622,22.2208383],[114.0261793,22.2203721],[114.0258216,22.2198321]]],[[[113.9466155,22.2145896],[113.9467766,22.2148816],[113.9466884,22.215348],[113.9465085,22.2153385],[113.9465226,22.2154812],[113.9459334,22.2153101],[113.9451088,22.2146303],[113.945158,22.2141864],[113.9456641,22.2140988],[113.9464375,22.21434],[113.9466155,22.2145896]]],[[[113.8379199,22.2156741],[113.8385659,22.2168753],[113.8384656,22.2172828],[113.838143,22.2172462],[113.8373226,22.2172758],[113.8362609,22.2178261],[113.8355997,22.2178339],[113.8353349,22.2176181],[113.8350664,22.2170718],[113.8352723,22.2165197],[113.835643,22.2160631],[113.8358472,22.2160272],[113.8360817,22.2155119],[113.8359858,22.215122],[113.8364133,22.215295],[113.8367301,22.2148337],[113.8373669,22.2151042],[113.8373944,22.2147468],[113.8375476,22.2147586],[113.8375519,22.2150259],[113.8377758,22.2149924],[113.8379284,22.2152485],[113.8379199,22.2156741]]],[[[114.0357281,22.2496013],[114.035599,22.2498613],[114.0359362,22.2503941],[114.0368302,22.2504327],[114.0376738,22.2499097],[114.0387935,22.2496276],[114.0390063,22.2488228],[114.0385034,22.2482952],[114.0383569,22.248113],[114.0384954,22.2473625],[114.0392526,22.2466995],[114.0399518,22.2458129],[114.0401077,22.2441717],[114.0404488,22.2431316],[114.0406778,22.2431102],[114.0409153,22.2427553],[114.0423734,22.2421876],[114.0423987,22.2421469],[114.0428177,22.2414718],[114.0431026,22.2414434],[114.043433,22.2411043],[114.0436707,22.2411308],[114.0437982,22.2409931],[114.0438928,22.2412029],[114.0449712,22.2413124],[114.0452138,22.2422471],[114.0462655,22.2434927],[114.0461321,22.2445645],[114.0462673,22.2449039],[114.0466073,22.2450765],[114.0469337,22.2456093],[114.0470233,22.2457556],[114.0472515,22.245865],[114.0471864,22.2464228],[114.0468712,22.2467057],[114.0468352,22.2470289],[114.046601,22.2469909],[114.0463629,22.2476521],[114.045859,22.2481683],[114.0455725,22.2489967],[114.0439294,22.2502406],[114.0439841,22.251515],[114.0444587,22.2518404],[114.0448559,22.2534374],[114.044935,22.2537552],[114.0451946,22.253808],[114.0453031,22.2539854],[114.0453359,22.256164],[114.0448195,22.2571116],[114.0438105,22.2571456],[114.0431343,22.2577852],[114.0421343,22.25836],[114.0417152,22.2583833],[114.0401841,22.2580209],[114.0398909,22.2578262],[114.03891,22.257703],[114.0379955,22.2579345],[114.0373498,22.2584842],[114.0368286,22.2583733],[114.036544,22.2585326],[114.0350093,22.258523],[114.0328368,22.25878],[114.0323881,22.2585621],[114.0319665,22.2579819],[114.0310008,22.2578652],[114.0299229,22.2583205],[114.0298159,22.2586407],[114.0286785,22.2587614],[114.0281034,22.2586273],[114.0280629,22.2584961],[114.0283101,22.258319],[114.0282196,22.2579554],[114.0281955,22.2573561],[114.0284489,22.2573333],[114.0284331,22.2572198],[114.0278496,22.2566519],[114.0271518,22.2564344],[114.0267338,22.2562466],[114.0267308,22.2560143],[114.0272286,22.255497],[114.0272449,22.2550313],[114.0277517,22.2543396],[114.028533,22.2540377],[114.0295518,22.2542804],[114.0300288,22.2541106],[114.0324069,22.2545412],[114.032645,22.2544782],[114.032989,22.2540098],[114.0329522,22.2533756],[114.0333008,22.2534002],[114.0340243,22.2530657],[114.0340716,22.2527921],[114.0338438,22.2526577],[114.0338872,22.252361],[114.034372,22.2516954],[114.0345854,22.2514024],[114.0353303,22.2499249],[114.0350215,22.2495676],[114.0357281,22.2496013]]],[[[113.8533396,22.2528773],[113.854643,22.2531329],[113.8554213,22.2533671],[113.8569335,22.2540366],[113.8572105,22.2543746],[113.8566691,22.254451],[113.856614,22.2547975],[113.8571464,22.255663],[113.8579005,22.2550764],[113.8581086,22.2549145],[113.8592169,22.2545107],[113.8604937,22.2544469],[113.8610105,22.2547037],[113.8614038,22.2543096],[113.8618836,22.2543745],[113.8619234,22.2541966],[113.8614728,22.2539584],[113.861515,22.2537874],[113.8629336,22.254459],[113.863669,22.2551557],[113.8638725,22.2555823],[113.8626929,22.2572414],[113.8626116,22.2575008],[113.862538,22.2580259],[113.8625941,22.2586549],[113.8627199,22.2588396],[113.8631378,22.2591394],[113.86314,22.2591679],[113.8631804,22.2596776],[113.8630206,22.259865],[113.8624836,22.2599641],[113.8622832,22.2598538],[113.8622434,22.2600647],[113.8623328,22.2601601],[113.8625111,22.2603502],[113.8624076,22.2609813],[113.8621626,22.260992],[113.8617688,22.2607224],[113.8604663,22.2613155],[113.8599734,22.2612844],[113.8599268,22.2614099],[113.8595029,22.2612858],[113.8595406,22.2611306],[113.8588346,22.2610564],[113.8578994,22.260655],[113.8554858,22.2595717],[113.8551786,22.2588916],[113.8543397,22.2579583],[113.8539604,22.2579015],[113.8534184,22.2573576],[113.8521451,22.2567437],[113.8517569,22.255999],[113.8519691,22.2552619],[113.8521499,22.2546334],[113.8524469,22.2543286],[113.8531481,22.2529839],[113.8533396,22.2528773]]],[[[114.048405,22.2627748],[114.0470736,22.2618517],[114.0470059,22.2615869],[114.04718,22.261522],[114.0476443,22.2606908],[114.0476205,22.2603391],[114.0474945,22.2599005],[114.0468045,22.2596381],[114.046711,22.2591605],[114.0469893,22.2589402],[114.0471778,22.2583352],[114.0481514,22.2581823],[114.0486157,22.2580106],[114.0486224,22.2579841],[114.0487877,22.2573328],[114.0491815,22.2572226],[114.0493814,22.257328],[114.0506962,22.2572777],[114.0507282,22.2572765],[114.0516278,22.258169],[114.0520643,22.2584909],[114.0521206,22.2587711],[114.0528011,22.2590204],[114.0529923,22.2589065],[114.0535015,22.2589382],[114.0543175,22.2595919],[114.054618,22.2600815],[114.0549023,22.2602608],[114.0552153,22.2610991],[114.0553744,22.2613841],[114.0550675,22.2616517],[114.0551118,22.2618148],[114.0561458,22.2622837],[114.0564413,22.2627485],[114.0563978,22.2630605],[114.0559564,22.2632387],[114.0558245,22.2637339],[114.0553501,22.2638594],[114.0551213,22.2647517],[114.0548367,22.2649176],[114.0535623,22.2649314],[114.052238,22.2645627],[114.0519619,22.2644177],[114.0517654,22.2640807],[114.0512829,22.2639716],[114.0505314,22.264286],[114.0500408,22.2640906],[114.0493069,22.2631739],[114.048405,22.2627748]]],[[[114.0572501,22.3375858],[114.0566806,22.337885],[114.0564382,22.3381363],[114.0561644,22.3384202],[114.0559264,22.338667],[114.055376,22.3388758],[114.0554114,22.3390158],[114.0556293,22.3398797],[114.0557996,22.3405547],[114.0557597,22.3406146],[114.0556217,22.3408224],[114.0553804,22.3411856],[114.053713,22.3422222],[114.0537232,22.3423792],[114.0539667,22.3424992],[114.0541217,22.3423494],[114.0543723,22.3424622],[114.054255,22.3429636],[114.054235,22.343049],[114.0539307,22.3434076],[114.0532935,22.343401],[114.053158,22.3435694],[114.0528549,22.3433092],[114.0518204,22.3438629],[114.0520086,22.3442183],[114.0517475,22.344339],[114.0515615,22.3444249],[114.0518237,22.3446249],[114.0518944,22.3446789],[114.0518999,22.3448508],[114.0519061,22.3450423],[114.0512123,22.3450678],[114.0511716,22.3451469],[114.0509851,22.3455097],[114.0506683,22.3455584],[114.0506599,22.3455656],[114.0503305,22.3458472],[114.049853,22.3462556],[114.0498484,22.3462595],[114.0477154,22.3463795],[114.0476575,22.3464108],[114.0469024,22.3468186],[114.0461939,22.3468996],[114.0461178,22.3469592],[114.0459421,22.3470968],[114.0459237,22.3473131],[114.04591,22.347475],[114.0455128,22.3475155],[114.0449835,22.3471845],[114.0447159,22.3470172],[114.0444649,22.3467198],[114.044384,22.3466239],[114.0444614,22.3459809],[114.0444858,22.3457782],[114.0442739,22.3455534],[114.0441513,22.3454233],[114.0441236,22.3451526],[114.0442863,22.345057],[114.0442429,22.3446521],[114.0443277,22.3446147],[114.0445158,22.3445318],[114.0445103,22.3442851],[114.044495,22.3435984],[114.0444942,22.3435648],[114.0446476,22.3432663],[114.0437042,22.3429278],[114.0422003,22.3423256],[114.0418128,22.340848],[114.0413512,22.3408448],[114.0413841,22.3411368],[114.040166,22.3412461],[114.0400759,22.3404399],[114.039304,22.3404333],[114.0396598,22.3400315],[114.0391773,22.3395179],[114.0388893,22.3397093],[114.038378,22.3391358],[114.0386059,22.3389694],[114.0383033,22.3386724],[114.0376264,22.3382844],[114.0375657,22.3383939],[114.0366449,22.3377554],[114.0333425,22.3359581],[114.0307858,22.3339094],[114.0302379,22.3337933],[114.0299328,22.3335394],[114.0284771,22.3322393],[114.0282811,22.3322053],[114.027841,22.3312889],[114.0260115,22.3292437],[114.0236374,22.3271118],[114.0213403,22.3259354],[114.0206443,22.3259678],[114.0206363,22.3259681],[114.0207073,22.3261206],[114.0204538,22.326222],[114.0204971,22.3266642],[114.0205865,22.3267508],[114.0208404,22.3269967],[114.0218156,22.3275325],[114.0218751,22.3277704],[114.0220023,22.3282795],[114.0226702,22.3287818],[114.0224324,22.3293369],[114.022695,22.3296954],[114.0227413,22.3297586],[114.0228101,22.330212],[114.0229122,22.3308841],[114.0230898,22.3311815],[114.0239772,22.3318047],[114.0239928,22.3320287],[114.0242613,22.3322642],[114.0240767,22.3326624],[114.0232165,22.3320881],[114.0225444,22.3323685],[114.0223417,22.3320325],[114.0214099,22.331901],[114.0206285,22.3323865],[114.0205409,22.332441],[114.020478,22.3327306],[114.0204246,22.3329763],[114.0200833,22.3331332],[114.0199452,22.3333683],[114.0193209,22.3327568],[114.018873,22.3323181],[114.0187045,22.3321531],[114.0185245,22.3317788],[114.0185538,22.3312203],[114.0181289,22.3305136],[114.0175419,22.3299308],[114.0172792,22.32967],[114.0164178,22.3291071],[114.0158549,22.3291138],[114.0150977,22.3291229],[114.0141037,22.3288807],[114.0138197,22.3289413],[114.0120974,22.3284538],[114.0111135,22.3278304],[114.011415,22.3267734],[114.0111855,22.3265614],[114.0106159,22.3266792],[114.0111862,22.3261208],[114.0112287,22.3254971],[114.0110783,22.3252751],[114.0100583,22.325076],[114.0090749,22.3250976],[114.0083083,22.3247865],[114.0080687,22.3245912],[114.0078374,22.323949],[114.0034197,22.3218435],[114.0031903,22.3218629],[114.0027743,22.3213701],[114.002043,22.3209882],[114.0013774,22.3207738],[114.0006118,22.3205272],[114.0006409,22.3210642],[114.0000368,22.3210832],[113.9996581,22.3209015],[113.9988074,22.3205175],[113.9986106,22.3201913],[113.9983364,22.320204],[113.9983954,22.3197138],[113.9983964,22.3197059],[113.9971721,22.3198705],[113.9962101,22.3186163],[113.9970666,22.3180793],[113.9972544,22.3172965],[113.9952663,22.3147828],[113.9924022,22.3123973],[113.9910866,22.3117635],[113.9871656,22.3112987],[113.9863537,22.3110559],[113.9797346,22.3072386],[113.9776082,22.3043744],[113.9768966,22.3036369],[113.970476,22.3004717],[113.9681096,22.2997561],[113.9674986,22.2997293],[113.967836,22.2982933],[113.9704782,22.2989561],[113.9726657,22.2996664],[113.9761332,22.301173],[113.9796302,22.3019439],[113.9797255,22.3019649],[113.979714,22.3018829],[113.9796406,22.3013613],[113.9797789,22.3008352],[113.9798698,22.3004892],[113.9800367,22.3002728],[113.980207,22.3000519],[113.9804627,22.29889],[113.9802791,22.2984737],[113.9803595,22.297764],[113.9796573,22.2961957],[113.9795545,22.2953801],[113.9795516,22.2953764],[113.9793247,22.2950845],[113.9791995,22.2952382],[113.9784679,22.2952084],[113.9782218,22.2949581],[113.9782446,22.2946233],[113.9782497,22.2945479],[113.9780368,22.2946115],[113.9777096,22.2951436],[113.9777085,22.2952069],[113.9776998,22.2957212],[113.9776978,22.2958328],[113.9779987,22.2959555],[113.978091,22.2962635],[113.9776334,22.2969438],[113.9776198,22.2970266],[113.9775616,22.2973799],[113.9773264,22.2975658],[113.9765135,22.2974779],[113.9759824,22.2976227],[113.9759913,22.2976458],[113.976088,22.2978959],[113.9764419,22.2978502],[113.9766524,22.2979947],[113.9768366,22.2986197],[113.9769035,22.2988466],[113.9773122,22.2990723],[113.9772528,22.2994382],[113.9765929,22.2992777],[113.9765121,22.2989319],[113.9759649,22.2987539],[113.9756549,22.2992163],[113.9752769,22.2992938],[113.9749177,22.2990493],[113.9745169,22.2990718],[113.9742454,22.2988327],[113.9733174,22.2988842],[113.9726801,22.2986304],[113.9721984,22.2981365],[113.9721404,22.2980771],[113.9717547,22.2978959],[113.971719,22.2978792],[113.9710495,22.2979274],[113.970598,22.2976451],[113.9704797,22.2979469],[113.968651,22.2974519],[113.9675609,22.2977508],[113.9675524,22.2977998],[113.9672326,22.2996377],[113.9671742,22.2996195],[113.9671707,22.2996271],[113.9671272,22.299721],[113.9667937,22.3009151],[113.9659091,22.3024715],[113.9649085,22.3035717],[113.9638804,22.3043395],[113.9621111,22.3052384],[113.9607335,22.3060434],[113.9595589,22.3068886],[113.9591383,22.3070362],[113.9587613,22.3070094],[113.9583117,22.3068618],[113.956586,22.3051981],[113.9576736,22.3060568],[113.9580072,22.3057482],[113.9583697,22.3053591],[113.9583987,22.3048895],[113.9583407,22.3046078],[113.9579637,22.3043529],[113.9575721,22.3042187],[113.9571081,22.3040711],[113.956905,22.3040711],[113.9565425,22.3040711],[113.9560929,22.3041248],[113.9558464,22.3041248],[113.9556289,22.3041382],[113.9554549,22.3041919],[113.9552373,22.3040845],[113.9498862,22.2987714],[113.9492481,22.2982884],[113.9472904,22.2971748],[113.9465508,22.2968393],[113.9462318,22.2965173],[113.9462463,22.2964234],[113.9451006,22.2954439],[113.9450426,22.2954708],[113.9446656,22.2951621],[113.9441435,22.2944376],[113.9441241,22.2944137],[113.944099,22.2944105],[113.9403979,22.2939425],[113.939439,22.2932288],[113.9393141,22.2931442],[113.9365901,22.2905423],[113.9364612,22.28874],[113.9363486,22.2885208],[113.9362805,22.2883884],[113.9352275,22.2876067],[113.935221,22.2874731],[113.9352178,22.2874083],[113.9351401,22.2871232],[113.9344154,22.2863071],[113.9346567,22.2861463],[113.9349564,22.2856809],[113.9356224,22.2858553],[113.9357036,22.2859395],[113.9358407,22.2860818],[113.9362745,22.2861111],[113.9366196,22.2861344],[113.9367107,22.2861406],[113.9367316,22.2861197],[113.9370883,22.2857643],[113.9371088,22.285438],[113.9367838,22.2853393],[113.9365597,22.2853005],[113.9363637,22.2854392],[113.9355208,22.2852762],[113.9354284,22.2848427],[113.9342846,22.2841471],[113.9336756,22.2838408],[113.9331715,22.2833204],[113.9330112,22.2829605],[113.9328149,22.282423],[113.9329334,22.2818869],[113.9335447,22.2814457],[113.9337097,22.280784],[113.93349,22.2802956],[113.9330983,22.2801291],[113.9328886,22.2810043],[113.9327489,22.2811752],[113.9325798,22.2807643],[113.9326768,22.2799616],[113.9325595,22.2797811],[113.9319271,22.2800291],[113.9315932,22.2804573],[113.9315361,22.2806644],[113.9319358,22.2807883],[113.9319543,22.2810168],[113.930241,22.2807807],[113.9297695,22.2803999],[113.9299934,22.2778385],[113.9298065,22.2778157],[113.9295895,22.279391],[113.9292134,22.2803031],[113.9288262,22.2801449],[113.9287088,22.2801747],[113.928603,22.2802016],[113.9284908,22.2799733],[113.9278231,22.2801943],[113.9278772,22.2805611],[113.9277417,22.2808575],[113.9275962,22.2806473],[113.9275614,22.2805972],[113.9275627,22.2806028],[113.9276562,22.2810067],[113.9277092,22.2812357],[113.9276348,22.2817331],[113.9275435,22.2823437],[113.9274214,22.2831606],[113.9269451,22.283844],[113.9265964,22.2838847],[113.9262776,22.2841767],[113.9262387,22.2842123],[113.925995,22.2845561],[113.9257319,22.284927],[113.9254643,22.2853045],[113.9244877,22.2858365],[113.9243327,22.2861482],[113.9241786,22.2873846],[113.924338,22.2883263],[113.9243737,22.2884939],[113.9243554,22.2886865],[113.9243642,22.2887703],[113.9244273,22.2887118],[113.9245292,22.2884892],[113.9245599,22.2877952],[113.9245874,22.2878324],[113.9246071,22.2879055],[113.9246541,22.2880643],[113.9247061,22.2884709],[113.9245879,22.288836],[113.9240719,22.2896792],[113.9240958,22.2899231],[113.9240217,22.2901218],[113.9236142,22.2904447],[113.9230457,22.2905764],[113.92201,22.2912862],[113.9216273,22.2913496],[113.9197515,22.2908548],[113.9192994,22.2910492],[113.9192543,22.2914918],[113.9189457,22.2916318],[113.9186869,22.2920907],[113.9182461,22.2920905],[113.9180903,22.2923919],[113.9178753,22.2922377],[113.9166026,22.2925801],[113.9166028,22.2927057],[113.9162076,22.2928348],[113.9157344,22.292841],[113.9155067,22.2926627],[113.9148425,22.2927714],[113.914519,22.2926499],[113.9145088,22.292789],[113.9142369,22.2927728],[113.9136699,22.2920873],[113.9133976,22.2919682],[113.9129688,22.2919471],[113.912669,22.2921973],[113.9124703,22.2921817],[113.9123067,22.2920739],[113.9121906,22.291321],[113.9119869,22.2912632],[113.9118105,22.2913385],[113.9114135,22.2911144],[113.9113506,22.29063],[113.910616,22.2901175],[113.909663,22.2899528],[113.9088692,22.2901429],[113.9085944,22.290352],[113.9083274,22.2913833],[113.908611,22.2918116],[113.9083553,22.2921722],[113.9075907,22.292221],[113.9071582,22.2925897],[113.9066558,22.2925059],[113.9061601,22.2927864],[113.9058495,22.2924438],[113.9056488,22.2924597],[113.9053537,22.2926243],[113.9051187,22.2927555],[113.9048236,22.2934164],[113.9040693,22.2929834],[113.9039277,22.2925847],[113.9041057,22.2919598],[113.9039887,22.291681],[113.9033715,22.2912355],[113.9032523,22.2908019],[113.9030417,22.2907376],[113.9029945,22.2909679],[113.9027696,22.2908488],[113.902569,22.2905157],[113.9025915,22.2901987],[113.9027349,22.2899695],[113.9017393,22.2897134],[113.9018174,22.288989],[113.9014237,22.2896558],[113.9003058,22.2897679],[113.8999133,22.290018],[113.8997912,22.2908113],[113.8997754,22.2915121],[113.8993706,22.2917283],[113.8986263,22.2913164],[113.8984774,22.2910172],[113.8980462,22.2909525],[113.897301,22.2912631],[113.8969966,22.2915769],[113.8969267,22.2918836],[113.8963026,22.2914311],[113.8963254,22.2909606],[113.8966083,22.2904601],[113.8965131,22.2900261],[113.8958411,22.2893088],[113.8951842,22.2890249],[113.894427,22.2878649],[113.8944671,22.2875229],[113.8948152,22.2872658],[113.8947966,22.2868616],[113.8945883,22.2856663],[113.8940653,22.2849581],[113.8941208,22.2841327],[113.8943906,22.283796],[113.8944917,22.2836698],[113.8940593,22.2827717],[113.8940729,22.2824093],[113.8937725,22.2819601],[113.891612,22.280043],[113.8911072,22.2799216],[113.8907076,22.2800229],[113.8898561,22.2792413],[113.8884735,22.2785607],[113.8863835,22.2779735],[113.8862138,22.276965],[113.8859718,22.2767069],[113.885843,22.2761435],[113.8856742,22.2749024],[113.8857659,22.2744052],[113.8856288,22.274234],[113.8858112,22.2741764],[113.8860641,22.2734931],[113.8877014,22.2723466],[113.8880292,22.2715717],[113.8876546,22.270143],[113.8877181,22.2683424],[113.8872242,22.26878],[113.8871976,22.2687792],[113.8867113,22.2687638],[113.8862108,22.2690137],[113.8860947,22.2691302],[113.8858288,22.2693969],[113.8857297,22.2694962],[113.8847732,22.269691],[113.884209,22.2701396],[113.8839772,22.2707292],[113.8843905,22.2719592],[113.8834684,22.2726083],[113.8829951,22.2726918],[113.8806588,22.270662],[113.8799244,22.2703325],[113.8788067,22.2702049],[113.8779484,22.2698566],[113.8770785,22.2693618],[113.8747635,22.2686155],[113.8736419,22.2686607],[113.8722396,22.2689037],[113.8714974,22.2687429],[113.8699607,22.2675557],[113.8696876,22.2670032],[113.8696473,22.2663041],[113.869565,22.2656574],[113.868514,22.264219],[113.8679258,22.2631212],[113.8670179,22.2620048],[113.8663481,22.2613833],[113.8655487,22.2600886],[113.8652834,22.2593674],[113.8646278,22.2588391],[113.8641579,22.2587469],[113.8639671,22.2585723],[113.863898,22.2585091],[113.8632261,22.2585267],[113.8630883,22.2584693],[113.8629819,22.2581409],[113.863075,22.2575704],[113.8631522,22.2573137],[113.8642528,22.2557083],[113.8640697,22.2554485],[113.8653291,22.2553776],[113.8667098,22.2549678],[113.86695,22.2548542],[113.8668548,22.2546876],[113.8675539,22.2542259],[113.8684196,22.2541029],[113.8693723,22.2535791],[113.8694868,22.2533165],[113.8691509,22.253208],[113.868758,22.2532139],[113.8684525,22.2534151],[113.8679852,22.2532798],[113.8675262,22.2534912],[113.867055,22.2540011],[113.8665968,22.2540345],[113.8654892,22.2550289],[113.8646044,22.2552442],[113.8640969,22.2552816],[113.8644117,22.2547854],[113.8643175,22.254172],[113.8640314,22.2538196],[113.863649,22.2538574],[113.8629971,22.2541259],[113.8626436,22.2540997],[113.8615965,22.2533908],[113.8617199,22.2530031],[113.8605549,22.2522639],[113.8613898,22.2471883],[113.862012,22.2472739],[113.8620712,22.2471071],[113.8614309,22.2466572],[113.8613518,22.2465045],[113.8613243,22.2464515],[113.8609657,22.2461234],[113.8590469,22.2453587],[113.8581972,22.2452713],[113.8553984,22.2449591],[113.8532619,22.2442596],[113.8515518,22.2431989],[113.8511157,22.2424463],[113.8509861,22.2416197],[113.8512962,22.2402363],[113.8524484,22.2384645],[113.8524973,22.2375618],[113.8525145,22.2372459],[113.8528575,22.2361239],[113.8528514,22.2349479],[113.8528032,22.2330499],[113.851909,22.2318873],[113.8512753,22.2313335],[113.8509262,22.2307687],[113.8503312,22.2305711],[113.8491832,22.2305595],[113.8489737,22.2307717],[113.8488269,22.2315577],[113.8487175,22.2321436],[113.8487621,22.2326958],[113.8487257,22.2328637],[113.8479549,22.2338582],[113.8470289,22.2344181],[113.8461632,22.2354281],[113.8459049,22.2355477],[113.8452611,22.2355036],[113.8447854,22.2349956],[113.8431483,22.2351077],[113.8423631,22.2344615],[113.8418842,22.2342507],[113.8416524,22.2338491],[113.8414628,22.2331659],[113.8416855,22.2324053],[113.8413687,22.231807],[113.8412155,22.2307563],[113.8407519,22.2293378],[113.8405875,22.2290384],[113.8397762,22.2283848],[113.83903,22.2273324],[113.8390766,22.2270679],[113.8401184,22.2268115],[113.8404246,22.2258593],[113.840224,22.2248172],[113.83994,22.2230913],[113.8399466,22.2223892],[113.8399219,22.2203334],[113.8401398,22.2188846],[113.8405105,22.2184464],[113.8417611,22.2180639],[113.8427975,22.2173726],[113.8433255,22.2170204],[113.8435535,22.2167329],[113.8436818,22.2161838],[113.8439836,22.2160077],[113.8441941,22.2156277],[113.8440617,22.2149754],[113.8433914,22.2136205],[113.8433109,22.2127645],[113.8430905,22.2122649],[113.8430371,22.2121438],[113.8420381,22.2120893],[113.8417421,22.2117058],[113.841661,22.2102766],[113.842216,22.2100312],[113.8420783,22.2091369],[113.8425099,22.2079668],[113.8435699,22.2068758],[113.8443416,22.2066938],[113.8445812,22.2060737],[113.8448781,22.2058796],[113.8454184,22.205808],[113.8457837,22.2055281],[113.8462933,22.2047889],[113.8469764,22.2048942],[113.8475024,22.2052036],[113.8480167,22.2052069],[113.8489809,22.204688],[113.8492293,22.2043301],[113.8492934,22.2033975],[113.8492999,22.2033033],[113.8491368,22.2022379],[113.8485696,22.2016009],[113.8479937,22.201527],[113.8477862,22.2017102],[113.8471799,22.2017628],[113.8469797,22.2015595],[113.8470484,22.2011428],[113.8466995,22.2005439],[113.8472672,22.1990829],[113.8471395,22.198525],[113.8465912,22.1982626],[113.8462087,22.197475],[113.844931,22.1968407],[113.8448467,22.196535],[113.8451046,22.1963382],[113.8450087,22.1959303],[113.8451068,22.1956365],[113.846221,22.195372],[113.8465509,22.1954403],[113.8469416,22.1958846],[113.8474693,22.1958723],[113.8477521,22.1955922],[113.8481214,22.1956744],[113.8476122,22.1962618],[113.8476918,22.1970676],[113.8480368,22.1974424],[113.8482438,22.1974364],[113.8484727,22.1971829],[113.8492243,22.1970988],[113.8493698,22.1972072],[113.849308,22.1976603],[113.8495752,22.1977197],[113.8504134,22.1971822],[113.8520239,22.1966015],[113.852369,22.1967108],[113.8528351,22.1972822],[113.8534205,22.1974946],[113.8540648,22.197287],[113.8544723,22.1977428],[113.8541553,22.1983127],[113.853323,22.1984698],[113.8528041,22.1989238],[113.8525375,22.1996907],[113.8528076,22.2006381],[113.8531236,22.2011738],[113.8535604,22.2018241],[113.8536775,22.2019985],[113.8542124,22.2022926],[113.8554968,22.2028395],[113.8563139,22.202882],[113.8577773,22.2033876],[113.857956,22.2034493],[113.8584156,22.203407],[113.8585318,22.2035724],[113.8591327,22.2035257],[113.8594106,22.2032456],[113.8600653,22.2030118],[113.8601,22.2036049],[113.8611639,22.2042318],[113.8614158,22.2047034],[113.8617563,22.2046682],[113.8621165,22.2044241],[113.8631431,22.2042632],[113.8635689,22.2043381],[113.8638483,22.2042259],[113.8640676,22.2044844],[113.8642037,22.2041332],[113.864554,22.2039282],[113.8645067,22.2031943],[113.8641817,22.2029157],[113.8640475,22.2021858],[113.8643355,22.2017727],[113.8647076,22.2017297],[113.8648397,22.2020897],[113.8650829,22.2022696],[113.8661179,22.2025615],[113.867592,22.2024171],[113.8679947,22.2028954],[113.867872,22.2031988],[113.8680657,22.2036243],[113.868711,22.2043005],[113.8683934,22.2051511],[113.8684689,22.2054356],[113.8688683,22.2057957],[113.8698576,22.206201],[113.870292,22.2075306],[113.8714587,22.2088252],[113.8714731,22.2090249],[113.8710711,22.2096126],[113.8718373,22.2092313],[113.8724854,22.209803],[113.8729255,22.2098788],[113.873063,22.2102504],[113.8733279,22.2102463],[113.873571,22.2104846],[113.874135,22.210361],[113.874281,22.2104703],[113.8741349,22.2106329],[113.873692,22.2107268],[113.8736722,22.2109688],[113.874124,22.2111353],[113.8742215,22.2110402],[113.8753835,22.2111059],[113.8765885,22.2116717],[113.8768024,22.2116611],[113.8769829,22.2113623],[113.8774059,22.2113452],[113.8778373,22.2111104],[113.8778256,22.210821],[113.8782497,22.2105222],[113.8784875,22.2106906],[113.878721,22.2105189],[113.8793868,22.2106918],[113.8793963,22.2108418],[113.8796301,22.2108151],[113.879908,22.2114132],[113.8796153,22.2119924],[113.8793351,22.2122321],[113.8792944,22.2120889],[113.8785177,22.2122803],[113.8783033,22.2127598],[113.878701,22.2132086],[113.8784303,22.2136544],[113.8782236,22.2135156],[113.8780142,22.2136872],[113.8779686,22.2141974],[113.8781237,22.2147066],[113.8788341,22.214545],[113.879255,22.2145954],[113.8795824,22.2149356],[113.8795396,22.2153123],[113.8798078,22.215115],[113.8801116,22.2151698],[113.8803233,22.2153175],[113.8802913,22.2154669],[113.8804712,22.2154696],[113.8809081,22.2158936],[113.8810816,22.2165961],[113.8816398,22.2171312],[113.8817455,22.2176118],[113.8819696,22.2177346],[113.8820017,22.2184363],[113.8831093,22.2190585],[113.883096,22.2195089],[113.8832039,22.219499],[113.8832888,22.2194913],[113.8834241,22.2197501],[113.8841435,22.2200385],[113.8853918,22.2209738],[113.8867803,22.2212156],[113.8874847,22.2213383],[113.8881293,22.2212276],[113.8885212,22.2210061],[113.888773,22.2203955],[113.8884517,22.2204042],[113.8884014,22.2201436],[113.8888293,22.2201265],[113.8890657,22.2198071],[113.8895087,22.219697],[113.890005,22.2198318],[113.8901938,22.2200626],[113.89014,22.2202622],[113.8903729,22.2204756],[113.8906259,22.2204351],[113.8905131,22.2207473],[113.8906882,22.2209197],[113.891041,22.2209456],[113.8913696,22.2207079],[113.8916311,22.2211519],[113.8916113,22.221415],[113.8914503,22.2216135],[113.8915324,22.2217903],[113.8910505,22.2221111],[113.8910431,22.2223241],[113.8910589,22.2223413],[113.8914573,22.2227753],[113.892342,22.2231734],[113.8933589,22.2232111],[113.8942222,22.2230042],[113.8942691,22.2225041],[113.8940727,22.2224053],[113.8941077,22.2219287],[113.8959002,22.2222328],[113.8959941,22.2223286],[113.8962673,22.2223375],[113.8973707,22.2223737],[113.8974486,22.2222151],[113.8982797,22.2220114],[113.8986883,22.2200996],[113.8995128,22.2199205],[113.8996177,22.2195692],[113.8994254,22.2198615],[113.8985348,22.2200682],[113.8983405,22.220016],[113.8969378,22.2186752],[113.8969187,22.2183444],[113.8970706,22.2179779],[113.8976885,22.2176036],[113.8983225,22.2168708],[113.8984696,22.2161965],[113.8982464,22.2160825],[113.8982462,22.2159376],[113.8984461,22.2158022],[113.8984128,22.2154129],[113.8988465,22.2149696],[113.8988942,22.214361],[113.8993734,22.2141695],[113.8995436,22.2143009],[113.9002841,22.2136631],[113.9010155,22.2138571],[113.9014071,22.2137262],[113.9014613,22.2133168],[113.9018947,22.2132407],[113.902214,22.2126841],[113.9027927,22.2126616],[113.9029899,22.2126219],[113.9032525,22.2123272],[113.9034287,22.2121294],[113.9034391,22.211846],[113.9031966,22.2118079],[113.9029996,22.2114694],[113.9035279,22.2109338],[113.9044782,22.2113518],[113.9048068,22.2113523],[113.9053472,22.210912],[113.9053426,22.2107555],[113.9061604,22.2104974],[113.9067889,22.2097117],[113.9070827,22.2088067],[113.9083042,22.2082428],[113.9085,22.2076675],[113.9088217,22.2073649],[113.9092689,22.207592],[113.9104349,22.2068945],[113.9111811,22.2067982],[113.911503,22.2064367],[113.9124663,22.2062523],[113.9125869,22.2065175],[113.9125398,22.2071515],[113.9130985,22.2074786],[113.9132759,22.2074402],[113.9135612,22.2081226],[113.9142704,22.208864],[113.9142396,22.2097377],[113.9144262,22.2100936],[113.9141407,22.2105662],[113.914283,22.2111355],[113.9155873,22.2119929],[113.9163573,22.2113758],[113.9167949,22.2115122],[113.9171379,22.2114509],[113.9173588,22.2114115],[113.9177369,22.2108328],[113.9187133,22.2100393],[113.918768,22.209283],[113.9189827,22.2088987],[113.919231,22.2090026],[113.9197452,22.2096287],[113.9201506,22.2097775],[113.9199203,22.2095609],[113.9201058,22.2091494],[113.9199812,22.2081351],[113.9204443,22.2075101],[113.9210717,22.2075475],[113.9214892,22.2078564],[113.9217935,22.2078996],[113.92272,22.207614],[113.9232002,22.2070778],[113.92341,22.208031],[113.9246103,22.208538],[113.9249111,22.208867],[113.926567,22.2090573],[113.9267976,22.2091165],[113.9268945,22.2093661],[113.9271913,22.2091806],[113.9274268,22.2095249],[113.9278045,22.2092179],[113.9279584,22.2095716],[113.9295566,22.2097571],[113.9300747,22.2096378],[113.9305802,22.2099169],[113.9308225,22.2103751],[113.9305783,22.2109816],[113.9306815,22.2113259],[113.9305395,22.2133708],[113.9311056,22.2140751],[113.9311243,22.2157913],[113.9306434,22.2167237],[113.9302418,22.2169131],[113.9297062,22.2174602],[113.9289568,22.2175994],[113.9286447,22.2180747],[113.9282113,22.2183639],[113.9261534,22.2188001],[113.9251306,22.2177979],[113.9251141,22.2177817],[113.9246624,22.2175027],[113.924407,22.2174682],[113.923916,22.2173856],[113.9231409,22.2172647],[113.9223868,22.2169962],[113.9216619,22.2172711],[113.9207272,22.2177137],[113.9201612,22.2180402],[113.9188484,22.2187975],[113.9186467,22.2199386],[113.9191941,22.221121],[113.919549,22.2213328],[113.9199738,22.2215729],[113.9201947,22.2216977],[113.9208978,22.2217195],[113.9215815,22.2215485],[113.9217816,22.2223954],[113.922298,22.2232028],[113.9225396,22.2240566],[113.9227853,22.2243151],[113.922651,22.224516],[113.9226888,22.2248943],[113.9231377,22.2256537],[113.9233422,22.2258883],[113.9235963,22.2261798],[113.924802,22.2264964],[113.9252838,22.2264833],[113.9254136,22.2262999],[113.9257892,22.2261774],[113.926055,22.2260907],[113.9268186,22.2248873],[113.9279622,22.2245629],[113.928045,22.2244296],[113.9277145,22.2243384],[113.9277251,22.223974],[113.929203,22.2243223],[113.9295349,22.2247244],[113.9299024,22.2247563],[113.9301155,22.224863],[113.9308914,22.2252515],[113.9329223,22.225313],[113.9330136,22.2256803],[113.9328637,22.2260665],[113.9331499,22.2254812],[113.9338301,22.2259032],[113.9343898,22.2257072],[113.9345186,22.2261012],[113.934194,22.2266648],[113.9342634,22.2272925],[113.9350425,22.2280877],[113.9357861,22.2284785],[113.9373228,22.2288885],[113.9389734,22.2288458],[113.9396806,22.2291068],[113.9399777,22.2290732],[113.9402295,22.2298069],[113.9410359,22.2304743],[113.9417456,22.2307174],[113.9425087,22.2313051],[113.944584,22.2320553],[113.9450214,22.2323434],[113.9457071,22.2324824],[113.9463874,22.2329113],[113.9480987,22.233303],[113.9505102,22.234019],[113.9507679,22.2341583],[113.9508115,22.2344367],[113.9509136,22.2342151],[113.9519248,22.2344792],[113.9523144,22.2344209],[113.9523214,22.2344103],[113.9526537,22.2339102],[113.9530915,22.233932],[113.9532901,22.2339718],[113.953411,22.2343994],[113.9537862,22.2346488],[113.9538512,22.2345362],[113.9562894,22.2340325],[113.956878,22.2337112],[113.957609,22.2330105],[113.9577397,22.2332011],[113.957711,22.2328883],[113.9574112,22.2327618],[113.9570573,22.2324954],[113.9572844,22.2319777],[113.9575471,22.2317967],[113.9578439,22.2319329],[113.9581523,22.2316195],[113.9586125,22.2318865],[113.9588498,22.2324463],[113.959511,22.2327619],[113.9599434,22.2327961],[113.9605367,22.2332431],[113.9611918,22.2330949],[113.9612613,22.233217],[113.9617475,22.2332512],[113.9621858,22.2329486],[113.9625745,22.233135],[113.9626978,22.2336536],[113.9627875,22.2340678],[113.9627699,22.2342739],[113.962524,22.2344844],[113.9627242,22.2357393],[113.9630714,22.2358801],[113.9638207,22.2358719],[113.9653594,22.2366781],[113.9668543,22.2367224],[113.9679431,22.2373826],[113.9682448,22.2375804],[113.9684046,22.2377343],[113.9697994,22.2390358],[113.9702515,22.239093],[113.9705655,22.2394064],[113.9707835,22.2397435],[113.9716569,22.239716],[113.9724808,22.2401025],[113.9730358,22.2407323],[113.9733099,22.2407724],[113.973407,22.2407506],[113.9750554,22.2403814],[113.9779863,22.2394078],[113.9799401,22.2383318],[113.9812934,22.2375865],[113.981404,22.2379575],[113.9801277,22.238942],[113.979823,22.2405946],[113.9801855,22.2415664],[113.9797822,22.2420558],[113.9803485,22.2417068],[113.9804079,22.2413594],[113.9800698,22.2405914],[113.9805737,22.2398993],[113.980893,22.239072],[113.9813043,22.2388055],[113.9818942,22.2387513],[113.9823265,22.2387116],[113.9822807,22.2382343],[113.9817953,22.2371586],[113.9815044,22.2369916],[113.981796,22.2362454],[113.9819535,22.2360465],[113.982219,22.2357115],[113.9821396,22.2355151],[113.9814046,22.2352181],[113.9813403,22.2350083],[113.9809924,22.2347953],[113.9807389,22.2348259],[113.9805291,22.2345529],[113.9799303,22.2342706],[113.9793663,22.2333243],[113.9793741,22.2322665],[113.9787836,22.2309918],[113.9787995,22.230406],[113.9784172,22.2301468],[113.9777893,22.2286799],[113.9777865,22.2284527],[113.978673,22.2280367],[113.9790316,22.2281925],[113.9790746,22.2279221],[113.9794182,22.2276211],[113.9797174,22.2277108],[113.9800973,22.2274666],[113.9821784,22.2251268],[113.982395,22.2249945],[113.9828887,22.2249951],[113.9830897,22.2248288],[113.9833467,22.2240756],[113.9836914,22.2238564],[113.9842202,22.2230235],[113.984118,22.2224959],[113.9835542,22.2214258],[113.9828511,22.2209074],[113.9825627,22.219809],[113.9818165,22.2186527],[113.9808061,22.2185078],[113.9804567,22.2180559],[113.9804171,22.2176738],[113.9807013,22.217156],[113.9813759,22.2170523],[113.9818787,22.2163502],[113.9825489,22.2162015],[113.9832031,22.2162881],[113.9832255,22.2159552],[113.9835744,22.2158779],[113.9836607,22.2156018],[113.9839268,22.215487],[113.9860831,22.215809],[113.9861836,22.2152426],[113.9860017,22.2147822],[113.9864056,22.2144793],[113.9867097,22.2145393],[113.9869418,22.2140653],[113.9870401,22.2123546],[113.9877587,22.2125137],[113.9892223,22.2124985],[113.9898424,22.212703],[113.9897618,22.2129302],[113.9899125,22.213258],[113.9899992,22.21316],[113.9901503,22.2132723],[113.9900083,22.213462],[113.9898164,22.2134104],[113.9894522,22.2136226],[113.989368,22.2142691],[113.9903799,22.2151727],[113.991089,22.2154953],[113.9914273,22.2158252],[113.9918325,22.2158759],[113.9922601,22.2150802],[113.993445,22.2151592],[113.9938463,22.2153121],[113.994214,22.2157068],[113.9945267,22.216428],[113.995101,22.2166961],[113.9950753,22.217633],[113.9958464,22.2180883],[113.9979048,22.2184498],[113.9989669,22.2184404],[113.99918,22.2186229],[113.9997094,22.2171813],[114.0002655,22.2169057],[114.0005194,22.2165467],[114.0004246,22.2156149],[114.0007036,22.214707],[114.0010431,22.2146816],[114.0016725,22.2149784],[114.0027963,22.215284],[114.003457,22.2152047],[114.0039573,22.214912],[114.0042351,22.2149987],[114.0045251,22.2153349],[114.0045305,22.2155732],[114.0040367,22.215596],[114.0040552,22.2158782],[114.0050508,22.2168646],[114.0049859,22.217149],[114.0051166,22.2174348],[114.0048796,22.217896],[114.0050169,22.2184399],[114.0054662,22.2183919],[114.0061202,22.2186052],[114.0073294,22.2194202],[114.0079375,22.219228],[114.0080332,22.2194408],[114.0082221,22.2194153],[114.0088612,22.2190333],[114.0093185,22.2190513],[114.0096102,22.2195744],[114.0099407,22.2196326],[114.0100706,22.2196473],[114.0103915,22.2198801],[114.0106381,22.2198348],[114.0105021,22.2202599],[114.0106749,22.2205124],[114.0106376,22.2207711],[114.0101957,22.2210154],[114.0102015,22.2213799],[114.0099386,22.2214293],[114.0099353,22.2215846],[114.0108211,22.2221369],[114.0110858,22.2226834],[114.0119374,22.2234921],[114.0119792,22.2242742],[114.0120025,22.2243031],[114.0123018,22.2246725],[114.0136926,22.2246983],[114.014733,22.2245095],[114.0150414,22.2247282],[114.0156524,22.2248124],[114.0160226,22.2252701],[114.0166767,22.2255061],[114.0173749,22.2255267],[114.0175705,22.2256676],[114.0176482,22.2263061],[114.0179414,22.2267229],[114.0181051,22.2273288],[114.0181316,22.2276801],[114.018144,22.2278446],[114.0178231,22.2282359],[114.0177482,22.2283273],[114.0178123,22.2288185],[114.0182409,22.2292419],[114.019352,22.2298522],[114.020448,22.2298906],[114.0202867,22.2304827],[114.0197956,22.2308987],[114.019079,22.2309903],[114.0187267,22.2313521],[114.0182203,22.2313686],[114.0179334,22.2315289],[114.0170721,22.2314773],[114.0167441,22.2313817],[114.0165975,22.2306287],[114.0161959,22.2307112],[114.0158146,22.2309486],[114.0154054,22.2312034],[114.0151632,22.2318288],[114.0140602,22.2324053],[114.0129975,22.2322898],[114.0127129,22.2320512],[114.0120565,22.2322135],[114.0115375,22.2323456],[114.0114097,22.2326957],[114.0112807,22.2330492],[114.0111477,22.2330519],[114.0109435,22.2333973],[114.0108013,22.233638],[114.010773,22.2341725],[114.0110508,22.2342878],[114.0108863,22.234436],[114.0109753,22.2350325],[114.0108022,22.235492],[114.009657,22.2350942],[114.0085679,22.2345096],[114.0084579,22.2336158],[114.0082541,22.2335262],[114.008168,22.2331727],[114.0077021,22.2329765],[114.0074419,22.2333156],[114.0070779,22.233404],[114.0059599,22.2334233],[114.0059883,22.2332534],[114.0055098,22.2330981],[114.005327,22.2332556],[114.0051144,22.2332238],[114.0040759,22.2338209],[114.003439,22.2343798],[114.003601,22.2348233],[114.0038585,22.2356743],[114.0036996,22.2362609],[114.0031743,22.2364151],[114.0031005,22.2367374],[114.0025628,22.2366785],[114.0024504,22.2368039],[114.0024943,22.2373262],[114.0022129,22.2375245],[114.0018466,22.2374732],[114.001645,22.2376068],[114.0014958,22.2380494],[114.0011962,22.2383102],[114.0012669,22.2384574],[114.0006808,22.2385199],[113.9999111,22.2381007],[113.9992932,22.2388174],[113.9994225,22.2394725],[113.999056,22.2408148],[113.9987436,22.2407707],[113.9972286,22.2395833],[113.9968905,22.2395648],[113.9964577,22.2399095],[113.9959546,22.2398196],[113.9954343,22.2404317],[113.9952594,22.2398217],[113.9949846,22.2398588],[113.9943991,22.2394586],[113.9939166,22.2394265],[113.9937775,22.239809],[113.9933175,22.2398803],[113.9931241,22.2400874],[113.9929687,22.2402537],[113.9932727,22.2401158],[113.9933159,22.2400987],[113.994095,22.2397427],[113.9946419,22.2399098],[113.9942797,22.2403229],[113.9937855,22.240875],[113.9934596,22.2420504],[113.9937832,22.2426203],[113.9942752,22.2430572],[113.9953384,22.2433148],[113.9963351,22.2440717],[113.9972209,22.2441907],[113.9975041,22.2445012],[113.9983564,22.2448041],[113.9985999,22.2452325],[113.9988526,22.2453478],[113.9996802,22.2453628],[113.9998746,22.2454722],[113.9994259,22.2460231],[113.9994994,22.2464963],[114.0000147,22.2466615],[114.0004819,22.2470869],[114.0004868,22.247162],[114.0005342,22.2478872],[114.000793,22.2486174],[114.0014737,22.2490603],[114.001338,22.2493503],[114.0015928,22.2492897],[114.0021235,22.2488222],[114.0030515,22.2485064],[114.00358,22.2488178],[114.0038919,22.2492112],[114.0056287,22.2489713],[114.0061381,22.2493034],[114.0059003,22.2495774],[114.0064875,22.2502164],[114.0067587,22.2501599],[114.0078407,22.2505783],[114.0086916,22.2510561],[114.0090657,22.2514744],[114.0094813,22.2516663],[114.0098342,22.2523121],[114.0101952,22.2525353],[114.0105432,22.2525368],[114.0105994,22.252213],[114.0111304,22.2520953],[114.0118248,22.2521947],[114.0121805,22.2526727],[114.0120918,22.25301],[114.0115324,22.2530296],[114.0115169,22.2532447],[114.0112826,22.2532504],[114.0115033,22.2540101],[114.0113408,22.2545448],[114.010734,22.2549396],[114.010078,22.2550027],[114.0089647,22.2557753],[114.0082675,22.2560214],[114.0081935,22.2560475],[114.0081352,22.2564695],[114.0082855,22.2569099],[114.0083567,22.2571187],[114.0082655,22.2574472],[114.0075281,22.2576036],[114.0074098,22.2577796],[114.0075554,22.2581362],[114.0074108,22.2590575],[114.0070726,22.2594212],[114.006875,22.2600138],[114.0063256,22.2603576],[114.0062904,22.2603796],[114.0064772,22.2608367],[114.004914,22.2617807],[114.0036567,22.2623148],[114.00131,22.2623567],[114.0012196,22.2623583],[114.001226,22.2625129],[114.0012313,22.2626432],[114.0024432,22.2628951],[114.0020286,22.2648782],[114.0027161,22.2650503],[114.0026969,22.2652276],[114.0019597,22.2651979],[114.0018619,22.2656487],[114.0014651,22.2656046],[114.0013073,22.2658727],[113.9992483,22.2666914],[113.9987631,22.2667543],[113.9983897,22.2666209],[113.99831,22.2665924],[113.9962531,22.2657801],[113.9955623,22.2655461],[113.9949173,22.2656536],[113.9950519,22.2659444],[113.9955588,22.265825],[113.9961467,22.2660401],[113.9969574,22.2665447],[113.9972953,22.266499],[113.9979715,22.2667706],[113.9981747,22.2668522],[113.9983399,22.268431],[113.9980914,22.268665],[113.9979828,22.2687672],[113.9992227,22.2708641],[114.000275,22.2717802],[114.0016664,22.2724281],[114.0022063,22.2726795],[114.003095,22.2724759],[114.0036157,22.2723567],[114.0039477,22.2720495],[114.0037823,22.271739],[114.0040758,22.2716412],[114.0042457,22.2713784],[114.004699,22.2714114],[114.0053052,22.2711088],[114.0056153,22.2704436],[114.0065357,22.2696355],[114.0073728,22.2695436],[114.0080641,22.2691512],[114.0092297,22.2689231],[114.0100672,22.2689671],[114.0101794,22.2688587],[114.0102865,22.2687552],[114.0106091,22.2687147],[114.0104551,22.2684764],[114.0106298,22.2680371],[114.0106748,22.267924],[114.0104662,22.2671844],[114.0106226,22.2669931],[114.0106109,22.2666875],[114.0110014,22.2666678],[114.0113701,22.2669123],[114.0115641,22.2665927],[114.013546,22.2660131],[114.0136151,22.2655646],[114.0138997,22.2654833],[114.0139469,22.2652978],[114.0147857,22.2652809],[114.0157528,22.2652789],[114.0164276,22.2654746],[114.0171719,22.2653914],[114.0182464,22.265808],[114.01862,22.2661836],[114.0192581,22.2662457],[114.0197544,22.2664927],[114.0205076,22.2663917],[114.0209767,22.2660086],[114.0228206,22.2661262],[114.0233771,22.2658773],[114.0234078,22.2662905],[114.0232234,22.266444],[114.0219282,22.2662788],[114.0215352,22.2668059],[114.0212458,22.2678683],[114.0219862,22.2684293],[114.0227748,22.2685057],[114.0228264,22.2685764],[114.0229834,22.2687913],[114.0225049,22.2690929],[114.0224185,22.2692351],[114.0220634,22.2698201],[114.0217381,22.2700177],[114.0219502,22.2705292],[114.0222219,22.2706689],[114.022361,22.2724925],[114.022361,22.2724934],[114.0223611,22.2724944],[114.0224018,22.2730281],[114.022304,22.2732169],[114.0225118,22.2744158],[114.0223985,22.2746137],[114.0225392,22.2748349],[114.022358,22.2751172],[114.0220901,22.2752027],[114.0216414,22.2753458],[114.0214381,22.2759911],[114.0217245,22.2765327],[114.0217965,22.2765754],[114.0219898,22.2766902],[114.0219396,22.2770522],[114.0218733,22.2775299],[114.0219886,22.2777369],[114.0220043,22.277752],[114.0224797,22.2782096],[114.0238354,22.2782741],[114.0240997,22.2787768],[114.02355,22.2790712],[114.0235374,22.2790913],[114.0230367,22.2798845],[114.0227336,22.2800385],[114.0227485,22.2802974],[114.0223293,22.2809779],[114.0226317,22.281763],[114.0224015,22.2823397],[114.0224494,22.282624],[114.0227606,22.2831781],[114.0231263,22.2838292],[114.0230905,22.2846548],[114.0223846,22.2849597],[114.0217813,22.2849473],[114.0213154,22.284688],[114.0208078,22.2848512],[114.0202742,22.2855482],[114.0196001,22.2857786],[114.0192571,22.2863994],[114.019156,22.2874919],[114.0189345,22.2875245],[114.0188312,22.2877206],[114.0189757,22.2892935],[114.0191488,22.2896359],[114.0194814,22.290294],[114.0198026,22.2906833],[114.0206762,22.2907142],[114.0210307,22.2905892],[114.0210617,22.2907382],[114.0208652,22.2909325],[114.020146,22.2911587],[114.0198548,22.291516],[114.0196365,22.2913533],[114.0193176,22.2914286],[114.0190163,22.2921783],[114.0192599,22.2929989],[114.0194781,22.29336],[114.0198051,22.2939014],[114.020139,22.2940235],[114.0203419,22.2938863],[114.0215931,22.2930409],[114.0219804,22.2927792],[114.0227883,22.2922332],[114.0237085,22.2916332],[114.0239117,22.2916363],[114.0244364,22.2920878],[114.0247044,22.292737],[114.0245134,22.2931346],[114.0240875,22.2934752],[114.0240126,22.2936911],[114.0237709,22.294388],[114.0240272,22.2946643],[114.0246178,22.2947234],[114.0254093,22.2939764],[114.0261157,22.2938607],[114.0274553,22.2919635],[114.0271213,22.2912876],[114.0248993,22.2916195],[114.0248525,22.2914363],[114.027206,22.2910838],[114.0274439,22.2913199],[114.0276679,22.2920293],[114.0262419,22.294031],[114.0264653,22.2941767],[114.0261748,22.2943637],[114.0260995,22.2946834],[114.025515,22.294872],[114.0253065,22.2962329],[114.0258501,22.2968682],[114.0258625,22.2971413],[114.0258293,22.2971743],[114.0252426,22.2977571],[114.0247243,22.29785],[114.0244607,22.2984024],[114.0244727,22.2990307],[114.0237445,22.2988261],[114.0232008,22.2981802],[114.0233112,22.2976974],[114.0231488,22.2975223],[114.0228867,22.2973713],[114.0220674,22.2973067],[114.0215114,22.2969687],[114.0214711,22.2967128],[114.0198424,22.2958222],[114.0197027,22.295805],[114.0194505,22.2960694],[114.019411,22.2961108],[114.0192293,22.2963012],[114.0177626,22.2959018],[114.0175733,22.2966623],[114.0180451,22.2967851],[114.0180081,22.2968189],[114.0181289,22.2968558],[114.0180847,22.2969923],[114.0179667,22.2970468],[114.0172147,22.2969241],[114.0167282,22.2969104],[114.0161236,22.2967058],[114.0159172,22.2969377],[114.0155928,22.2982883],[114.0154601,22.2997071],[114.0156518,22.3002255],[114.0159909,22.3003074],[114.0160135,22.3003129],[114.0162132,22.3002562],[114.0175381,22.3003213],[114.0184626,22.3005285],[114.0190015,22.3008033],[114.0193943,22.30114],[114.0197627,22.3011261],[114.0200971,22.3013017],[114.0201404,22.3013245],[114.0205655,22.3011706],[114.0209446,22.3012325],[114.0207246,22.3014178],[114.0205494,22.3019035],[114.0201868,22.3018683],[114.0198625,22.3016091],[114.019531,22.3016206],[114.019309,22.3018109],[114.0192811,22.3018349],[114.0192425,22.3022835],[114.0200702,22.3027931],[114.0193173,22.302988],[114.0193043,22.3029914],[114.0193246,22.3030186],[114.0190413,22.3030293],[114.018439,22.302931],[114.0179962,22.3030457],[114.0170575,22.3035046],[114.0169689,22.3034554],[114.0163844,22.3036029],[114.0159593,22.3037831],[114.0158176,22.3038815],[114.0157468,22.3040289],[114.0156051,22.3061428],[114.0159416,22.3063067],[114.0163667,22.3057987],[114.0169512,22.3060445],[114.0169512,22.3062903],[114.017394,22.3063231],[114.0173232,22.3064706],[114.0168804,22.306405],[114.0168582,22.3067341],[114.0174247,22.3071373],[114.0172316,22.3098167],[114.0176144,22.3103152],[114.0178416,22.3105062],[114.0191024,22.3105438],[114.0190379,22.3106604],[114.019637,22.3102096],[114.0216217,22.31038],[114.0222532,22.3103203],[114.0229605,22.3099829],[114.0233727,22.3100826],[114.0239261,22.309888],[114.024976,22.3099818],[114.025342,22.3098835],[114.0261109,22.3101838],[114.0262109,22.3105273],[114.0268446,22.3107082],[114.0271021,22.3109631],[114.0283027,22.3121516],[114.0283003,22.3121887],[114.0283003,22.3121888],[114.0285182,22.3125516],[114.029505,22.312951],[114.0300953,22.312752],[114.0321711,22.3115115],[114.0321971,22.3114423],[114.0323232,22.3111067],[114.0326433,22.3102543],[114.0327068,22.3100852],[114.0328784,22.3099604],[114.0331767,22.3097435],[114.0331683,22.3093967],[114.0333946,22.3089736],[114.0344186,22.3078247],[114.036532,22.3066354],[114.0384275,22.3059904],[114.040737,22.3058896],[114.0429375,22.3063331],[114.0447023,22.3071595],[114.0455084,22.3073006],[114.0454649,22.3071394],[114.045138,22.3071394],[114.0451816,22.306454],[114.0453123,22.3064339],[114.0453341,22.3069378],[114.0458135,22.3069378],[114.0458352,22.3065145],[114.045966,22.3063734],[114.045966,22.3058896],[114.0460749,22.3058896],[114.0461403,22.3072603],[114.0472732,22.3070789],[114.0476,22.3070587],[114.0554223,22.3108271],[114.0554441,22.3132055],[114.0550519,22.3151607],[114.0542893,22.3172569],[114.0534178,22.3192119],[114.0533981,22.3199941],[114.0534073,22.3199974],[114.0533977,22.3200115],[114.053396,22.3200786],[114.0533588,22.3200689],[114.0533362,22.3201021],[114.0532635,22.3202094],[114.0538377,22.3209457],[114.0541242,22.3216782],[114.054431,22.3217198],[114.05455,22.321461],[114.0550407,22.321235],[114.0556609,22.3202142],[114.0560923,22.3201394],[114.0563668,22.3207266],[114.0559911,22.3218232],[114.055594,22.321846],[114.0553753,22.3221898],[114.0552276,22.322422],[114.0551918,22.3224434],[114.054709,22.3227325],[114.0544791,22.3226791],[114.0542113,22.3230956],[114.054183,22.3235406],[114.0539231,22.3236214],[114.0538757,22.3239825],[114.0541439,22.3246381],[114.0548444,22.3247976],[114.0549846,22.3250306],[114.0548824,22.3253573],[114.0547871,22.3256617],[114.0549165,22.3262915],[114.0550573,22.3269769],[114.0555175,22.327352],[114.0555268,22.3275671],[114.0558672,22.3277074],[114.0556638,22.3278988],[114.055826,22.3284338],[114.0562045,22.3284754],[114.0564259,22.3288858],[114.0566539,22.3289114],[114.0565884,22.3290863],[114.057111,22.3292622],[114.0572698,22.3293486],[114.0572315,22.3295643],[114.0568031,22.3298542],[114.0567028,22.3304593],[114.0563154,22.3303627],[114.0562959,22.3305265],[114.0561934,22.3303626],[114.055454,22.3300988],[114.0553737,22.3302632],[114.0551391,22.330743],[114.0551782,22.3307753],[114.0554594,22.3310072],[114.0555702,22.3310986],[114.0555739,22.3312237],[114.0555856,22.3316104],[114.0554229,22.3317149],[114.0554035,22.3321221],[114.0556661,22.3325236],[114.0555783,22.3326749],[114.0559283,22.3327827],[114.0560157,22.3331285],[114.0552683,22.3334306],[114.055095,22.3335862],[114.0547113,22.3339307],[114.0547111,22.3341876],[114.0548068,22.3344746],[114.0560698,22.3344318],[114.0560327,22.3347751],[114.0564037,22.3348083],[114.0569236,22.3352061],[114.0574427,22.3351952],[114.0576236,22.3353928],[114.0580805,22.3352885],[114.0582174,22.3356497],[114.0579892,22.3357624],[114.0576486,22.3358],[114.0574768,22.3359566],[114.0573168,22.3361024],[114.057353,22.3364746],[114.0574282,22.3372484],[114.0572501,22.3375858]]],[[[114.0456811,22.2810008],[114.0460466,22.2813066],[114.0463429,22.2822147],[114.0473804,22.2838855],[114.0473949,22.2840223],[114.04741,22.2841636],[114.0471501,22.2843064],[114.0470532,22.2846876],[114.0459092,22.2849136],[114.0459272,22.28675],[114.0457194,22.2869029],[114.0443989,22.2870756],[114.0430383,22.2866737],[114.042164,22.2857398],[114.042184,22.2847764],[114.0416779,22.2846483],[114.0409208,22.2847458],[114.0403731,22.2850763],[114.03972,22.2859026],[114.0395131,22.2864261],[114.0396593,22.2869446],[114.0404269,22.2878406],[114.0411936,22.2877018],[114.0416307,22.2881673],[114.0418492,22.2881941],[114.0419236,22.2886948],[114.0421584,22.2889184],[114.0424423,22.2889335],[114.0427109,22.2889478],[114.0431857,22.2892916],[114.0446853,22.2898223],[114.045085,22.2902417],[114.0451785,22.2907329],[114.0457913,22.2908641],[114.0458261,22.2911077],[114.0448809,22.291118],[114.0447215,22.2911197],[114.044431,22.2914103],[114.0446372,22.2916084],[114.0445836,22.2918525],[114.0440826,22.291958],[114.043815,22.2920144],[114.043374,22.292267],[114.0428205,22.2919527],[114.0421834,22.2919723],[114.041915,22.29179],[114.0418147,22.2917219],[114.0410017,22.2917449],[114.0398146,22.2912492],[114.0398554,22.2909933],[114.0397089,22.2908738],[114.0379311,22.2909592],[114.0370538,22.2905228],[114.0367531,22.2901934],[114.0358967,22.2898676],[114.0351928,22.2892022],[114.0353384,22.2889179],[114.0355764,22.2884533],[114.0358074,22.2883722],[114.0358205,22.2883404],[114.0360327,22.287828],[114.0365498,22.2872871],[114.0365017,22.2872687],[114.0359939,22.2870747],[114.0363026,22.2861858],[114.036924,22.2843966],[114.0373583,22.2845164],[114.0373086,22.2847144],[114.0376584,22.2848021],[114.0379947,22.2844389],[114.0383522,22.2844306],[114.0386469,22.2838195],[114.0383157,22.2832594],[114.0382773,22.2831945],[114.0378102,22.2828004],[114.0377048,22.2821431],[114.0378863,22.2816781],[114.0384527,22.2811289],[114.0393152,22.2809666],[114.0393402,22.2807863],[114.0394674,22.280899],[114.0402752,22.2805341],[114.0407348,22.2801066],[114.0409322,22.2801736],[114.0408633,22.2799383],[114.0410634,22.2798309],[114.0417916,22.2800703],[114.0421193,22.279989],[114.0424887,22.2802629],[114.0428976,22.2803501],[114.0437354,22.280144],[114.0445132,22.280293],[114.0446315,22.2807937],[114.0450682,22.2810239],[114.0456811,22.2810008]]],[[[114.0583633,22.2892448],[114.0578256,22.2889974],[114.0574755,22.2890935],[114.0574163,22.2892648],[114.0569318,22.2892326],[114.0569383,22.2890056],[114.057179,22.2890466],[114.0570884,22.2888077],[114.0576919,22.2886019],[114.0580703,22.2886689],[114.0581823,22.2885006],[114.0580015,22.2882179],[114.0573957,22.2880928],[114.0574957,22.2877784],[114.0579047,22.2877238],[114.0579204,22.2879478],[114.058052,22.2877966],[114.0582457,22.2878812],[114.058303,22.2876372],[114.0590022,22.2876631],[114.0601646,22.2881911],[114.0602833,22.2883709],[114.0606643,22.2883564],[114.0605324,22.2888687],[114.0602826,22.2891333],[114.0589001,22.2897517],[114.0585178,22.2897804],[114.0583633,22.2892448]]],[[[114.033441,22.2889599],[114.0338883,22.2891168],[114.0335708,22.2900511],[114.0321092,22.2896485],[114.0317528,22.2891363],[114.0318406,22.288991],[114.0322064,22.2890055],[114.032488,22.2887268],[114.033441,22.2889599]]],[[[113.87846,22.3168584],[113.8790176,22.3169203],[113.8974163,22.3228207],[113.8979069,22.3229857],[113.8983083,22.3230064],[113.8985983,22.3229651],[113.8989105,22.3225319],[113.9011655,22.3166667],[113.9012547,22.3161303],[113.9009871,22.3157589],[113.8953225,22.3138815],[113.8899254,22.3100439],[113.889747,22.30959],[113.889747,22.3089091],[113.8903046,22.3076093],[113.8905499,22.3072998],[113.8910628,22.3071347],[113.8960361,22.3071347],[113.8960449,22.3071347],[113.8980231,22.3023504],[113.8978955,22.301388],[113.8942812,22.2967592],[113.8938764,22.2959478],[113.893809,22.2952451],[113.8940461,22.2945294],[113.894827,22.2938369],[113.8955525,22.2936425],[113.8989365,22.2935937],[113.9028285,22.2946061],[113.9055064,22.2949985],[113.9080766,22.295191],[113.9162278,22.2951696],[113.9170612,22.295074],[113.9316089,22.2908908],[113.931629,22.2907402],[113.9322671,22.2903815],[113.9322882,22.2903696],[113.9324876,22.2902576],[113.9338891,22.2905675],[113.9345206,22.2908446],[113.9345824,22.2911913],[113.9346208,22.2914061],[113.9349804,22.2917088],[113.935788,22.2923886],[113.9365494,22.2930715],[113.938228,22.2947679],[113.9382458,22.2947353],[113.9384221,22.2949891],[113.9375993,22.2967483],[113.9381478,22.2988873],[113.9390099,22.3003918],[113.9405772,22.3019869],[113.9410082,22.3033645],[113.9409886,22.3042527],[113.9404793,22.305594],[113.9397544,22.3073159],[113.9396181,22.3084321],[113.9396979,22.3084497],[113.9400618,22.3097371],[113.9405308,22.3104903],[113.9409556,22.3111534],[113.9419821,22.3120785],[113.9424777,22.3123241],[113.9433715,22.3125534],[113.9454157,22.3129382],[113.9464334,22.313192],[113.9468935,22.3133802],[113.9471148,22.3134294],[113.9477962,22.3134949],[113.9484422,22.3134457],[113.9488669,22.3133557],[113.9503448,22.3129136],[113.9514244,22.3124797],[113.952858,22.3117429],[113.9539993,22.3110867],[113.9568046,22.3102598],[113.9574595,22.3101206],[113.9580966,22.3101861],[113.9587957,22.3105218],[113.959309,22.3109639],[113.9594683,22.3112177],[113.9620257,22.3190114],[113.9621939,22.3200183],[113.9623443,22.3221467],[113.9623443,22.3228507],[113.9622469,22.3232601],[113.961893,22.3235466],[113.9614593,22.3236612],[113.9610257,22.3236366],[113.9607514,22.3234811],[113.960424,22.3231946],[113.9603974,22.3228671],[113.9603433,22.3214568],[113.9602902,22.3209984],[113.9601044,22.3206709],[113.9596442,22.3205154],[113.9510595,22.3228188],[113.9503392,22.3227582],[113.949728,22.3224554],[113.9494006,22.3222131],[113.9491823,22.3217285],[113.9471087,22.3153275],[113.9467158,22.3149034],[113.9466067,22.3146611],[113.9428087,22.3139544],[113.9423693,22.3142447],[113.9435631,22.3159375],[113.9443682,22.3193745],[113.9447765,22.3197356],[113.9452011,22.3198021],[113.9451026,22.3200958],[113.9452098,22.3205125],[113.9460215,22.320321],[113.9457802,22.3195153],[113.9458925,22.3192865],[113.9461757,22.319221],[113.94642,22.319708],[113.9465004,22.320452],[113.9461948,22.3208673],[113.9458134,22.3210213],[113.9459901,22.3228367],[113.9456633,22.3228717],[113.9456568,22.323256],[113.9452081,22.323431],[113.9443502,22.3233139],[113.9438212,22.3228009],[113.9437586,22.3227402],[113.9394474,22.3219692],[113.9377282,22.3214005],[113.9377152,22.3214366],[113.9376929,22.3214985],[113.936221,22.3246756],[113.9235009,22.3284583],[113.9219175,22.3325841],[113.9215161,22.3328729],[113.9211816,22.3330173],[113.9207578,22.3330173],[113.9200665,22.3329761],[113.9198658,22.3329967],[113.919665,22.3330792],[113.9191521,22.3342964],[113.9185946,22.3347708],[113.918037,22.3349152],[113.9174795,22.3348327],[113.914335,22.3338632],[113.9135098,22.3338838],[113.9098746,22.3327905],[113.9092501,22.332151],[113.8857943,22.3246465],[113.8848576,22.3246259],[113.8810886,22.3234293],[113.8807764,22.3230374],[113.8771412,22.3219439],[113.8767205,22.3215623],[113.8764752,22.3211497],[113.8764975,22.3206958],[113.8776795,22.3173949],[113.8780809,22.3170441],[113.87846,22.3168584]]],[[[113.9787303,22.326808],[113.9788386,22.3267312],[113.9789087,22.3266246],[113.9789301,22.3264095],[113.9790872,22.3263997],[113.9792426,22.3264483],[113.9793516,22.3266258],[113.9791377,22.326696],[113.9790611,22.3268203],[113.9789635,22.3270644],[113.97887,22.3270156],[113.9787936,22.3270095],[113.9787109,22.3270391],[113.9785911,22.3271278],[113.9785583,22.3269796],[113.9785826,22.3268624],[113.9787303,22.326808]]],[[[114.0583979,22.3295007],[114.059192,22.3295592],[114.0589415,22.3297665],[114.0584536,22.3297709],[114.0581856,22.3297039],[114.0583979,22.3295007]]],[[[113.9662471,22.3338314],[113.9660411,22.333986],[113.9653428,22.3335336],[113.9650714,22.3330999],[113.9648357,22.3301934],[113.9650771,22.3293683],[113.9652935,22.3291906],[113.9666027,22.3289503],[113.9671174,22.3291976],[113.9687281,22.3308826],[113.96885,22.3313027],[113.968649,22.3314804],[113.9678669,22.3314081],[113.9677908,22.331648],[113.9664852,22.3322257],[113.9663151,22.3326589],[113.9659743,22.3330051],[113.9659891,22.3334719],[113.9662471,22.3338314]]],[[[114.0222937,22.3358517],[114.0226636,22.3352747],[114.0228359,22.3350059],[114.0233209,22.3347941],[114.0234054,22.3346551],[114.0236709,22.3342188],[114.0237692,22.3332614],[114.0241009,22.3331223],[114.0244508,22.3332591],[114.0241003,22.333695],[114.02404,22.3341896],[114.02405,22.3346809],[114.0240521,22.334783],[114.0237865,22.3352415],[114.0235607,22.3356313],[114.0222622,22.3361572],[114.0222937,22.3358517]]],[[[113.9825863,22.3363385],[113.9834649,22.3386606],[113.9835321,22.3396494],[113.9833001,22.3401752],[113.9830808,22.340312],[113.9819665,22.3393597],[113.9817801,22.338561],[113.9813667,22.3380256],[113.9804698,22.3355765],[113.9803247,22.3349043],[113.980526,22.3340204],[113.9808855,22.3341142],[113.9825863,22.3363385]]],[[[113.8908886,22.3415445],[113.890582,22.3416626],[113.8902415,22.3415155],[113.8902742,22.3411235],[113.8909432,22.3411974],[113.8908886,22.3415445]]],[[[113.8902312,22.3465273],[113.889998,22.3465654],[113.8891007,22.3465137],[113.8882841,22.3466816],[113.8882975,22.3464],[113.8888087,22.3461634],[113.8895357,22.3443709],[113.889486,22.3435571],[113.8899527,22.3431479],[113.8902239,22.34255],[113.890533,22.3426066],[113.8906813,22.3432864],[113.8903494,22.3441074],[113.8905406,22.3446899],[113.8911241,22.3450939],[113.8912484,22.3454432],[113.8917211,22.3457518],[113.891559,22.3458381],[113.8914504,22.3461159],[113.8912693,22.3462163],[113.8908912,22.3464029],[113.890792,22.3466901],[113.8905326,22.3465617],[113.8902312,22.3465273]]],[[[113.8873336,22.3474001],[113.8871142,22.3479151],[113.886893,22.3484162],[113.8865418,22.3483521],[113.8865482,22.3476675],[113.8863967,22.3474716],[113.8865004,22.3471752],[113.8869314,22.3474313],[113.8873336,22.3474001]]],[[[113.8853256,22.3483272],[113.8851447,22.3481034],[113.8856957,22.3483987],[113.8857343,22.348784],[113.8854181,22.3488863],[113.8852853,22.3487651],[113.8853256,22.3483272]]],[[[113.8882262,22.3533187],[113.8876836,22.3535323],[113.8868235,22.3533152],[113.8866064,22.3527707],[113.8863039,22.3525815],[113.8858123,22.3522121],[113.8859126,22.3514577],[113.8860551,22.3512207],[113.8867125,22.3511171],[113.8880984,22.3522329],[113.8884546,22.352977],[113.8882262,22.3533187]]],[[[113.8743775,22.3567867],[113.8741121,22.3567233],[113.8741459,22.3564279],[113.8744348,22.3560929],[113.874761,22.356157],[113.8747759,22.3564815],[113.8743775,22.3567867]]],[[[113.9896258,22.366397],[113.9896954,22.3656225],[113.9886002,22.3653018],[113.9879593,22.3653122],[113.9878602,22.3650588],[113.9879577,22.3647642],[113.9905077,22.3646881],[113.9908374,22.3653073],[113.9905743,22.3654451],[113.9896258,22.366397]]],[[[113.8835689,22.3804621],[113.8831996,22.3803269],[113.8829369,22.3807057],[113.8825537,22.3809136],[113.8821503,22.3809158],[113.8812951,22.3806165],[113.8808772,22.3806175],[113.8797365,22.3820352],[113.8793116,22.3820916],[113.8785101,22.381924],[113.8779017,22.382241],[113.8775725,22.3820656],[113.877311,22.381641],[113.8771128,22.3805622],[113.877287,22.3799373],[113.8782254,22.379681],[113.8783614,22.3793893],[113.8794278,22.3793161],[113.8801808,22.3790308],[113.8803693,22.3787643],[113.8810542,22.3786799],[113.8823488,22.3773888],[113.8826539,22.3758582],[113.8825154,22.3744276],[113.881339,22.3737805],[113.8813203,22.3725185],[113.8807045,22.3719697],[113.8807893,22.371227],[113.8804577,22.3707509],[113.8805009,22.3704696],[113.8816056,22.37003],[113.8826107,22.3701839],[113.8827021,22.3705423],[113.883321,22.3708418],[113.883486,22.3716193],[113.8831398,22.3721233],[113.8839855,22.3730133],[113.8842935,22.3731316],[113.8846198,22.3734596],[113.88461,22.3736314],[113.883642,22.3736839],[113.8830915,22.3745143],[113.8828384,22.3745197],[113.8828282,22.3752334],[113.8834254,22.3754209],[113.8842258,22.3761192],[113.8842285,22.3763487],[113.8837955,22.3770017],[113.8835333,22.3771271],[113.8835266,22.3773624],[113.8836552,22.377552],[113.8842566,22.3775758],[113.8842405,22.3777937],[113.8848938,22.3781276],[113.8848805,22.3784975],[113.8853233,22.3791491],[113.8849889,22.3799974],[113.8850776,22.3801176],[113.8844323,22.3804206],[113.8835689,22.3804621]]],[[[114.2494888,22.1607569],[114.2491367,22.1602328],[114.2491292,22.1599523],[114.2495583,22.1598236],[114.2511473,22.1601167],[114.251395,22.1606247],[114.2510799,22.1612712],[114.2502474,22.1609865],[114.2494888,22.1607569]]],[[[114.2615414,22.1774549],[114.2608709,22.1770754],[114.2601558,22.1771167],[114.2597816,22.176902],[114.2592088,22.1768367],[114.2578234,22.1761098],[114.2569259,22.1753541],[114.2566583,22.1744614],[114.2564355,22.1745042],[114.2561874,22.1750837],[114.2558247,22.1750489],[114.2555234,22.1748145],[114.2553386,22.1739516],[114.2545982,22.1728314],[114.2530673,22.1718112],[114.2523951,22.1710522],[114.2521035,22.1705056],[114.2519668,22.1692589],[114.2508701,22.1680755],[114.2508288,22.1673704],[114.2500521,22.166386],[114.2500104,22.1658981],[114.2503935,22.1652024],[114.2502981,22.1646461],[114.2505597,22.1645505],[114.2505625,22.1641943],[114.2509892,22.1639774],[114.2534833,22.1654806],[114.2536991,22.1654355],[114.2541744,22.1648142],[114.2545456,22.1648778],[114.2542275,22.1646806],[114.2537392,22.1639624],[114.2536212,22.163518],[114.2534452,22.1633979],[114.253584,22.1631903],[114.2533075,22.1630431],[114.25337,22.1628943],[114.2530913,22.1624877],[114.2526089,22.1625219],[114.2521527,22.162838],[114.2519879,22.1625764],[114.2521188,22.162176],[114.251716,22.1619076],[114.2525693,22.1614193],[114.252732,22.1615294],[114.2527292,22.1617718],[114.2530836,22.1618437],[114.2534687,22.1614372],[114.2535705,22.1609648],[114.2542282,22.1614864],[114.2548371,22.1609913],[114.2573907,22.1606444],[114.2575599,22.160143],[114.2582457,22.1596138],[114.2576201,22.1592777],[114.2572268,22.1584217],[114.2571173,22.1582634],[114.256899,22.1583383],[114.256649,22.1580809],[114.2566903,22.1579023],[114.2562486,22.1576808],[114.2562534,22.157387],[114.2558506,22.1569809],[114.2559207,22.1563795],[114.2553459,22.1559915],[114.2549863,22.1554132],[114.2556363,22.1553881],[114.2565679,22.1557994],[114.2565582,22.1560611],[114.2572619,22.1560406],[114.2581832,22.1563651],[114.2611044,22.1585731],[114.2614157,22.1591421],[114.2613794,22.1594272],[114.2606202,22.159793],[114.2600672,22.1597529],[114.259985,22.159893],[114.2608412,22.1602768],[114.2615316,22.1609877],[114.2618986,22.1611729],[114.2629042,22.162136],[114.264745,22.1645496],[114.2650831,22.1640411],[114.265698,22.1642058],[114.265975,22.1645586],[114.2662182,22.1644629],[114.2663165,22.1632105],[114.2660248,22.1630117],[114.2659323,22.1625411],[114.2661581,22.162342],[114.2666052,22.1624277],[114.2670708,22.1622151],[114.2674716,22.1624658],[114.2680882,22.1624154],[114.2688523,22.162932],[114.2690862,22.162123],[114.2694072,22.1619836],[114.26996,22.1622043],[114.2700965,22.162684],[114.2712275,22.162222],[114.2720097,22.1625694],[114.2721552,22.1624701],[114.2720919,22.1622343],[114.2733497,22.1624919],[114.2740738,22.1623692],[114.2744209,22.1626902],[114.2744239,22.1634729],[114.2737295,22.1639255],[114.2739971,22.1648072],[114.2737936,22.1652237],[114.2738131,22.1656718],[114.2735272,22.1660562],[114.2730901,22.1661106],[114.2731196,22.166658],[114.272588,22.1670425],[114.2731082,22.1672324],[114.2731616,22.1674718],[114.27245,22.1679883],[114.2721209,22.1686668],[114.2717514,22.1688251],[114.2717778,22.1691942],[114.2714848,22.1693005],[114.2715439,22.1706442],[114.2723306,22.1715781],[114.2727008,22.1725291],[114.2726808,22.1729294],[114.2721823,22.1734435],[114.2721505,22.1738682],[114.2717598,22.1739548],[114.2719303,22.1742847],[114.2717069,22.1744838],[114.2717125,22.1754971],[114.2709634,22.1768956],[114.2705619,22.1770644],[114.2701161,22.1774434],[114.2698926,22.1774568],[114.2697419,22.1771812],[114.2691839,22.1781089],[114.2687246,22.1781551],[114.2682675,22.1778746],[114.2682126,22.1784629],[114.2679607,22.1788012],[114.267472,22.1785281],[114.2672658,22.1785709],[114.2667765,22.1803851],[114.2664565,22.1808016],[114.2661116,22.1808602],[114.2654556,22.1805531],[114.2645743,22.1804304],[114.2640836,22.1800667],[114.2637985,22.1795273],[114.2637766,22.1792557],[114.2639463,22.1791513],[114.2638128,22.1786721],[114.2639095,22.177917],[114.2633316,22.1777229],[114.2631808,22.1772776],[114.2627665,22.1774511],[114.2622241,22.177348],[114.262061,22.1776082],[114.2615414,22.1774549]]],[[[114.236413,22.1752743],[114.2371161,22.1748586],[114.2373512,22.174915],[114.2374489,22.1750986],[114.2371987,22.1755095],[114.2369207,22.1755799],[114.2364806,22.17548],[114.236413,22.1752743]]],[[[114.254479,22.1900529],[114.2540111,22.1898929],[114.25396,22.190139],[114.2535982,22.1902388],[114.2529532,22.1897263],[114.2523736,22.1897555],[114.2519993,22.1895684],[114.251221,22.1895325],[114.2507112,22.1893431],[114.2500902,22.1894517],[114.2493357,22.188937],[114.248276,22.1890463],[114.2471401,22.1886625],[114.2451077,22.1885459],[114.2436347,22.1881329],[114.2435856,22.1875141],[114.2441388,22.1868088],[114.2442136,22.1864906],[114.2440096,22.185641],[114.2440668,22.1836482],[114.2437221,22.1832237],[114.2435423,22.18251],[114.2439641,22.1811634],[114.2442622,22.1809397],[114.244837,22.1810818],[114.2449384,22.1808829],[114.2449146,22.1804854],[114.2444094,22.1794325],[114.2443169,22.1788225],[114.2444281,22.178502],[114.2449837,22.1786753],[114.2457678,22.179527],[114.2457052,22.1805213],[114.2454098,22.1813074],[114.2455746,22.1815221],[114.2459847,22.181594],[114.2473988,22.1815732],[114.2476388,22.1814556],[114.2477574,22.1810759],[114.2485577,22.1807593],[114.2500664,22.1807044],[114.2501442,22.1804515],[114.2504881,22.1801979],[114.2504294,22.1792762],[114.251017,22.1793099],[114.2532537,22.1802669],[114.2537415,22.1808363],[114.2543966,22.1809829],[114.2559476,22.1824144],[114.2568263,22.1840179],[114.2566536,22.1845771],[114.2568464,22.1855043],[114.2568134,22.1864785],[114.2563,22.1886129],[114.2561065,22.1888618],[114.2557861,22.1889069],[114.2551271,22.1899603],[114.254479,22.1900529]]],[[[114.2582744,22.2051668],[114.2597447,22.2048727],[114.2602252,22.2053288],[114.2599149,22.2057581],[114.2601628,22.2065306],[114.2592345,22.2064705],[114.2587896,22.2061379],[114.2582744,22.2051668]]],[[[114.2227232,22.2064954],[114.2236209,22.2065268],[114.22365,22.2066489],[114.2227954,22.207391],[114.2220422,22.2075078],[114.221913,22.2073091],[114.2219982,22.2071713],[114.2227232,22.2064954]]],[[[114.1203983,22.1925038],[114.1200623,22.1925498],[114.1203668,22.1921466],[114.120338,22.1916362],[114.1205817,22.1912038],[114.1206547,22.1909114],[114.1205202,22.1907369],[114.1189608,22.1902034],[114.1179656,22.1889219],[114.1171713,22.1883142],[114.1160939,22.1884303],[114.1153058,22.1880915],[114.1153805,22.187942],[114.1149202,22.1877233],[114.1143713,22.1866746],[114.1143839,22.1864533],[114.1142384,22.1864754],[114.1141397,22.1856716],[114.1139987,22.1852942],[114.1141286,22.1850846],[114.1137741,22.1840307],[114.1138601,22.183817],[114.1139931,22.1838369],[114.1139964,22.1833053],[114.1142706,22.1830262],[114.1145924,22.183062],[114.1146577,22.1828122],[114.1147406,22.1824949],[114.1151235,22.1819115],[114.1151935,22.1818582],[114.1158556,22.1813545],[114.1160969,22.1813991],[114.1165872,22.1814149],[114.1175238,22.181154],[114.1178513,22.1805904],[114.1186884,22.1802469],[114.1203964,22.1799115],[114.1217399,22.1801217],[114.1222395,22.1807118],[114.1224162,22.181265],[114.1230416,22.1814373],[114.1244981,22.1801837],[114.1247965,22.1797637],[114.125529,22.1795023],[114.12534,22.1787834],[114.1255584,22.1785847],[114.1258542,22.1785577],[114.1275303,22.1788699],[114.128216,22.1800407],[114.1288665,22.1804132],[114.1293174,22.1809352],[114.1297441,22.1811479],[114.129783,22.1813329],[114.1299779,22.1821327],[114.1306364,22.1823321],[114.1316767,22.1829402],[114.1320965,22.1834191],[114.1324114,22.1834449],[114.1332413,22.1825586],[114.1332854,22.1816502],[114.1341203,22.1803765],[114.1341786,22.1798027],[114.1348535,22.1795587],[114.1352282,22.1791654],[114.1360539,22.1787028],[114.1367215,22.1778877],[114.1371868,22.1777295],[114.1376721,22.1784072],[114.1374294,22.1791154],[114.1377787,22.1798578],[114.1377734,22.1809875],[114.1374672,22.1813891],[114.137579,22.1817376],[114.1373226,22.1821098],[114.1372051,22.1828259],[114.136239,22.1846059],[114.1360798,22.1852682],[114.1360189,22.1855216],[114.1355666,22.1864314],[114.135378,22.1865005],[114.1349696,22.1866502],[114.1346428,22.186647],[114.1346228,22.1866083],[114.1343747,22.1866569],[114.1341163,22.1870053],[114.1345061,22.1890335],[114.1343888,22.190732],[114.1346169,22.1911796],[114.1353004,22.1917196],[114.1365282,22.1919169],[114.1373944,22.1914424],[114.1375864,22.1907107],[114.1374506,22.1898339],[114.1376591,22.1896306],[114.1382245,22.1895632],[114.138453,22.1887007],[114.1401631,22.1881723],[114.1407958,22.1875828],[114.1412887,22.1871236],[114.1424352,22.1863468],[114.1430748,22.1859135],[114.1437879,22.1842734],[114.1445062,22.1838397],[114.1459036,22.1837115],[114.1462756,22.1836264],[114.1470004,22.1834606],[114.1481376,22.1827832],[114.1481403,22.1819744],[114.1479023,22.1815543],[114.1480433,22.1812426],[114.1486107,22.1811885],[114.1494062,22.1813351],[114.1496343,22.1816854],[114.1496268,22.1822863],[114.1488968,22.1825983],[114.1489918,22.1828605],[114.148875,22.1830455],[114.1491959,22.1832621],[114.1489281,22.1836216],[114.1482804,22.1838496],[114.1477859,22.1843871],[114.147465,22.1844003],[114.1474881,22.1845343],[114.1475723,22.1850238],[114.1471157,22.1857784],[114.1469603,22.1865193],[114.1470671,22.1871202],[114.1469793,22.1872487],[114.1465137,22.1879306],[114.1462033,22.1883852],[114.1458343,22.1896911],[114.1451748,22.1900912],[114.144209,22.1900433],[114.1433321,22.1902699],[114.1430106,22.1906619],[114.1430539,22.1909603],[114.1435635,22.1913942],[114.1435851,22.191638],[114.1439074,22.1918056],[114.1440676,22.1922211],[114.1438297,22.1932695],[114.1427475,22.1941952],[114.1424683,22.1947873],[114.1418787,22.195114],[114.141675,22.1954693],[114.1409155,22.1950762],[114.1403456,22.1953331],[114.1398353,22.1961283],[114.1397854,22.1962061],[114.1396596,22.1965925],[114.1393843,22.1974386],[114.1395636,22.1980125],[114.1403007,22.1990923],[114.1415252,22.1994387],[114.1415454,22.1992418],[114.1413147,22.1991403],[114.1414148,22.199004],[114.142802,22.1991856],[114.1431319,22.1988088],[114.1432753,22.1989442],[114.1431534,22.1993142],[114.1432505,22.1995901],[114.1443231,22.2000549],[114.1445557,22.2002932],[114.1447593,22.2002863],[114.1454557,22.199813],[114.1455703,22.1997352],[114.1459676,22.199889],[114.1460598,22.2000653],[114.1469017,22.2001738],[114.1465791,22.2011318],[114.1466175,22.2014027],[114.1468166,22.2015652],[114.1467288,22.202139],[114.1471146,22.2027671],[114.1474567,22.2029393],[114.1479707,22.2037436],[114.1481373,22.2037565],[114.1483444,22.2035266],[114.1487062,22.2036643],[114.1488201,22.2036391],[114.1491332,22.2035698],[114.149562,22.2037843],[114.1494703,22.2039803],[114.1499598,22.2039065],[114.1500332,22.2042724],[114.1493996,22.2051458],[114.1495888,22.2056146],[114.1499111,22.2058088],[114.1500422,22.2056884],[114.1502558,22.2054921],[114.1506536,22.2055284],[114.1513279,22.2061611],[114.1513451,22.2064118],[114.1515536,22.206505],[114.1523858,22.2064597],[114.1526739,22.2061905],[114.1530204,22.2058667],[114.153171,22.2055801],[114.1535993,22.2047655],[114.1540263,22.2043046],[114.1542206,22.2041917],[114.1542979,22.2043474],[114.1544922,22.2043456],[114.1557681,22.2036493],[114.1560348,22.2038302],[114.1569714,22.2039754],[114.1575757,22.2042959],[114.157976,22.2046664],[114.157932,22.205046],[114.1576263,22.2054436],[114.1576473,22.2055015],[114.1578249,22.2059933],[114.1579151,22.2062433],[114.1584752,22.2062686],[114.1585579,22.2065532],[114.1594408,22.2067654],[114.1601443,22.2072465],[114.1600421,22.2082271],[114.160261,22.2083584],[114.1602609,22.2087238],[114.1602394,22.2087458],[114.159778,22.2092171],[114.1595618,22.209438],[114.1594237,22.2097612],[114.1585979,22.2101701],[114.1568833,22.2099528],[114.1559747,22.2097998],[114.1551806,22.2093291],[114.1539333,22.2094465],[114.1528512,22.2093196],[114.1522447,22.2099338],[114.1521753,22.2104617],[114.1521544,22.2106209],[114.1523509,22.2114748],[114.1521448,22.2118048],[114.1518243,22.2119471],[114.1504049,22.2120125],[114.150189,22.2119331],[114.1499007,22.2114744],[114.1491534,22.2109909],[114.1478529,22.2110857],[114.1472608,22.2108414],[114.1470307,22.2101996],[114.146732,22.2099374],[114.1467489,22.2099068],[114.1469263,22.2095854],[114.1468825,22.2093595],[114.1464556,22.2091831],[114.1460311,22.2092914],[114.1459327,22.2091909],[114.1457522,22.2090067],[114.1457382,22.2085995],[114.1457385,22.2085193],[114.145944,22.2084555],[114.1458115,22.2081947],[114.1452816,22.2078319],[114.1447743,22.2077944],[114.1443397,22.2077623],[114.1438746,22.2077279],[114.1432682,22.2078944],[114.1429625,22.208369],[114.1422687,22.2087214],[114.1415159,22.2089021],[114.1410796,22.2088479],[114.1408538,22.2090218],[114.1404052,22.2089583],[114.1398495,22.209168],[114.1388424,22.2088698],[114.1368823,22.2088014],[114.1362563,22.2085796],[114.1356455,22.2085528],[114.1357377,22.208225],[114.1353932,22.2079178],[114.134956,22.2077933],[114.1343161,22.2078882],[114.1337104,22.2072541],[114.1328891,22.2070923],[114.1327319,22.2068145],[114.1323119,22.2066904],[114.1315347,22.2060843],[114.131363,22.2055654],[114.1313219,22.2054962],[114.1307505,22.2042474],[114.1308389,22.2036543],[114.1307432,22.203369],[114.1302306,22.201841],[114.1301814,22.2016944],[114.1304325,22.2015444],[114.1304077,22.2014265],[114.1299583,22.2013074],[114.1299487,22.2017896],[114.1299407,22.2021929],[114.1297251,22.2026817],[114.1293001,22.2029175],[114.1292481,22.2031395],[114.129113,22.2037167],[114.1274804,22.2046196],[114.1273541,22.2049676],[114.1274023,22.2053968],[114.1268437,22.2054168],[114.1265724,22.206047],[114.1266378,22.2063183],[114.1269168,22.2065484],[114.1266439,22.2067577],[114.1265573,22.2068242],[114.1265084,22.2070863],[114.1270932,22.2080532],[114.126924,22.2084471],[114.1270224,22.2090948],[114.1268187,22.2091558],[114.1268113,22.2092977],[114.1271699,22.209863],[114.1272178,22.2099386],[114.1278512,22.2100848],[114.1281481,22.2099242],[114.1281266,22.2097354],[114.1282162,22.2097273],[114.1292594,22.2096601],[114.1295522,22.2098754],[114.1295699,22.2098884],[114.1296639,22.2103447],[114.1307143,22.2109863],[114.1308069,22.2110455],[114.1312887,22.2112211],[114.131614,22.2115369],[114.1316839,22.2115869],[114.1329604,22.2123498],[114.1330448,22.2124133],[114.1343279,22.213163],[114.1343894,22.213199],[114.1347168,22.213172],[114.1346407,22.2135819],[114.1351803,22.2143597],[114.1364116,22.2152809],[114.1365125,22.215784],[114.1370842,22.2166045],[114.1367391,22.2181633],[114.1368213,22.2187592],[114.1363093,22.2194642],[114.1358771,22.2206976],[114.134671,22.2212215],[114.1343796,22.2210406],[114.1339658,22.2215874],[114.1337252,22.2216154],[114.1334636,22.2209182],[114.1327301,22.2206876],[114.1321864,22.2201866],[114.1318578,22.2194837],[114.1320172,22.2188351],[114.1313191,22.2187031],[114.131088,22.2183358],[114.1302427,22.2178325],[114.1300995,22.217891],[114.1298581,22.2179898],[114.1298434,22.2180168],[114.1293529,22.2189202],[114.1287513,22.219128],[114.1272858,22.2197601],[114.1270767,22.2200717],[114.1269843,22.2206478],[114.1267636,22.221346],[114.1258384,22.2221137],[114.1253148,22.2222581],[114.1251662,22.2227258],[114.1252168,22.2233245],[114.1254617,22.2236945],[114.1259641,22.2237447],[114.1265173,22.223519],[114.126542,22.2233836],[114.1266002,22.2235122],[114.1267017,22.2236775],[114.1261889,22.2238279],[114.1254884,22.2247067],[114.1255124,22.2252223],[114.1258952,22.225882],[114.125835,22.2262658],[114.1249972,22.226406],[114.1245459,22.2268801],[114.1239542,22.2269565],[114.1235316,22.2271777],[114.1231532,22.2276522],[114.1226606,22.2278531],[114.1221288,22.2285778],[114.1202991,22.2295756],[114.120104,22.2305065],[114.1203852,22.2314462],[114.1203507,22.2324915],[114.1205097,22.2331324],[114.1210685,22.2339277],[114.1218017,22.234134],[114.122136,22.2340634],[114.1221654,22.2346235],[114.1227276,22.2357575],[114.1229652,22.2369782],[114.1222654,22.2385319],[114.1216124,22.2389031],[114.1212362,22.2389112],[114.1212026,22.2392045],[114.1202198,22.2392404],[114.1195621,22.2389152],[114.1189521,22.2390949],[114.1187996,22.2395379],[114.1189694,22.2401301],[114.1182123,22.2406132],[114.1182753,22.2410608],[114.1181441,22.2411512],[114.1176467,22.2407668],[114.1175331,22.2400708],[114.1170233,22.2398944],[114.117417,22.2392528],[114.1172762,22.2388102],[114.1168883,22.238519],[114.1160724,22.2382685],[114.1147406,22.2381005],[114.1145494,22.2378791],[114.1135423,22.2380107],[114.1129748,22.2373925],[114.112515,22.2371189],[114.1123181,22.2371096],[114.1118575,22.2370877],[114.1098443,22.2365834],[114.10982,22.2361757],[114.1090824,22.2357326],[114.1088938,22.2352524],[114.1083323,22.2352083],[114.1081038,22.2354501],[114.1071897,22.2353148],[114.1072734,22.2348866],[114.1070852,22.2346827],[114.1065909,22.234613],[114.1057667,22.2341669],[114.1057333,22.2332651],[114.1061808,22.2327904],[114.1070494,22.232216],[114.1072037,22.2324199],[114.1074609,22.2324177],[114.1076362,22.2319546],[114.1078521,22.231808],[114.1082505,22.2318771],[114.1086427,22.2316904],[114.1091057,22.2316824],[114.1090938,22.2315352],[114.1094798,22.2313864],[114.1097972,22.2314666],[114.1099886,22.231358],[114.1103164,22.2306911],[114.1102278,22.2297167],[114.1097876,22.2295926],[114.1098076,22.2292908],[114.1091132,22.2290919],[114.1089624,22.2282729],[114.1087925,22.228135],[114.10832,22.2281978],[114.1082304,22.2280051],[114.1084684,22.2274795],[114.1089101,22.2274107],[114.1090306,22.2274335],[114.1090052,22.2279078],[114.1092743,22.2279944],[114.1093211,22.2273303],[114.1095163,22.2270704],[114.1098578,22.2270446],[114.110161,22.2268425],[114.1111557,22.2269058],[114.111334,22.2267593],[114.1114366,22.2259538],[114.1113777,22.2257844],[114.1112379,22.2258158],[114.1110971,22.2248935],[114.110474,22.2251316],[114.1106836,22.2248671],[114.1104185,22.2244476],[114.1094303,22.2246084],[114.1088683,22.2244066],[114.1086401,22.2241104],[114.1075842,22.2241876],[114.1061075,22.2227226],[114.1053903,22.2216627],[114.1049984,22.2213577],[114.1049056,22.2212893],[114.1044681,22.2204491],[114.1046164,22.2198861],[114.1044931,22.2194486],[114.1040175,22.2195348],[114.103626,22.2197787],[114.1030238,22.2194625],[114.1029527,22.2187242],[114.1030396,22.2181109],[114.1030366,22.2180802],[114.102941,22.2171167],[114.1030813,22.2166708],[114.1029108,22.2167067],[114.1033662,22.2113664],[114.1075408,22.2114366],[114.1076926,22.2143177],[114.1070095,22.2150906],[114.1052638,22.2150906],[114.1045807,22.2163554],[114.1045698,22.2163755],[114.1097029,22.2163668],[114.1098224,22.2142721],[114.1103132,22.2138083],[114.1111535,22.2137094],[114.1123652,22.214014],[114.1132681,22.2146983],[114.1133038,22.2199703],[114.1138659,22.2200856],[114.1145514,22.2206028],[114.1151035,22.2205353],[114.1153935,22.220775],[114.1160801,22.2203402],[114.117736,22.2194691],[114.1180053,22.2192057],[114.1182116,22.2186273],[114.1195362,22.2191117],[114.1201308,22.2188961],[114.1201172,22.2185096],[114.1199271,22.2180027],[114.1203864,22.2171642],[114.1205467,22.21594],[114.1208817,22.215285],[114.1208237,22.2148195],[114.1213145,22.2140338],[114.1205675,22.2130346],[114.1217809,22.2114853],[114.1219655,22.2109886],[114.121845,22.2103376],[114.121568,22.2101443],[114.1210508,22.2101726],[114.1208473,22.210021],[114.1214279,22.2090049],[114.1215011,22.2083696],[114.1211781,22.2079799],[114.121084,22.207974],[114.1203925,22.2079306],[114.1198854,22.2077236],[114.1196962,22.2073595],[114.1198667,22.2067256],[114.1205803,22.205765],[114.1221427,22.2052551],[114.1221959,22.2052197],[114.1226304,22.2049298],[114.1228117,22.2045025],[114.1228078,22.2039718],[114.1220704,22.2036759],[114.1219443,22.2034744],[114.1219651,22.2031755],[114.1223033,22.2030861],[114.122367,22.2028966],[114.1219008,22.2023947],[114.1220567,22.2020784],[114.1220579,22.2020513],[114.122096,22.2011688],[114.1218203,22.2008821],[114.1216254,22.2006795],[114.1214365,22.1996342],[114.1215559,22.1980332],[114.1213413,22.1974798],[114.1208598,22.1970133],[114.1208025,22.1940809],[114.1207905,22.1934682],[114.1207883,22.1933578],[114.1205756,22.1926595],[114.1203983,22.1925038]]],[[[114.187371,22.2149688],[114.1875258,22.2151721],[114.1878413,22.2152263],[114.1880356,22.2157322],[114.1877611,22.2165052],[114.1869417,22.2168519],[114.1862312,22.2169621],[114.1855657,22.2170654],[114.1848237,22.2174722],[114.1836202,22.2171738],[114.1841171,22.2149869],[114.1844942,22.2147399],[114.1848792,22.2140903],[114.1853131,22.214054],[114.1861917,22.2147816],[114.1863269,22.2148297],[114.1869731,22.2150597],[114.187371,22.2149688]]],[[[114.1934228,22.2242761],[114.1936777,22.2241948],[114.1938005,22.2244004],[114.1936659,22.2246056],[114.1934228,22.2242761]]],[[[114.1918313,22.2248748],[114.191607,22.2246857],[114.1910064,22.2244117],[114.191137,22.2240862],[114.1916641,22.2239847],[114.1920881,22.2241972],[114.1922341,22.2244387],[114.1920981,22.2247504],[114.1918313,22.2248748]]],[[[114.1926271,22.2243078],[114.1928765,22.2244271],[114.1927178,22.2245704],[114.192559,22.2245015],[114.1926271,22.2243078]]],[[[114.133117,22.2242261],[114.1333056,22.2234939],[114.133457,22.2231685],[114.1340709,22.2230966],[114.1344953,22.2232459],[114.1347669,22.2235531],[114.135927,22.2238513],[114.1362106,22.2252386],[114.1355821,22.2262282],[114.134951,22.2264066],[114.1344605,22.2258707],[114.1341839,22.2258142],[114.1335535,22.2252154],[114.1332602,22.2251658],[114.133117,22.2242261]]],[[[114.2588477,22.2263614],[114.2574909,22.2265072],[114.2568209,22.2266159],[114.2560058,22.2264671],[114.2558745,22.2261733],[114.2561587,22.2257371],[114.2570294,22.2256802],[114.2574661,22.2254046],[114.2581889,22.2253592],[114.2585216,22.2251713],[114.2590152,22.2252684],[114.2591116,22.2256796],[114.2588477,22.2263614]]],[[[114.2598268,22.2295651],[114.2600454,22.2298625],[114.2598524,22.2311911],[114.2590417,22.2310382],[114.2580863,22.230457],[114.257549,22.2307112],[114.2566782,22.2306528],[114.2565085,22.2304358],[114.2561002,22.2304158],[114.2560322,22.2299437],[114.2562138,22.2298713],[114.2571171,22.2298938],[114.2578205,22.229473],[114.2581578,22.2296422],[114.2584683,22.2293212],[114.2589726,22.2291947],[114.2592617,22.2295241],[114.2598268,22.2295651]]],[[[114.162362,22.2288668],[114.1625099,22.2290252],[114.1624734,22.2292575],[114.1619373,22.2299276],[114.1616755,22.230046],[114.1618352,22.2305248],[114.1613648,22.2310669],[114.1615097,22.2313966],[114.1613933,22.2317808],[114.1615416,22.2326911],[114.1608641,22.2327888],[114.1597191,22.2334975],[114.1589011,22.2333551],[114.1588311,22.2331994],[114.1590254,22.232969],[114.1591853,22.2322373],[114.1589718,22.2318889],[114.15903,22.2315822],[114.1604014,22.230281],[114.1604907,22.2296819],[114.1607629,22.2292867],[114.1610538,22.2293322],[114.1613744,22.2288938],[114.162362,22.2288668]]],[[[114.1823297,22.2339862],[114.1829194,22.2337016],[114.1837615,22.2321569],[114.1852461,22.2323441],[114.1856638,22.2325584],[114.1860228,22.2332498],[114.186047,22.233779],[114.1864498,22.2335844],[114.1872171,22.2336385],[114.1875666,22.2331817],[114.1879547,22.2332882],[114.1891968,22.2341823],[114.1895272,22.2345532],[114.1895415,22.2347681],[114.1893305,22.2349664],[114.189624,22.2355223],[114.1895032,22.2357752],[114.1886659,22.2359855],[114.1877774,22.2356468],[114.1876087,22.2358985],[114.1872217,22.235791],[114.1872315,22.2355248],[114.1869159,22.2354729],[114.1855792,22.2357369],[114.1854431,22.2358049],[114.185128,22.2356966],[114.1842326,22.2361915],[114.182867,22.2363822],[114.1825285,22.2360878],[114.1822227,22.2354635],[114.1823197,22.2349054],[114.1819491,22.2348222],[114.1819776,22.2343342],[114.1823297,22.2339862]]],[[[114.1539022,22.2368809],[114.1543101,22.2359165],[114.1545565,22.2357108],[114.1547564,22.2355438],[114.1547717,22.2355269],[114.1549794,22.2352978],[114.1551389,22.2352907],[114.1563171,22.2352383],[114.1568167,22.2348573],[114.1581322,22.2345228],[114.1586713,22.2341327],[114.1594178,22.2339583],[114.1598304,22.2344105],[114.1600808,22.2352915],[114.1603884,22.2361972],[114.1631063,22.2363898],[114.1630313,22.23655],[114.1604199,22.2364708],[114.1604805,22.2369951],[114.1605968,22.2375822],[114.1605918,22.2378214],[114.160643,22.2385334],[114.1606697,22.2385703],[114.1611322,22.2392124],[114.1605506,22.2408713],[114.1590341,22.2422313],[114.1598584,22.2438193],[114.159817,22.2439615],[114.1594849,22.2451046],[114.1586885,22.2455342],[114.1574774,22.245758],[114.1574167,22.2457599],[114.1571892,22.2456798],[114.1555119,22.2450894],[114.155182,22.2449856],[114.1541021,22.2446049],[114.1540025,22.2445732],[114.1538492,22.2446141],[114.1525773,22.2450302],[114.1523648,22.2453029],[114.1508158,22.2457002],[114.1501343,22.2456413],[114.149974,22.2456441],[114.1497699,22.2456477],[114.1494134,22.2455329],[114.1493695,22.2455283],[114.1488458,22.2455599],[114.1483502,22.2456865],[114.1471595,22.244988],[114.1451816,22.2448362],[114.144764,22.244529],[114.144518,22.244276],[114.1441991,22.2438017],[114.1441626,22.2436975],[114.1442647,22.2436204],[114.1443712,22.2435709],[114.1445749,22.2435167],[114.1447075,22.2435232],[114.1449562,22.2435548],[114.1450335,22.2435646],[114.1454125,22.2432867],[114.1461403,22.2427532],[114.146259,22.2427445],[114.14639,22.2426514],[114.1466033,22.2424999],[114.1467547,22.2423741],[114.1467557,22.2423117],[114.1471349,22.2420189],[114.1472508,22.2419436],[114.1473115,22.2418013],[114.1477352,22.2414208],[114.1479216,22.2406531],[114.1480313,22.2402012],[114.1483874,22.239831],[114.1486966,22.2395095],[114.1518659,22.2387356],[114.1534876,22.236614],[114.1539022,22.2368809]]],[[[114.1391735,22.2430138],[114.1396661,22.243064],[114.1401971,22.2433735],[114.1408864,22.2434168],[114.141124,22.2436969],[114.1404253,22.2437918],[114.1395293,22.243657],[114.1385323,22.243425],[114.1379524,22.2435626],[114.1384836,22.2431092],[114.1391735,22.2430138]]],[[[114.2545721,22.2284591],[114.25641,22.2280639],[114.2559342,22.2289657],[114.255997,22.2295001],[114.2552914,22.2300829],[114.2544795,22.2303757],[114.2543145,22.2306696],[114.2537555,22.2307608],[114.253324,22.2311584],[114.253126,22.2311852],[114.2527935,22.2309393],[114.2522478,22.2311314],[114.2517141,22.2317101],[114.25171,22.2323092],[114.2523459,22.2329511],[114.2522751,22.2332642],[114.252928,22.2335618],[114.2526806,22.2337612],[114.2526327,22.2345067],[114.2536373,22.2348583],[114.2537452,22.2355822],[114.2536186,22.2358659],[114.2528571,22.2363364],[114.2529058,22.2370593],[114.2520816,22.2369969],[114.2516587,22.2369649],[114.2517704,22.2375524],[114.2515351,22.2381443],[114.2509268,22.2385558],[114.2502517,22.2384744],[114.2500915,22.2386191],[114.2501449,22.2388743],[114.2506358,22.2394323],[114.2509279,22.2406656],[114.2505953,22.2411767],[114.2508406,22.2415333],[114.2504112,22.2417346],[114.2501614,22.2421841],[114.2500233,22.2420657],[114.2495938,22.2420806],[114.2494238,22.2422973],[114.2485442,22.242525],[114.2480023,22.2426143],[114.2479462,22.2427543],[114.2481598,22.242953],[114.2478665,22.2430936],[114.247733,22.2434416],[114.247097,22.2436484],[114.2469033,22.2438413],[114.2473182,22.2441505],[114.2471122,22.2443953],[114.2472602,22.2446385],[114.2469224,22.2447918],[114.2464356,22.2453798],[114.2465259,22.2454174],[114.2469357,22.245588],[114.2466979,22.2461573],[114.2474135,22.2467423],[114.2480232,22.2468823],[114.2482346,22.246742],[114.2483489,22.2462374],[114.2487077,22.2460284],[114.2498096,22.2463616],[114.2499572,22.2467412],[114.2499735,22.2470228],[114.2503312,22.2469999],[114.2506207,22.2477296],[114.2500429,22.2484232],[114.2501263,22.2486421],[114.2505527,22.2488335],[114.2511994,22.2485595],[114.2512387,22.2487055],[114.2509693,22.2489747],[114.2512486,22.2490339],[114.2513418,22.2492163],[114.2514806,22.2495267],[114.2523896,22.2495677],[114.2525423,22.2490333],[114.2528608,22.2489237],[114.2531301,22.2485267],[114.2533946,22.2484125],[114.2541444,22.2485673],[114.2543407,22.2489777],[114.2545808,22.2491145],[114.2544241,22.2493198],[114.2540419,22.2493291],[114.2546939,22.2497621],[114.2539354,22.2515963],[114.254254,22.2517512],[114.2543424,22.2521435],[114.2547884,22.2522071],[114.2550682,22.2530737],[114.2552887,22.2530827],[114.2555387,22.2533198],[114.2556077,22.2540496],[114.2554267,22.2545241],[114.2558188,22.2546197],[114.2556229,22.2548935],[114.2556183,22.25545],[114.2562407,22.2554862],[114.2562017,22.255769],[114.2563636,22.2560654],[114.2562314,22.2563118],[114.2565255,22.2564531],[114.2561925,22.2568455],[114.2563005,22.2572697],[114.2558599,22.2580454],[114.2556591,22.258155],[114.2553264,22.2591678],[114.2550276,22.2593824],[114.2553076,22.2606184],[114.2555774,22.2610516],[114.2573418,22.2613655],[114.257435,22.2615616],[114.257293,22.2617852],[114.2563772,22.2628211],[114.2546284,22.2642452],[114.2544816,22.2645646],[114.2537173,22.2649937],[114.2533056,22.2650578],[114.253296,22.2652859],[114.2528204,22.2657039],[114.2487892,22.2692474],[114.2474556,22.2679844],[114.2470686,22.2684316],[114.2466278,22.2689792],[114.2456981,22.2719355],[114.245691,22.2723526],[114.2455218,22.2721864],[114.2448696,22.2715025],[114.2454421,22.2696365],[114.243682,22.2682506],[114.2430155,22.2683101],[114.2416489,22.2699529],[114.2442964,22.2727603],[114.2415047,22.2760791],[114.2406435,22.2792999],[114.2391736,22.2803177],[114.239176,22.2804909],[114.2391787,22.2806781],[114.2387621,22.2807649],[114.2389975,22.2811434],[114.2384242,22.2814858],[114.237253,22.2818876],[114.2368414,22.282353],[114.2367287,22.2822527],[114.2365768,22.2823349],[114.2354599,22.2837996],[114.235107,22.2839274],[114.2345789,22.2845904],[114.2337105,22.2842255],[114.2337461,22.2841155],[114.2335027,22.2839151],[114.2332247,22.2836863],[114.2310827,22.2834316],[114.2303131,22.2831262],[114.2298338,22.2831323],[114.2298117,22.2831332],[114.2258662,22.2831059],[114.2248126,22.2842114],[114.2257195,22.2850108],[114.2233152,22.2872292],[114.2221833,22.2882696],[114.2196838,22.2893742],[114.2153215,22.290137],[114.2095192,22.2922849],[114.2077892,22.2928023],[114.2077873,22.2928029],[114.2066405,22.2931412],[114.2055214,22.2933935],[114.2034411,22.293774],[114.2034281,22.2940217],[114.2012641,22.2935837],[114.200228,22.29338],[114.1986563,22.2930567],[114.1986114,22.2932368],[114.196154,22.2927597],[114.1936841,22.2916299],[114.1919476,22.2898445],[114.1914271,22.2902415],[114.1887002,22.2873525],[114.1888969,22.2869646],[114.1891398,22.2860597],[114.1897786,22.2857451],[114.1898573,22.2852215],[114.1891133,22.284986],[114.185603,22.2841208],[114.1848218,22.2835402],[114.1848079,22.2833054],[114.1831101,22.2823521],[114.1830048,22.2826074],[114.1833868,22.2847091],[114.1828776,22.2847113],[114.182873,22.2848438],[114.1832502,22.2849429],[114.1832225,22.2850356],[114.1826878,22.2848848],[114.1825142,22.2848589],[114.1820605,22.28479],[114.1817758,22.2845336],[114.1813997,22.284637],[114.1813534,22.2845315],[114.1817538,22.2842988],[114.1817908,22.2832269],[114.1807493,22.2827249],[114.180188,22.2825547],[114.1799056,22.2832959],[114.1808916,22.2840542],[114.1809148,22.2842395],[114.1807597,22.2843279],[114.1789647,22.282977],[114.1762498,22.2820796],[114.1758794,22.2820559],[114.1757498,22.2822046],[114.1757035,22.2827174],[114.175486,22.2827044],[114.1754327,22.2820215],[114.1749825,22.2819848],[114.1749201,22.282099],[114.1745844,22.2819547],[114.1731489,22.2818503],[114.1729028,22.2820478],[114.1728747,22.2824751],[114.1743272,22.2825989],[114.1743138,22.2827189],[114.1742989,22.2829079],[114.1742918,22.2830972],[114.1742925,22.2832867],[114.174301,22.283476],[114.1743171,22.2836648],[114.1743411,22.283853],[114.1743727,22.2840401],[114.1744119,22.284226],[114.1744587,22.2844104],[114.1746144,22.2844503],[114.1746212,22.2844615],[114.1744349,22.2851037],[114.1742103,22.2852483],[114.1741229,22.285021],[114.1741848,22.2847664],[114.1741773,22.2847575],[114.1735624,22.2847504],[114.1729262,22.2849413],[114.1726623,22.2849239],[114.1719969,22.2846013],[114.1718782,22.284471],[114.1720019,22.2843607],[114.1720029,22.2843599],[114.1720025,22.2843589],[114.1718206,22.2838777],[114.1716809,22.2839132],[114.1716062,22.2837076],[114.1717412,22.2836677],[114.1712104,22.282361],[114.171217,22.2823525],[114.1713253,22.2823552],[114.1711924,22.2817099],[114.1670831,22.2812714],[114.1670391,22.2814761],[114.1655762,22.2825392],[114.1634174,22.2830812],[114.1627572,22.2827226],[114.1624747,22.2828008],[114.1620997,22.2829042],[114.1621529,22.2831067],[114.1615592,22.2832876],[114.1614805,22.2830786],[114.1610477,22.2831863],[114.1600396,22.2836828],[114.1593443,22.2840434],[114.1613721,22.2867964],[114.1551779,22.2886039],[114.1542301,22.287476],[114.1537544,22.287733],[114.1523844,22.2880734],[114.1515603,22.2882755],[114.1507605,22.2884828],[114.1498941,22.2894825],[114.1458353,22.2904899],[114.1404238,22.2906484],[114.1382824,22.2901072],[114.1343551,22.2891144],[114.1347119,22.2879088],[114.1324014,22.2882355],[114.1274667,22.284008],[114.1274223,22.2840024],[114.1254069,22.2836631],[114.1240354,22.2831402],[114.1223372,22.2825948],[114.11887,22.2814506],[114.1182862,22.2808237],[114.117317,22.2797851],[114.1171749,22.2789998],[114.1171728,22.2789973],[114.1171713,22.2789955],[114.1165285,22.278211],[114.1163426,22.2775587],[114.1164276,22.277307],[114.1164403,22.2772695],[114.116534,22.2768471],[114.1163825,22.2759713],[114.1164017,22.2747614],[114.1172459,22.2740466],[114.11804,22.2736637],[114.1183098,22.2731347],[114.1189913,22.2726194],[114.1195748,22.2718031],[114.1205743,22.2715453],[114.1207308,22.2715049],[114.1208639,22.2714706],[114.1210851,22.271345],[114.1217708,22.2709554],[114.1233696,22.2682555],[114.1233992,22.2677082],[114.1237473,22.2673753],[114.1238209,22.2670605],[114.125797,22.2640733],[114.1260655,22.2635131],[114.1266602,22.2622718],[114.1273023,22.2620165],[114.1273197,22.261974],[114.1274887,22.2615604],[114.1289939,22.2595903],[114.1289008,22.259385],[114.1306657,22.2573738],[114.1320924,22.2554584],[114.1320429,22.2552907],[114.131877,22.2547285],[114.1319849,22.2542358],[114.1318284,22.2534603],[114.1320394,22.2524021],[114.1324159,22.2520223],[114.1326325,22.2520373],[114.1328677,22.2521742],[114.1330733,22.2525757],[114.1333112,22.2525763],[114.1332989,22.2521151],[114.1339067,22.2516134],[114.1348578,22.2502954],[114.1351127,22.2498576],[114.1362499,22.2488132],[114.1372103,22.2489366],[114.1372808,22.2488939],[114.1378719,22.2485354],[114.1394889,22.2488505],[114.14116,22.2485635],[114.1411061,22.2483491],[114.1421205,22.2480619],[114.1438699,22.2480851],[114.1466973,22.248332],[114.1488252,22.2478377],[114.1498825,22.2479995],[114.1504091,22.2478647],[114.1543663,22.24717],[114.1547728,22.2467562],[114.1567555,22.246663],[114.1572096,22.2467565],[114.1584445,22.2470361],[114.1595163,22.2467567],[114.1599859,22.2461396],[114.1602369,22.2458098],[114.1609554,22.2456157],[114.161412,22.2451911],[114.1621259,22.2452009],[114.1621832,22.2455391],[114.1628341,22.2456466],[114.1631604,22.2455966],[114.1641537,22.2454443],[114.1646358,22.2448103],[114.1644062,22.2444226],[114.1643205,22.2445295],[114.1637531,22.2440734],[114.1638773,22.2438132],[114.1635864,22.2433119],[114.1636633,22.2428598],[114.1639548,22.2425843],[114.1643286,22.2422745],[114.1645852,22.2424464],[114.1656783,22.2413822],[114.1656079,22.2398485],[114.1644409,22.2384139],[114.1627787,22.2380502],[114.162723,22.2379079],[114.1644495,22.2382008],[114.1650599,22.2363106],[114.1656491,22.2361279],[114.1664682,22.2361458],[114.1670712,22.2359338],[114.1671393,22.23564],[114.166984,22.235152],[114.1672365,22.234637],[114.1662075,22.2334691],[114.1662174,22.2330284],[114.1668703,22.2324477],[114.1675473,22.2320521],[114.1688964,22.231348],[114.1695177,22.2310542],[114.1709131,22.2301665],[114.1716192,22.2297708],[114.1722256,22.229931],[114.1732502,22.230582],[114.1739094,22.2329787],[114.1742831,22.2337384],[114.1743354,22.2358597],[114.1753703,22.2381977],[114.1755715,22.2382766],[114.1757584,22.2387444],[114.1765108,22.2393494],[114.1767002,22.24019],[114.1766469,22.2406555],[114.1772534,22.24075],[114.1784764,22.2425486],[114.1783664,22.2433262],[114.1786352,22.243939],[114.1795687,22.2448663],[114.1808981,22.2451509],[114.1821043,22.2452032],[114.1826827,22.2456407],[114.1837138,22.2455258],[114.184199,22.2451737],[114.184594,22.2450943],[114.1853007,22.2455079],[114.1855793,22.2454849],[114.1857943,22.2458696],[114.1860862,22.2459113],[114.1879501,22.2444055],[114.1883731,22.2431399],[114.1881009,22.2423402],[114.1868705,22.2416784],[114.1869114,22.2409168],[114.1866056,22.2403159],[114.1866662,22.2397357],[114.1876395,22.2386899],[114.1884496,22.2374426],[114.1896482,22.2364532],[114.1902211,22.2361006],[114.1917354,22.2360463],[114.1926092,22.2365654],[114.193235,22.2371594],[114.1938489,22.2374334],[114.1941181,22.2373406],[114.1941725,22.2379305],[114.1944703,22.2381811],[114.1949047,22.2381425],[114.1957104,22.2378349],[114.1966472,22.2370351],[114.1972014,22.2367472],[114.1974956,22.2360521],[114.1983135,22.2350242],[114.1973898,22.2347303],[114.1972105,22.2346321],[114.1971929,22.2345145],[114.197337,22.2344455],[114.1976926,22.2344509],[114.1983065,22.234618],[114.1984081,22.2344162],[114.1981681,22.2343458],[114.1984419,22.2328015],[114.1980828,22.2321689],[114.1982869,22.2319789],[114.1983154,22.2310575],[114.1981506,22.2303933],[114.1983736,22.229903],[114.1981218,22.2295129],[114.1976599,22.2295437],[114.196687,22.2292886],[114.1964325,22.2287217],[114.1965828,22.228107],[114.1970773,22.2277052],[114.1972739,22.2268555],[114.19814,22.2257803],[114.1981567,22.2254695],[114.1976936,22.2245152],[114.197276,22.2242733],[114.1957071,22.2239779],[114.194932,22.2243484],[114.1938888,22.2242939],[114.1938306,22.2241222],[114.1949368,22.2231237],[114.19549,22.2230919],[114.1956842,22.2225723],[114.1966145,22.2219107],[114.1971395,22.2218537],[114.1982024,22.2213027],[114.1997407,22.2209637],[114.2008774,22.2211135],[114.2009831,22.2209493],[114.2008568,22.220683],[114.2013439,22.2201922],[114.2011673,22.2199191],[114.2012377,22.2194224],[114.201565,22.2189385],[114.2022537,22.2184647],[114.2023126,22.2171776],[114.2023141,22.2171458],[114.2015499,22.2168292],[114.200623,22.2169193],[114.1998035,22.2161739],[114.1987814,22.2159147],[114.1984491,22.2156499],[114.1972311,22.2142407],[114.1969932,22.2120538],[114.197376,22.2106123],[114.1992247,22.2101788],[114.2005057,22.2109824],[114.2011981,22.2124338],[114.2021206,22.2130988],[114.2023622,22.2129588],[114.2045092,22.2127982],[114.2047595,22.2123754],[114.2053147,22.2125653],[114.2058148,22.213313],[114.2061594,22.2132703],[114.2064744,22.2135158],[114.2069553,22.2142842],[114.2063777,22.2152061],[114.2065883,22.2156936],[114.2071717,22.2163623],[114.2072714,22.2168548],[114.2079168,22.2169998],[114.2082322,22.216778],[114.2085374,22.2167848],[114.2088871,22.217388],[114.2093022,22.2173309],[114.2097653,22.2176949],[114.2098039,22.2184578],[114.2103724,22.2186078],[114.2112435,22.2185558],[114.2119276,22.217986],[114.2123081,22.2172145],[114.2122158,22.2167726],[114.2127448,22.2167904],[114.2133951,22.2165465],[114.2135552,22.2161489],[114.2135111,22.2152046],[114.2143214,22.214626],[114.214452,22.214183],[114.2143552,22.2137543],[114.2145834,22.2134288],[114.2150561,22.2131619],[114.2151458,22.2129182],[114.2150482,22.2120293],[114.214653,22.2117931],[114.2142718,22.2115178],[114.2141337,22.2111832],[114.2129086,22.2110884],[114.2128694,22.2104829],[114.212185,22.2096586],[114.212113,22.2094783],[114.2117479,22.2085634],[114.2116262,22.2067966],[114.2119416,22.2063627],[114.2120242,22.2055855],[114.211698,22.2020931],[114.2111105,22.2004801],[114.2113575,22.1988449],[114.2112748,22.1972947],[114.2115951,22.1967731],[114.2116019,22.1963687],[114.2124536,22.1957988],[114.2126373,22.1953562],[114.2130351,22.1949282],[114.2130321,22.1949246],[114.2132534,22.1946827],[114.2140853,22.1941784],[114.2145389,22.1945874],[114.2145668,22.1945929],[114.2158591,22.1948496],[114.2164678,22.1946911],[114.2183116,22.1952213],[114.2184619,22.1951579],[114.2185131,22.1948531],[114.218831,22.1947038],[114.219364,22.1950769],[114.2209149,22.1954625],[114.2216085,22.1953944],[114.222596,22.1958169],[114.2235994,22.1968302],[114.2240157,22.1975582],[114.2240258,22.1981499],[114.2238076,22.1987467],[114.2230847,22.1994874],[114.2232357,22.1999753],[114.2231487,22.2008067],[114.2217565,22.2022219],[114.2212837,22.2035693],[114.2209078,22.2041919],[114.2203996,22.2043674],[114.219472,22.2051141],[114.2194332,22.2055975],[114.2200494,22.2056226],[114.2202191,22.2058048],[114.220101,22.2066885],[114.2196328,22.2069709],[114.2192931,22.2070027],[114.2189531,22.2072874],[114.2186965,22.2082588],[114.2180268,22.2091803],[114.2181822,22.2096825],[114.2185511,22.210023],[114.2190387,22.2100206],[114.2194098,22.2096955],[114.2197184,22.209632],[114.2204028,22.210123],[114.2205098,22.2117242],[114.2215459,22.2128169],[114.221964,22.2127089],[114.2222617,22.2126409],[114.2224462,22.2127464],[114.2226524,22.213137],[114.2222989,22.2147461],[114.2216803,22.2152209],[114.2219501,22.2156042],[114.2212604,22.2156567],[114.2211735,22.2152707],[114.2209014,22.215234],[114.2204307,22.2156817],[114.2203652,22.2160683],[114.2206734,22.2163592],[114.2205818,22.2164859],[114.2197719,22.2167841],[114.219366,22.2166515],[114.2190362,22.2164386],[114.2170895,22.2174747],[114.2164021,22.2185743],[114.2156764,22.2188958],[114.2152856,22.2192912],[114.2151623,22.2192751],[114.2152203,22.2186402],[114.2145799,22.2189503],[114.2142354,22.2193929],[114.2140805,22.2209597],[114.2141948,22.2223386],[114.2146731,22.2225465],[114.2151733,22.2233777],[114.215129,22.2237371],[114.2147317,22.2239966],[114.2147603,22.2242004],[114.2149882,22.2243778],[114.2157895,22.2250017],[114.2167846,22.2254265],[114.2174011,22.2259795],[114.2174303,22.2262664],[114.2179593,22.2263503],[114.2181487,22.2265536],[114.2183283,22.2269144],[114.2182752,22.227249],[114.2187822,22.2277865],[114.2187701,22.2285912],[114.2186247,22.2289208],[114.2190833,22.2290901],[114.2199643,22.228595],[114.2201172,22.2288888],[114.2211923,22.2294715],[114.2224837,22.2313688],[114.223003,22.2316262],[114.2228825,22.2325301],[114.2230449,22.2330718],[114.2234,22.2332163],[114.2236928,22.2331574],[114.2242556,22.2322309],[114.2246993,22.2318713],[114.2250145,22.2309816],[114.2256623,22.2305839],[114.2258461,22.2303097],[114.2271945,22.2297773],[114.2276639,22.2297859],[114.2279307,22.2299777],[114.2283605,22.2297223],[114.2286298,22.2299164],[114.228936,22.2298125],[114.229484,22.2303495],[114.2295838,22.2310412],[114.2300112,22.2319716],[114.2295671,22.2325442],[114.2297349,22.233011],[114.2297311,22.2337379],[114.2295727,22.2341495],[114.2293666,22.23424],[114.22918,22.2349474],[114.2288153,22.235582],[114.2287121,22.2364409],[114.22894,22.2367075],[114.2286975,22.2371005],[114.2287657,22.2374797],[114.2277764,22.2382801],[114.2272823,22.2382734],[114.2267913,22.2386054],[114.2257481,22.2387125],[114.2257084,22.2384029],[114.2245708,22.2384184],[114.2241637,22.240425],[114.2239915,22.2414662],[114.2234602,22.2424267],[114.2234954,22.2429064],[114.223,22.243563],[114.2231093,22.2442974],[114.2232985,22.2438796],[114.2234918,22.2439076],[114.2233156,22.2449634],[114.2224058,22.2450725],[114.2215768,22.2443974],[114.2214024,22.2447207],[114.2216635,22.2447722],[114.2224957,22.2454269],[114.2217645,22.2467515],[114.2218684,22.2467514],[114.2227556,22.2454699],[114.2232452,22.2452981],[114.2239687,22.2456096],[114.2235566,22.245971],[114.2230152,22.2460643],[114.2234788,22.2464911],[114.2238718,22.2464905],[114.2238275,22.2467509],[114.2239438,22.2469731],[114.2241258,22.2469138],[114.2242716,22.2470319],[114.2243834,22.2468867],[114.224963,22.2468953],[114.2251513,22.2467505],[114.2251777,22.2465898],[114.2245469,22.2463728],[114.2248041,22.245921],[114.2251044,22.2458668],[114.2253644,22.2446172],[114.2255054,22.2445138],[114.2262712,22.2445251],[114.2258087,22.2443206],[114.2257942,22.24418],[114.2259923,22.2437016],[114.2257514,22.2431196],[114.2254945,22.2431243],[114.2254919,22.2426767],[114.2260251,22.2413895],[114.2263479,22.2412304],[114.2266902,22.2413547],[114.2272289,22.242039],[114.2276644,22.2422698],[114.2283744,22.2421791],[114.2290033,22.2416966],[114.229537,22.2417789],[114.2303594,22.2414192],[114.231068,22.2414553],[114.2315625,22.2411159],[114.2319656,22.2405961],[114.2324217,22.2405059],[114.2327612,22.2397736],[114.2334626,22.2391569],[114.2336007,22.2393446],[114.2337372,22.2414185],[114.2339311,22.2416393],[114.2346418,22.2409376],[114.2347979,22.2403137],[114.2348672,22.2396545],[114.2345227,22.2389779],[114.2346095,22.2377219],[114.2349562,22.2368427],[114.2347721,22.2363108],[114.2338953,22.2360595],[114.2337157,22.2358153],[114.2347931,22.2346233],[114.2352494,22.2339905],[114.2353939,22.2328144],[114.2352861,22.2321644],[114.2354177,22.2318568],[114.2360749,22.2317381],[114.2359311,22.2311428],[114.2357519,22.2306324],[114.2358168,22.2302808],[114.236236,22.2280069],[114.2361727,22.2275281],[114.2366299,22.2267255],[114.2371252,22.2261198],[114.2371278,22.2254166],[114.2364508,22.2252057],[114.2362537,22.2243069],[114.2364282,22.2231317],[114.2363162,22.2227975],[114.2358559,22.2227144],[114.2357648,22.2224161],[114.2366141,22.2208469],[114.2380477,22.2203429],[114.2380807,22.2200346],[114.2371871,22.2197472],[114.2368671,22.2193954],[114.237606,22.2191485],[114.2375949,22.2188711],[114.2372914,22.2185476],[114.2380165,22.2186403],[114.2383989,22.218371],[114.2389156,22.2186871],[114.2401433,22.2188721],[114.2404344,22.2191382],[114.2408031,22.2191771],[114.2413858,22.2188964],[114.2418755,22.2181938],[114.2419143,22.2178436],[114.2420891,22.2176034],[114.242171,22.2174909],[114.242344,22.2162367],[114.2422145,22.2156285],[114.2425585,22.2152588],[114.2430819,22.2137855],[114.2432358,22.2119782],[114.2424737,22.211165],[114.2417411,22.2110166],[114.241503,22.2099728],[114.2415344,22.2096455],[114.24222,22.2083686],[114.2426468,22.2080113],[114.2430886,22.2081695],[114.2439086,22.2074278],[114.2456694,22.2071745],[114.2461116,22.2070184],[114.2469499,22.2067223],[114.2474602,22.2068006],[114.2477024,22.2071103],[114.2482851,22.2070283],[114.2486638,22.2072816],[114.2493864,22.2070554],[114.2507335,22.2074454],[114.2512985,22.2074769],[114.2522307,22.2083459],[114.2526989,22.2082286],[114.2524823,22.2078358],[114.2525453,22.2076682],[114.2532271,22.2076949],[114.2531494,22.207033],[114.2534958,22.2068047],[114.254008,22.2067935],[114.2550055,22.2070436],[114.255282,22.2078386],[114.255617,22.2082814],[114.2561993,22.2084528],[114.2565926,22.2082447],[114.2568056,22.2074945],[114.257194,22.2073088],[114.2582465,22.2073041],[114.258304,22.2073595],[114.2587176,22.2077579],[114.2594745,22.2081211],[114.2599211,22.2080667],[114.2602024,22.2076691],[114.2603967,22.2068693],[114.2606047,22.2069187],[114.2608475,22.2074108],[114.261017,22.2075214],[114.2609158,22.2076772],[114.2609157,22.2076773],[114.2608819,22.2079083],[114.2611001,22.2078507],[114.2613022,22.2079238],[114.2611764,22.2082664],[114.2609414,22.2083362],[114.2608965,22.2086598],[114.2606963,22.208772],[114.2606681,22.2087858],[114.2601011,22.2089521],[114.2600943,22.2091583],[114.2597326,22.2094224],[114.2592148,22.2093696],[114.2591293,22.2093882],[114.2583862,22.2095495],[114.258311,22.209649],[114.258491,22.2098518],[114.2583675,22.2102342],[114.2586561,22.2106156],[114.258639,22.2108391],[114.2585158,22.2109999],[114.2573368,22.2114384],[114.2565967,22.2111546],[114.2565651,22.2111362],[114.2554004,22.2106897],[114.2546718,22.2107901],[114.254391,22.2111102],[114.2543783,22.2112749],[114.2543479,22.2116707],[114.2551444,22.2121703],[114.2555859,22.2126957],[114.2554889,22.2129303],[114.2549649,22.2129356],[114.2551445,22.2133055],[114.2551884,22.2141777],[114.2547475,22.2147338],[114.254668,22.2155041],[114.2549811,22.2155605],[114.2549419,22.2158993],[114.2552432,22.2161566],[114.2548649,22.2167981],[114.255001,22.2175936],[114.2547986,22.2180835],[114.2544979,22.2198932],[114.2547233,22.220439],[114.2547798,22.2205757],[114.2539177,22.2209544],[114.253965,22.2218142],[114.2537035,22.2224198],[114.2532813,22.2230526],[114.2522002,22.2241282],[114.252091,22.2247429],[114.2515553,22.225064],[114.2512494,22.2257596],[114.251381,22.2264422],[114.2502936,22.2275715],[114.2502401,22.227627],[114.2502432,22.227668],[114.2502898,22.2282981],[114.2506278,22.228724],[114.2514554,22.229286],[114.2521981,22.2294422],[114.2525525,22.2293961],[114.2531345,22.2287862],[114.2537844,22.2287675],[114.2545721,22.2284591]]],[[[114.2239826,22.2444055],[114.2236893,22.2446539],[114.2237936,22.2441324],[114.2240313,22.2441884],[114.2239826,22.2444055]]],[[[114.0795429,22.2868392],[114.0787059,22.2868186],[114.0775777,22.2863002],[114.076156,22.2859707],[114.0744719,22.2848467],[114.0740722,22.2844043],[114.0739977,22.2842655],[114.0738787,22.2840437],[114.0743455,22.283119],[114.0741672,22.2829008],[114.0742951,22.2826302],[114.0745484,22.2827728],[114.0747549,22.2825897],[114.074465,22.2821527],[114.0755433,22.2821859],[114.0760182,22.2823872],[114.0765714,22.2823579],[114.0765683,22.2822037],[114.0767519,22.282137],[114.0773188,22.2823968],[114.0776777,22.2822658],[114.0780117,22.28235],[114.0781655,22.2821615],[114.0787058,22.282377],[114.0793587,22.2822928],[114.0794598,22.2826387],[114.0796641,22.2833374],[114.0794644,22.2836895],[114.0789791,22.2839676],[114.0788319,22.2845934],[114.0789694,22.2850646],[114.0795009,22.2851872],[114.0794097,22.2857629],[114.0797123,22.2861265],[114.0797432,22.2864433],[114.0795429,22.2868392]]],[[[114.1111448,22.2855956],[114.1108477,22.2853425],[114.1109111,22.2842899],[114.1107665,22.2839181],[114.110837,22.2833669],[114.1111772,22.2829253],[114.1114059,22.2828734],[114.1120992,22.2831237],[114.1122433,22.283301],[114.1123804,22.2834234],[114.1128084,22.2836884],[114.1134156,22.2835097],[114.1144818,22.2836269],[114.1151021,22.2840415],[114.1152645,22.284434],[114.1146486,22.2855621],[114.1145483,22.2854604],[114.114155,22.2857971],[114.1137613,22.2858147],[114.1133236,22.2861053],[114.1119479,22.2862449],[114.1111543,22.2857847],[114.1111448,22.2855956]]],[[[114.1165251,22.2861573],[114.1161428,22.2860842],[114.1161627,22.2856052],[114.1167266,22.2850033],[114.11706,22.2848255],[114.1172021,22.2849533],[114.1174029,22.2852225],[114.1174419,22.2857653],[114.1172211,22.2862533],[114.1167897,22.2864356],[114.1165251,22.2861573]]],[[[114.0617184,22.3404366],[114.0616722,22.3402415],[114.0617904,22.3401808],[114.0618597,22.3401749],[114.0619085,22.3401586],[114.0620065,22.3401259],[114.0619446,22.3396832],[114.0621668,22.3391603],[114.0625614,22.3390962],[114.0626371,22.3389195],[114.0634673,22.3390909],[114.0639363,22.3397106],[114.0638885,22.3399848],[114.0633039,22.3400335],[114.0628538,22.3404226],[114.0627499,22.3408328],[114.0626133,22.3408746],[114.0622274,22.341161],[114.0619621,22.340873],[114.0614804,22.3409365],[114.0612709,22.3408075],[114.0616585,22.3404863],[114.0617184,22.3404366]]],[[[114.0951674,22.327164],[114.0953924,22.3271931],[114.1008539,22.3278986],[114.1019053,22.3280201],[114.1037874,22.328271],[114.1041128,22.3282653],[114.1061884,22.3268893],[114.1081627,22.3269636],[114.1089136,22.3269874],[114.1089165,22.3269858],[114.1089383,22.3269882],[114.1091113,22.3269937],[114.1091113,22.327007],[114.1097461,22.3270761],[114.1102829,22.3267601],[114.1113564,22.326715],[114.1115028,22.3269407],[114.1108196,22.327031],[114.1102829,22.3271664],[114.1103317,22.3284754],[114.11243,22.3285206],[114.1127716,22.327347],[114.1142843,22.3274372],[114.117749,22.3310484],[114.1120557,22.3471561],[114.1120957,22.3473531],[114.1122775,22.3482737],[114.1107766,22.3507969],[114.1104919,22.3513806],[114.1100977,22.3521768],[114.1100504,22.3526827],[114.1098534,22.3528688],[114.1093338,22.355111],[114.1090646,22.3568959],[114.1091327,22.3597527],[114.1086337,22.3610381],[114.1076815,22.3621948],[114.1073345,22.3631997],[114.1060935,22.3632424],[114.1044551,22.3632932],[114.1031561,22.3638372],[114.1002773,22.3638669],[114.0998659,22.3636606],[114.0996706,22.363585],[114.0996184,22.3635647],[114.0998971,22.3627149],[114.0984639,22.3617731],[114.0966724,22.3613836],[114.0961587,22.3616267],[114.0960131,22.3616957],[114.0955131,22.3618091],[114.0952062,22.361816],[114.0939455,22.3618177],[114.0933917,22.3618076],[114.0920794,22.3618195],[114.0919362,22.3618196],[114.0910908,22.3617984],[114.0898994,22.3618216],[114.0899184,22.3624228],[114.0899147,22.3629176],[114.0893216,22.3629228],[114.0891005,22.3629322],[114.0889496,22.362933],[114.0889463,22.3624543],[114.0878799,22.362425],[114.0877597,22.3621296],[114.0859759,22.3616172],[114.0857998,22.3616692],[114.0857039,22.3619457],[114.0854342,22.3618989],[114.0851642,22.3617503],[114.0843842,22.3613209],[114.0825175,22.3602934],[114.0824139,22.3602364],[114.0813461,22.3599766],[114.0802539,22.3596992],[114.0790996,22.3585011],[114.0791499,22.3577363],[114.0792958,22.3576075],[114.0795159,22.3574132],[114.0795928,22.3572191],[114.0797382,22.3568523],[114.0797423,22.3568294],[114.0798367,22.3562994],[114.0800011,22.3553759],[114.0800077,22.3550961],[114.0799037,22.3545375],[114.0801959,22.3535138],[114.0798583,22.3530666],[114.0800472,22.352497],[114.0807621,22.3521166],[114.0812105,22.351878],[114.0813109,22.3515576],[114.0814623,22.3510744],[114.0835947,22.3510036],[114.083262,22.3487693],[114.0848722,22.3485166],[114.0846278,22.3469128],[114.0844457,22.3458089],[114.0843679,22.3453756],[114.0842338,22.3444588],[114.0851844,22.3443317],[114.085666,22.3442682],[114.0878733,22.3439697],[114.0887195,22.3438568],[114.0893664,22.3437705],[114.0902456,22.3434927],[114.0914621,22.3417836],[114.0901958,22.3409863],[114.0900256,22.3410748],[114.0896761,22.3405711],[114.0897059,22.3398284],[114.0897935,22.3396887],[114.0903004,22.3388811],[114.0904941,22.3388812],[114.0908878,22.339239],[114.0912094,22.3389884],[114.0914329,22.3391407],[114.0927804,22.338289],[114.0908256,22.3352614],[114.0891516,22.3309051],[114.0894053,22.3305098],[114.0918301,22.3264649],[114.0937906,22.3263844],[114.093903,22.3263785],[114.0940007,22.3263798],[114.0948248,22.3263908],[114.0951674,22.327164]]],[[[114.0645778,22.3543042],[114.0646308,22.3546825],[114.065164,22.3550865],[114.0651875,22.355429],[114.0648154,22.3559295],[114.0638643,22.355743],[114.0637448,22.3554333],[114.0633856,22.3555547],[114.0629951,22.355085],[114.0627354,22.3547444],[114.062198,22.3545407],[114.061663,22.3545374],[114.0608907,22.3548607],[114.0607019,22.3550834],[114.0605188,22.3554477],[114.0601825,22.3556628],[114.0593028,22.3558003],[114.0586196,22.3557273],[114.0581814,22.3554849],[114.0568833,22.3555553],[114.0563357,22.3550802],[114.0561501,22.3547863],[114.0561795,22.3539288],[114.0568641,22.3535711],[114.0570364,22.3534087],[114.0570719,22.3531516],[114.0571023,22.3529312],[114.0574329,22.3527346],[114.0576592,22.3526001],[114.0575161,22.3520071],[114.0571426,22.3517835],[114.0570474,22.3514819],[114.0570007,22.3513339],[114.0570054,22.3513158],[114.0570508,22.3511388],[114.0573265,22.3511243],[114.0571118,22.3505882],[114.0567352,22.3504935],[114.0561454,22.350002],[114.0552476,22.3499374],[114.0544507,22.3493866],[114.0539855,22.3488254],[114.0539736,22.3485665],[114.054398,22.3485958],[114.0551367,22.3482003],[114.055387,22.3482295],[114.0556582,22.3483118],[114.0561207,22.3484457],[114.0562312,22.348405],[114.0563933,22.3483006],[114.0567764,22.3481008],[114.0568277,22.3480722],[114.0568713,22.3480692],[114.0578408,22.3481497],[114.0579511,22.347784],[114.0578572,22.347525],[114.0571406,22.347492],[114.0570932,22.3474911],[114.0570922,22.3474911],[114.0570913,22.3474909],[114.0570394,22.3474815],[114.056607,22.3473113],[114.0567451,22.3463871],[114.0565801,22.346183],[114.0568084,22.3458806],[114.0568562,22.3449911],[114.0572536,22.3445724],[114.0580523,22.3445239],[114.0583479,22.3443515],[114.0587115,22.3434215],[114.0591871,22.3429567],[114.0592089,22.3427262],[114.0590781,22.3426452],[114.059319,22.3425088],[114.0600566,22.3425495],[114.0606129,22.3428614],[114.0609004,22.343231],[114.0616411,22.3432753],[114.0617509,22.3434875],[114.0623442,22.3435642],[114.0626265,22.3434042],[114.0627825,22.3437034],[114.0632132,22.3440142],[114.0634245,22.3441666],[114.0634624,22.3441667],[114.0642072,22.3441672],[114.0650733,22.3445011],[114.0649646,22.3448993],[114.0663665,22.3454049],[114.0662448,22.34606],[114.0660361,22.3463231],[114.065118,22.346085],[114.0648959,22.3468676],[114.0645936,22.3477457],[114.0647554,22.3482476],[114.0644883,22.3486763],[114.0641695,22.3488841],[114.0637844,22.3488618],[114.0637968,22.3486554],[114.0628052,22.3485303],[114.0616231,22.3492765],[114.061436,22.3493947],[114.0614503,22.3495162],[114.061653,22.3512388],[114.0621973,22.3515537],[114.0623597,22.3518712],[114.062913,22.352037],[114.0629597,22.3521314],[114.0630874,22.3523894],[114.0642133,22.3523695],[114.0640816,22.3525674],[114.0631781,22.3526478],[114.0631332,22.352907],[114.0630619,22.3533197],[114.0632991,22.3538559],[114.0641308,22.3538961],[114.0645778,22.3543042]]],[[[114.0674251,22.3500804],[114.0669515,22.3496352],[114.0669602,22.3490802],[114.06726,22.3486488],[114.0675923,22.3484945],[114.0679944,22.3485219],[114.0682661,22.3487313],[114.0683975,22.3494286],[114.0680991,22.3499088],[114.0676593,22.3501147],[114.0676469,22.350271],[114.0674002,22.3502455],[114.0674251,22.3500804]]],[[[114.253882,22.2973579],[114.2542005,22.2970157],[114.2543917,22.2970384],[114.2548384,22.2982881],[114.2548092,22.298653],[114.2545935,22.298644],[114.2546477,22.2990317],[114.2551519,22.2992444],[114.2552137,22.2991835],[114.2551838,22.2969194],[114.2562283,22.2970851],[114.2561089,22.3008124],[114.2568848,22.3009505],[114.2571534,22.3012818],[114.2596004,22.3013094],[114.2597794,22.3017235],[114.2601972,22.3017235],[114.2603166,22.3013646],[114.2608836,22.3012818],[114.261182,22.3011161],[114.2614804,22.3013094],[114.2617788,22.3013646],[114.2618951,22.3013861],[114.2633665,22.3013812],[114.2637668,22.3015411],[114.2653607,22.3046379],[114.2655458,22.3052114],[114.2654972,22.3055557],[114.2645151,22.3079455],[114.2647624,22.3088652],[114.2648718,22.3088836],[114.2649843,22.3089025],[114.2652425,22.308395],[114.2657777,22.3080466],[114.2658085,22.3078113],[114.2658357,22.3077993],[114.2658569,22.3073874],[114.2661354,22.3069752],[114.2658848,22.3063826],[114.2658848,22.3060992],[114.2666923,22.3058158],[114.2668364,22.3057325],[114.2642918,22.3008894],[114.2640992,22.2993637],[114.2646063,22.297038],[114.2669538,22.2957866],[114.2669051,22.2913023],[114.2708723,22.2912572],[114.2708724,22.2895975],[114.2688469,22.2865201],[114.2662363,22.2825536],[114.2676291,22.2816554],[114.2674187,22.2813218],[114.2672752,22.2802794],[114.2668475,22.2794132],[114.2661187,22.2793348],[114.2657486,22.2787498],[114.2653699,22.2781512],[114.2649464,22.2779651],[114.2647543,22.2762714],[114.2649149,22.2760314],[114.2646595,22.2759096],[114.2645283,22.2755754],[114.2647446,22.2755161],[114.2649851,22.2756661],[114.2654957,22.2746043],[114.2660246,22.2742439],[114.2665338,22.2741716],[114.2666296,22.2740026],[114.2666993,22.2739811],[114.266703,22.2739686],[114.2667196,22.2739748],[114.2667397,22.2739686],[114.2667372,22.2739813],[114.2691612,22.2748853],[114.2699317,22.272984],[114.2678037,22.2721691],[114.2678771,22.271558],[114.2686476,22.2704715],[114.2691245,22.2704375],[114.2736374,22.2627979],[114.2741143,22.2624244],[114.2744079,22.2629337],[114.2749949,22.2629677],[114.2757287,22.2627979],[114.276388,22.2627725],[114.2768616,22.2626617],[114.2769819,22.2627448],[114.2772697,22.2628658],[114.2775632,22.2633412],[114.2775632,22.2637147],[114.2775632,22.2639863],[114.2777099,22.2642919],[114.2779301,22.2642919],[114.2783337,22.2648352],[114.2779301,22.2650389],[114.2787006,22.2660915],[114.2793243,22.2659557],[114.2793499,22.2663544],[114.279648,22.2669748],[114.2804238,22.2679892],[114.281075,22.2683316],[114.2816677,22.268272],[114.2821606,22.2686963],[114.2822009,22.2692598],[114.2822225,22.2695627],[114.2814447,22.2710216],[114.2815791,22.2713811],[114.282055,22.2716429],[114.2821493,22.2716948],[114.2824429,22.2716917],[114.282716,22.271496],[114.283112,22.2711925],[114.2838543,22.271119],[114.2842218,22.2707873],[114.2853566,22.2706704],[114.2864001,22.2708164],[114.2873661,22.2707058],[114.2882461,22.270394],[114.2885201,22.2706061],[114.289053,22.2706765],[114.2891663,22.2704339],[114.2899919,22.2697261],[114.2902835,22.2696936],[114.2903717,22.2695123],[114.290252,22.2682323],[114.2908717,22.2671388],[114.2912028,22.2669429],[114.2919971,22.2669228],[114.2924153,22.266639],[114.2925988,22.2665145],[114.2938279,22.2661742],[114.2942839,22.265908],[114.2948432,22.2658507],[114.2951663,22.265645],[114.2957327,22.2651642],[114.2965237,22.2635649],[114.2968425,22.2633581],[114.2975713,22.2621596],[114.2971278,22.2615963],[114.2979846,22.2610807],[114.298468,22.2611028],[114.2988547,22.2609213],[114.2989632,22.2606151],[114.299313,22.2604705],[114.2995596,22.2604847],[114.2997181,22.2607762],[114.3000501,22.2608807],[114.3005342,22.261741],[114.3006284,22.2620781],[114.3007119,22.2635588],[114.3005113,22.2638956],[114.300159,22.2645897],[114.299658,22.2648869],[114.299719,22.2653546],[114.3001969,22.2655435],[114.3003036,22.2659289],[114.3002674,22.266308],[114.3005323,22.2666283],[114.3010554,22.2668316],[114.301506,22.2668197],[114.3019253,22.2663948],[114.3019748,22.2662721],[114.3021559,22.2658228],[114.3028556,22.265771],[114.3032593,22.2651517],[114.3040167,22.2647621],[114.3051755,22.2646197],[114.3051417,22.2648723],[114.3046075,22.265322],[114.3046381,22.2656338],[114.3048513,22.2656728],[114.3052856,22.2653589],[114.3056354,22.2653667],[114.3060553,22.2655447],[114.3065241,22.2658924],[114.3062906,22.2666739],[114.3063306,22.2671277],[114.306577,22.2675458],[114.3070279,22.2678745],[114.3068004,22.2685708],[114.3061041,22.2695368],[114.3055634,22.2697783],[114.305157,22.2694167],[114.3047385,22.2687226],[114.3035487,22.2688196],[114.3025714,22.2680489],[114.3021039,22.268161],[114.301562,22.2686313],[114.3016289,22.2688044],[114.3012947,22.2691073],[114.3009425,22.2691645],[114.3005076,22.2695417],[114.3007973,22.2706478],[114.3015651,22.2714515],[114.3036533,22.2696354],[114.3040086,22.2695074],[114.3042369,22.2696654],[114.3042278,22.2698834],[114.3016658,22.272128],[114.301398,22.2728217],[114.3013716,22.2728899],[114.3014243,22.2729548],[114.3016062,22.2731786],[114.3014292,22.2734026],[114.3010838,22.27384],[114.3001615,22.2758595],[114.2999699,22.2773307],[114.3001945,22.2786576],[114.3002756,22.2791364],[114.3009065,22.2791429],[114.3020949,22.2791551],[114.3026305,22.279497],[114.3022841,22.2799219],[114.3020503,22.2799982],[114.3007694,22.2804161],[114.2998692,22.2802494],[114.2981643,22.2787531],[114.297308,22.2771998],[114.2954827,22.2761357],[114.295432,22.2750553],[114.295286,22.2748931],[114.295336,22.2747696],[114.2954648,22.2744517],[114.2952883,22.2740555],[114.2953156,22.2734324],[114.2952387,22.273104],[114.2950618,22.2729994],[114.2934802,22.2732186],[114.2929921,22.2734926],[114.2928543,22.2735699],[114.2925871,22.2740799],[114.2926482,22.2747144],[114.2928494,22.2750934],[114.2927342,22.2755129],[114.2928372,22.2759782],[114.2936296,22.2766703],[114.2936757,22.2770776],[114.2940589,22.2771113],[114.2944995,22.2769407],[114.2952363,22.2775264],[114.2956997,22.2780185],[114.2956511,22.2783931],[114.2957917,22.2786116],[114.2961317,22.2786982],[114.2961714,22.2788311],[114.2958828,22.2788906],[114.2957853,22.2791685],[114.2953896,22.2790952],[114.2938327,22.2792971],[114.2933817,22.2789263],[114.2931387,22.2788926],[114.2920894,22.2792644],[114.290465,22.2794243],[114.2898477,22.2797049],[114.2894279,22.2796655],[114.2881144,22.280572],[114.2880999,22.2806188],[114.2878653,22.2813747],[114.2877512,22.2831997],[114.2884362,22.2840547],[114.288455,22.2844171],[114.2891853,22.2847423],[114.2900526,22.2847244],[114.290424,22.2852367],[114.2904334,22.2854237],[114.2899317,22.2857353],[114.2896106,22.2856892],[114.2892262,22.285634],[114.2890193,22.285866],[114.2886663,22.2858213],[114.2881326,22.2863067],[114.2879306,22.2864783],[114.287748,22.2870278],[114.2877182,22.2876791],[114.2879111,22.2884545],[114.287975,22.2885187],[114.2882545,22.2887994],[114.2888209,22.288978],[114.2892893,22.2894759],[114.2897097,22.2895601],[114.2903185,22.2901063],[114.2904376,22.2906217],[114.2906925,22.2909143],[114.291219,22.2913736],[114.2919744,22.2912552],[114.2925527,22.2908296],[114.2940309,22.2909476],[114.2944868,22.2904796],[114.2945656,22.2901378],[114.2943766,22.2899145],[114.2941163,22.2896071],[114.2939929,22.2891187],[114.2945036,22.2884786],[114.2950692,22.2884385],[114.2967114,22.2879276],[114.2976494,22.2882237],[114.297935,22.2882097],[114.2985064,22.2876996],[114.299261,22.2874384],[114.3008669,22.2872335],[114.3010223,22.2874514],[114.3019557,22.287369],[114.3024163,22.288181],[114.3024043,22.2885975],[114.3030783,22.2894082],[114.3035772,22.290097],[114.3052636,22.2914258],[114.305912,22.2912872],[114.3060607,22.2915949],[114.3057599,22.2919409],[114.3061651,22.2921839],[114.306828,22.292348],[114.3075314,22.2922226],[114.3086051,22.2921003],[114.3088743,22.2923757],[114.3096281,22.2925695],[114.3101417,22.2930984],[114.3099814,22.2935679],[114.3104109,22.2940491],[114.3107318,22.2953571],[114.3100263,22.2959238],[114.3105253,22.2960621],[114.3105496,22.2961955],[114.3092629,22.2967316],[114.3092522,22.2971401],[114.3098295,22.2970228],[114.3097871,22.2973283],[114.309937,22.2975405],[114.311312,22.297613],[114.3117806,22.2976328],[114.3120669,22.2982832],[114.3117574,22.2998086],[114.3113281,22.3002347],[114.3104246,22.3006307],[114.3110445,22.3010479],[114.3108536,22.3018523],[114.3104798,22.302127],[114.3101211,22.3026768],[114.3087585,22.3033625],[114.3078743,22.3046634],[114.3070961,22.3054787],[114.3067191,22.3057114],[114.3062963,22.3057261],[114.3062235,22.3059776],[114.3059954,22.3059841],[114.3057993,22.3065561],[114.3051744,22.3067493],[114.3047426,22.30718],[114.30366,22.3078206],[114.3035989,22.3080301],[114.3037667,22.3082676],[114.3045249,22.3084712],[114.3046451,22.3087139],[114.3041148,22.309629],[114.3034031,22.309545],[114.3030231,22.3099101],[114.303206,22.3104312],[114.3030199,22.3104537],[114.3027978,22.3102503],[114.3026489,22.3104189],[114.3026457,22.3102331],[114.3023661,22.3101597],[114.3022836,22.3098313],[114.3015197,22.3094447],[114.3010886,22.3093834],[114.3005642,22.3099154],[114.3001728,22.3099119],[114.299617,22.3099069],[114.2991893,22.3101512],[114.2988424,22.3101371],[114.2966498,22.3085227],[114.2962815,22.3080253],[114.2947442,22.306988],[114.2947317,22.3068815],[114.2954593,22.3066463],[114.2956938,22.3061594],[114.2958816,22.3044724],[114.2945713,22.3042738],[114.2940412,22.303994],[114.2935307,22.3042665],[114.2922711,22.3040585],[114.2923381,22.3043237],[114.2920769,22.3047657],[114.2923994,22.3051584],[114.2923997,22.3055353],[114.2928145,22.3061718],[114.2927445,22.3067668],[114.2908248,22.3068711],[114.290496,22.3070543],[114.2903815,22.3076492],[114.291795,22.309239],[114.2925991,22.31045],[114.2925617,22.3107895],[114.2922763,22.311136],[114.291539,22.3115174],[114.2919835,22.3121545],[114.2923693,22.3122285],[114.2924606,22.312653],[114.2922814,22.312843],[114.2923423,22.3131346],[114.291378,22.313492],[114.2910499,22.3137666],[114.2905132,22.3137894],[114.2900213,22.3141666],[114.2898834,22.3149037],[114.2898159,22.3154693],[114.2900658,22.3164258],[114.290048,22.3172865],[114.2895108,22.3182241],[114.2893707,22.3185981],[114.2886991,22.3192867],[114.2883672,22.3193974],[114.2885325,22.3196987],[114.2890643,22.3197587],[114.289502,22.3195692],[114.2894781,22.3198275],[114.2897645,22.3199993],[114.2895916,22.3210471],[114.2891841,22.3210784],[114.2890291,22.3213138],[114.2884241,22.3209317],[114.2884803,22.3201135],[114.2879632,22.3198815],[114.287275,22.3199331],[114.2870562,22.320103],[114.2858937,22.3200135],[114.2852369,22.3206059],[114.2854409,22.3214037],[114.2851132,22.3213901],[114.2848511,22.3215571],[114.2834602,22.3211812],[114.2824444,22.3213637],[114.2824108,22.3213276],[114.2818193,22.3206904],[114.2807735,22.3204161],[114.2798864,22.3198845],[114.2791264,22.3198171],[114.2785042,22.3193881],[114.2783686,22.3192946],[114.2775921,22.3194803],[114.277477,22.3201881],[114.2776322,22.3202138],[114.2774344,22.320325],[114.2771545,22.3205852],[114.2769485,22.3212763],[114.2764559,22.3216839],[114.2757469,22.3219427],[114.2745472,22.3218807],[114.2737597,22.3222039],[114.2723431,22.3222928],[114.2718932,22.322736],[114.2717031,22.323205],[114.2721892,22.3242023],[114.2720367,22.3254698],[114.2717722,22.3257018],[114.2715957,22.3262053],[114.2719589,22.3265848],[114.2718275,22.32701],[114.2719406,22.3277999],[114.2721325,22.3281133],[114.2720723,22.3287082],[114.2723798,22.3289549],[114.2721335,22.3295804],[114.2719139,22.3295776],[114.271653,22.3305149],[114.2711318,22.3306113],[114.2707677,22.3308808],[114.2704792,22.331359],[114.2704739,22.3316461],[114.2705286,22.3321012],[114.2703044,22.332527],[114.2703436,22.3329165],[114.2701855,22.3332232],[114.2707367,22.3335733],[114.2707122,22.333919],[114.270197,22.3347391],[114.2702016,22.3350964],[114.2698124,22.3357145],[114.2698646,22.3360626],[114.2695816,22.3363826],[114.2691927,22.3364961],[114.2696042,22.3379083],[114.2690789,22.3380189],[114.268898,22.3379823],[114.2690685,22.3379489],[114.269047,22.3378039],[114.267678,22.3380883],[114.2673615,22.3384107],[114.2669749,22.338278],[114.2664553,22.3399121],[114.2661239,22.3400366],[114.265805,22.3404159],[114.265576,22.3411035],[114.265796,22.3418714],[114.2660003,22.342098],[114.2656965,22.3429134],[114.2655934,22.3442217],[114.2658195,22.3447255],[114.2662457,22.3448444],[114.2659238,22.3463565],[114.2664964,22.3471006],[114.2666125,22.3478962],[114.2668992,22.348377],[114.268079,22.3489689],[114.2684181,22.3492345],[114.2685952,22.349659],[114.2680178,22.3509474],[114.2676895,22.3511087],[114.2672571,22.3509789],[114.2663956,22.3510841],[114.2658234,22.3509487],[114.264925,22.3503088],[114.2648393,22.3496835],[114.2643297,22.3507234],[114.2647648,22.3522684],[114.264549,22.3523393],[114.2645282,22.3526086],[114.2639197,22.352835],[114.2629606,22.35405],[114.2629522,22.3544556],[114.2626295,22.3547215],[114.2622885,22.3543708],[114.2616479,22.3542657],[114.2613574,22.3541728],[114.2610436,22.3542779],[114.2604689,22.3551035],[114.2600537,22.3555458],[114.2608005,22.3563502],[114.2607338,22.3566533],[114.2604753,22.3567821],[114.2598508,22.356442],[114.2595941,22.355842],[114.2596233,22.3556614],[114.2596814,22.3553027],[114.2595792,22.3553255],[114.2571231,22.355875],[114.2557188,22.3559213],[114.2554217,22.3557302],[114.2552334,22.3551061],[114.2548201,22.3535557],[114.2548221,22.353237],[114.2547833,22.3532347],[114.254649,22.353227],[114.2546478,22.3532683],[114.2546435,22.3534281],[114.2543835,22.3533461],[114.2538444,22.3538162],[114.2534325,22.3539167],[114.2533985,22.3539069],[114.2532265,22.3538575],[114.2530741,22.3530912],[114.2527846,22.3528405],[114.2524475,22.3527342],[114.2522647,22.3526765],[114.2515243,22.3527407],[114.2508872,22.35348],[114.2504586,22.3546338],[114.2503445,22.3551084],[114.2506401,22.3547932],[114.2511667,22.3535483],[114.2517892,22.352955],[114.2521962,22.3528955],[114.2525162,22.353085],[114.2526965,22.3531918],[114.2527702,22.3534746],[114.2522609,22.354679],[114.252475,22.3551074],[114.2530422,22.3554523],[114.2533851,22.3553126],[114.2533905,22.3553141],[114.2536443,22.3553825],[114.2538062,22.355942],[114.2546523,22.356438],[114.2567614,22.3569467],[114.2572071,22.3572563],[114.255893,22.3573777],[114.25478,22.3570442],[114.2538645,22.3565753],[114.2528275,22.3566191],[114.252757,22.3568004],[114.2526438,22.3570914],[114.2525448,22.3578249],[114.2528674,22.3580438],[114.253162,22.359255],[114.2533572,22.3594185],[114.2538392,22.3594256],[114.2538295,22.3592382],[114.2538294,22.3592367],[114.2533328,22.3591359],[114.2534007,22.3584163],[114.2535343,22.358484],[114.254218,22.3588303],[114.2541893,22.3588992],[114.2540649,22.3591969],[114.254065,22.3592004],[114.2540762,22.3594153],[114.2546551,22.3590048],[114.2549276,22.3588115],[114.2550421,22.3588012],[114.2556716,22.3587445],[114.2556703,22.3585406],[114.2551648,22.3584796],[114.2555192,22.3577923],[114.2561157,22.3578209],[114.2561385,22.3584786],[114.2558916,22.358528],[114.255917,22.3587667],[114.2571934,22.3593248],[114.2578144,22.3587465],[114.2578291,22.3584327],[114.2567743,22.3577593],[114.2568326,22.3576258],[114.2580293,22.3575402],[114.2590225,22.3580038],[114.2589737,22.3584413],[114.2573064,22.3602211],[114.2572233,22.3605945],[114.2570609,22.3606588],[114.2570376,22.360668],[114.2569645,22.3611818],[114.257518,22.3619208],[114.2578658,22.362702],[114.2586807,22.3632772],[114.2590405,22.3633591],[114.2591613,22.3631899],[114.2596681,22.3636103],[114.259615,22.3638564],[114.2597084,22.3641673],[114.2596998,22.3643737],[114.2597111,22.3644817],[114.2597335,22.3646285],[114.2599052,22.3649515],[114.260042,22.3650584],[114.2606416,22.3650534],[114.2606692,22.3653967],[114.2601622,22.3655542],[114.260245,22.3657414],[114.260613,22.366073],[114.2605404,22.3673156],[114.2600274,22.3679973],[114.2599943,22.3681804],[114.260267,22.3683347],[114.260825,22.3682621],[114.2616562,22.3679808],[114.2623541,22.3678208],[114.2627042,22.3674548],[114.2629133,22.3674459],[114.2628675,22.3681463],[114.2629078,22.368695],[114.2626778,22.3692869],[114.2627116,22.3694547],[114.2632468,22.369689],[114.2636023,22.3690489],[114.2640576,22.3692832],[114.2643157,22.3696083],[114.2641623,22.3699574],[114.2640607,22.3702031],[114.2637599,22.3705116],[114.2638615,22.3710893],[114.2639846,22.3712948],[114.2640216,22.3715178],[114.2637144,22.3716149],[114.2629921,22.3716467],[114.2630203,22.371804],[114.263776,22.3722235],[114.2641637,22.3722349],[114.2644125,22.371686],[114.2649561,22.37126],[114.2649834,22.3710632],[114.2655211,22.3711628],[114.2658436,22.3707305],[114.2662069,22.3706258],[114.2665744,22.3702046],[114.2671458,22.3703698],[114.2678369,22.3703496],[114.2678029,22.3699037],[114.2681654,22.3694894],[114.2685572,22.3681095],[114.2688471,22.3675507],[114.2690033,22.3675825],[114.269156,22.3671853],[114.2697768,22.3666158],[114.269963,22.3658459],[114.2700452,22.3655059],[114.2698371,22.3653272],[114.2697632,22.3648737],[114.2701125,22.3635188],[114.2697342,22.3626381],[114.2690483,22.362013],[114.2689466,22.3612553],[114.2680492,22.3608447],[114.2675443,22.3601133],[114.2672529,22.360308],[114.2662638,22.3600681],[114.2661219,22.3597685],[114.2656344,22.3598236],[114.2654526,22.3596742],[114.2654905,22.3591856],[114.2656363,22.3589541],[114.2653709,22.3578341],[114.2654874,22.357388],[114.2654201,22.3565995],[114.2656927,22.3563107],[114.2656441,22.3564908],[114.2658471,22.3566422],[114.265998,22.3572733],[114.2662009,22.357365],[114.2663812,22.3571332],[114.2671102,22.3578244],[114.2684374,22.3578039],[114.2686527,22.3576702],[114.2686676,22.3574182],[114.2695246,22.3572371],[114.2707295,22.3582137],[114.272006,22.3597158],[114.2723532,22.3598991],[114.2722291,22.358196],[114.2718812,22.3573714],[114.2718808,22.3573705],[114.2718798,22.3573696],[114.2715185,22.3570443],[114.2714143,22.3566684],[114.271414,22.3566674],[114.271414,22.3566666],[114.271498,22.3554346],[114.2717141,22.3550973],[114.2730805,22.3526037],[114.2736553,22.3519832],[114.2736852,22.3513964],[114.2738985,22.3511903],[114.2742609,22.351289],[114.2746861,22.3508245],[114.2750664,22.3506459],[114.2752371,22.3507252],[114.2752897,22.3516796],[114.2755119,22.3517951],[114.2756254,22.3523531],[114.2755885,22.3526471],[114.2753512,22.3528998],[114.2755739,22.3529646],[114.2758921,22.3533654],[114.2757595,22.3539443],[114.2760888,22.3543232],[114.2764758,22.3540681],[114.2768558,22.3543739],[114.2773735,22.3543397],[114.2779156,22.3547921],[114.2780539,22.3550934],[114.2778436,22.3557659],[114.2774754,22.3559577],[114.2774538,22.3562893],[114.2772846,22.3563527],[114.2773406,22.356884],[114.2771346,22.3568952],[114.2771841,22.3571983],[114.2769563,22.3572698],[114.2771843,22.3574358],[114.2772309,22.3580873],[114.2780051,22.3581153],[114.2786998,22.3587948],[114.27882,22.3592175],[114.278369,22.3597927],[114.278295,22.3601638],[114.2779206,22.3603812],[114.2776259,22.3603187],[114.2773067,22.3609449],[114.2769203,22.3610508],[114.2764862,22.3608484],[114.2764886,22.3606794],[114.276212,22.3606627],[114.2759918,22.3608284],[114.2760868,22.3610025],[114.2754756,22.3610801],[114.2752358,22.3610118],[114.274972,22.3612866],[114.2745911,22.3621213],[114.2746444,22.3624203],[114.2741863,22.3626906],[114.2741773,22.3632185],[114.2739776,22.3633301],[114.2739591,22.3636675],[114.2731918,22.3637394],[114.2725898,22.3643686],[114.2724977,22.3648164],[114.2727171,22.3661803],[114.2723504,22.3665767],[114.2723366,22.3665917],[114.2722415,22.3671811],[114.2717869,22.3679921],[114.2718302,22.3684154],[114.2715179,22.3700218],[114.2716843,22.3704392],[114.2720874,22.3710957],[114.272914,22.3719187],[114.273216,22.3724957],[114.2737444,22.3727695],[114.2738562,22.3729819],[114.2751467,22.3754323],[114.2741987,22.3759729],[114.2745839,22.3777583],[114.2743013,22.3780616],[114.2734221,22.3781028],[114.2731333,22.3776338],[114.2729124,22.3778342],[114.272486,22.377787],[114.2721561,22.3774944],[114.2719288,22.3774916],[114.2711422,22.3777493],[114.2707058,22.3777496],[114.2700033,22.37809],[114.2705476,22.3789837],[114.2707904,22.3789836],[114.2708585,22.3791641],[114.2715796,22.3790783],[114.2717583,22.3793093],[114.2725359,22.3796456],[114.274753,22.3820455],[114.2761546,22.3835649],[114.2770956,22.3836212],[114.2775138,22.384204],[114.2769366,22.3847014],[114.2763653,22.3856338],[114.2760644,22.3873532],[114.2760257,22.3875747],[114.276029,22.3878801],[114.2760793,22.3892233],[114.2766052,22.3901863],[114.2764517,22.3903432],[114.2765168,22.3915034],[114.2775877,22.3932059],[114.2775577,22.3940805],[114.2788491,22.3949025],[114.2796233,22.3947539],[114.280379,22.3939869],[114.2808396,22.3936185],[114.2805439,22.3932441],[114.280697,22.392564],[114.2809555,22.3924837],[114.2815953,22.3937748],[114.2825613,22.394608],[114.2827148,22.3952403],[114.2844491,22.3954046],[114.2853589,22.3961961],[114.2855681,22.3961669],[114.2857645,22.3957928],[114.2860056,22.3958838],[114.286152,22.3961723],[114.2863331,22.3961699],[114.286256,22.3957838],[114.2869012,22.3951771],[114.2870642,22.3952374],[114.2873064,22.3950287],[114.2875918,22.3943509],[114.2882006,22.3942918],[114.2888361,22.3940161],[114.2890321,22.393084],[114.2891211,22.3926896],[114.2891853,22.3925955],[114.2894088,22.3917922],[114.2904088,22.3897806],[114.2906454,22.3897166],[114.2909953,22.3892134],[114.2918693,22.3889242],[114.292753,22.3882743],[114.2936071,22.388157],[114.2945746,22.3884612],[114.2952676,22.3897365],[114.2953862,22.3903844],[114.2956887,22.3903312],[114.2958891,22.390747],[114.2966204,22.3907784],[114.2967559,22.3908126],[114.296962,22.3907868],[114.297023,22.3905493],[114.296936,22.3896406],[114.2966103,22.3891408],[114.2966199,22.3886288],[114.2969413,22.3884774],[114.2968705,22.3882894],[114.2971102,22.3881225],[114.2972021,22.3882229],[114.2976172,22.388114],[114.2981269,22.388314],[114.2981613,22.3883016],[114.2984865,22.3881848],[114.2985975,22.3879733],[114.2991375,22.387727],[114.2991531,22.3873628],[114.2995978,22.3865783],[114.299671,22.3859772],[114.2991548,22.3854927],[114.299067,22.3850283],[114.2985871,22.384729],[114.2985785,22.3841692],[114.2989194,22.3840749],[114.2993685,22.3842203],[114.2994857,22.384712],[114.2997744,22.3849377],[114.3011118,22.3849164],[114.3022392,22.3852726],[114.3024362,22.3855982],[114.3023999,22.3861732],[114.3017923,22.3868734],[114.301658,22.3881655],[114.3014523,22.3885885],[114.3017158,22.3886884],[114.3023439,22.3878061],[114.3024171,22.3874307],[114.303205,22.386392],[114.3044234,22.3858255],[114.3044893,22.3855339],[114.3042117,22.3845255],[114.3042483,22.3841677],[114.3044261,22.3840538],[114.3051517,22.3840904],[114.305914,22.3846269],[114.306023,22.3856645],[114.3063024,22.3859244],[114.3068247,22.3856575],[114.3070578,22.385835],[114.3075929,22.385726],[114.3075375,22.3853486],[114.3081178,22.3848539],[114.3082745,22.3848422],[114.3087358,22.3853307],[114.3095287,22.3852552],[114.30986,22.3849013],[114.3101241,22.3848604],[114.3104288,22.3855181],[114.3104667,22.3860262],[114.3099412,22.3862955],[114.309776,22.3865674],[114.3088288,22.3866506],[114.3086278,22.3869155],[114.3086852,22.3872424],[114.3083716,22.3871852],[114.3083718,22.3874001],[114.3087012,22.3876623],[114.3086893,22.388308],[114.3088276,22.3886081],[114.3079519,22.3883545],[114.3084383,22.3890283],[114.308371,22.3898634],[114.3088686,22.3897486],[114.3092955,22.3894567],[114.3093319,22.3897151],[114.3097323,22.3897961],[114.3100703,22.3900705],[114.3097176,22.3907635],[114.3098183,22.3922866],[114.3103563,22.3926189],[114.3111706,22.3926159],[114.3112812,22.3926843],[114.3121474,22.3928038],[114.3128116,22.3932034],[114.3133953,22.3930943],[114.3136449,22.3928107],[114.3141984,22.3928776],[114.3143113,22.3929303],[114.3146742,22.3930496],[114.315013,22.3933902],[114.3157903,22.3932978],[114.31575,22.3935464],[114.3163247,22.393723],[114.3167774,22.3943283],[114.3170728,22.3943367],[114.3171809,22.3940761],[114.3172873,22.3940421],[114.3175327,22.394028],[114.317809,22.393724],[114.3184357,22.3934866],[114.3190049,22.3937207],[114.3198371,22.3935684],[114.3200275,22.3936068],[114.3200273,22.3936059],[114.3209376,22.3937857],[114.3212943,22.395114],[114.3213982,22.3965535],[114.3218636,22.3973045],[114.3215476,22.3985167],[114.3220391,22.3988878],[114.322195,22.3987038],[114.3221565,22.3986722],[114.3217967,22.3983963],[114.322171,22.3974761],[114.3218567,22.3966988],[114.3222625,22.3965214],[114.3217267,22.3959789],[114.321053,22.3924216],[114.3209455,22.3923328],[114.3209238,22.3918874],[114.3206102,22.3917106],[114.3205339,22.3922275],[114.3203281,22.3924704],[114.3199106,22.3927739],[114.3197349,22.3927954],[114.3191083,22.3928722],[114.3187363,22.3924149],[114.3173987,22.3917988],[114.3170877,22.3911876],[114.3172779,22.3908988],[114.3172722,22.3908042],[114.3173711,22.3904772],[114.3177629,22.3906725],[114.3182578,22.3904694],[114.3181744,22.3900775],[114.3177011,22.3900779],[114.3175354,22.3898952],[114.3176148,22.389387],[114.3176322,22.3886495],[114.3185618,22.3884849],[114.3187689,22.3882885],[114.319439,22.3883564],[114.319753,22.3888416],[114.3202106,22.3887442],[114.3199387,22.388475],[114.3199726,22.3874413],[114.3194067,22.3872897],[114.3191023,22.3870193],[114.3189503,22.3855364],[114.3188122,22.3854111],[114.3183527,22.3842594],[114.3179863,22.383794],[114.3179512,22.3824189],[114.3180591,22.382262],[114.3184667,22.3821026],[114.3188726,22.3815895],[114.3192909,22.3815351],[114.3195052,22.3816603],[114.3195803,22.3823664],[114.319869,22.382653],[114.320247,22.3827364],[114.3204193,22.3827745],[114.3210002,22.3823878],[114.3212581,22.3823904],[114.321572,22.3827891],[114.3220664,22.3826958],[114.3223837,22.3827982],[114.3226324,22.3830181],[114.3227634,22.3834274],[114.3231707,22.3836802],[114.323082,22.3841721],[114.3233643,22.3842404],[114.3240929,22.3836143],[114.3228835,22.3824238],[114.3226457,22.3813289],[114.3232355,22.3811001],[114.3233837,22.3806987],[114.3243095,22.3799447],[114.3249612,22.3797496],[114.3254951,22.3792061],[114.3262814,22.3788227],[114.3277928,22.3785978],[114.3299922,22.377727],[114.3313743,22.3774173],[114.3323537,22.3766133],[114.3327563,22.3765356],[114.3329184,22.3766823],[114.3344514,22.3780688],[114.3348205,22.3787229],[114.335021,22.3787627],[114.3352781,22.3786028],[114.3354193,22.3781991],[114.3354188,22.3777334],[114.3353022,22.3774867],[114.3350981,22.3770551],[114.3351368,22.3769557],[114.3352753,22.3766981],[114.3346164,22.3748649],[114.3345238,22.3741966],[114.3344949,22.370727],[114.3342581,22.3705617],[114.334259,22.3705412],[114.3342672,22.3703445],[114.3347554,22.3696943],[114.3355292,22.3693573],[114.3359951,22.3689451],[114.3365951,22.3689648],[114.33685,22.3691103],[114.3370374,22.3686503],[114.3374543,22.3685122],[114.337501,22.3683641],[114.3363999,22.3680388],[114.3351711,22.3679744],[114.3347712,22.3676978],[114.3339203,22.3677213],[114.3333188,22.3680593],[114.3331276,22.367945],[114.3329488,22.3671735],[114.3327027,22.3670367],[114.3325211,22.3666199],[114.3325354,22.3659509],[114.3321541,22.3655854],[114.3320306,22.3651082],[114.3313423,22.3648429],[114.3310713,22.3642033],[114.3310309,22.3638462],[114.331273,22.3631683],[114.3317728,22.3623385],[114.3331449,22.3611149],[114.3337648,22.3604395],[114.334041,22.3601541],[114.3346116,22.3595734],[114.3349832,22.3591097],[114.3361715,22.3588373],[114.3366115,22.3598229],[114.3369162,22.3597849],[114.3373618,22.3596962],[114.3378277,22.359241],[114.3381867,22.358178],[114.3386651,22.3578372],[114.3391732,22.3576896],[114.3393952,22.3575455],[114.3397463,22.3572101],[114.3411066,22.3566432],[114.3415719,22.3557856],[114.3420652,22.3550408],[114.3418818,22.3541222],[114.3414076,22.3542528],[114.3404503,22.3548457],[114.339765,22.3548717],[114.3388821,22.3545953],[114.338176,22.3547939],[114.3379263,22.3544093],[114.3383853,22.3539152],[114.3392476,22.3535024],[114.3392973,22.3531957],[114.3388553,22.3522682],[114.3388949,22.3517809],[114.3393068,22.3512161],[114.3398218,22.3510499],[114.340156,22.3507349],[114.3407522,22.3502107],[114.340654,22.3497914],[114.3409998,22.3488228],[114.3412007,22.3486811],[114.3415477,22.3487435],[114.3417841,22.3483635],[114.3423015,22.3481449],[114.3421646,22.3479754],[114.34222,22.3477366],[114.3425579,22.347383],[114.3429285,22.3474792],[114.3429152,22.3472186],[114.3431636,22.3470078],[114.3439255,22.3470364],[114.3446209,22.3476133],[114.3451245,22.3494359],[114.3454599,22.3495943],[114.3452686,22.3499282],[114.3454082,22.3503268],[114.3460844,22.3504883],[114.3465956,22.3502502],[114.3469312,22.3505697],[114.3472263,22.3506257],[114.3477279,22.3501638],[114.3485925,22.350607],[114.3488341,22.3514928],[114.3491206,22.3515834],[114.3493561,22.3519398],[114.3492556,22.3531906],[114.3494222,22.3533791],[114.3494005,22.3538653],[114.3496376,22.3540578],[114.3502928,22.3541957],[114.3504844,22.3541587],[114.3509052,22.3542768],[114.351275,22.353804],[114.3517072,22.3536643],[114.3517409,22.3539077],[114.3511786,22.3543392],[114.3511912,22.3545428],[114.3516232,22.3547685],[114.3516649,22.3550307],[114.3517871,22.3547274],[114.3516716,22.3543611],[114.3520175,22.3540529],[114.3525942,22.3522821],[114.3526146,22.3517217],[114.353034,22.3513047],[114.3529053,22.3507698],[114.3535479,22.3502905],[114.3538203,22.3490101],[114.3543366,22.3484918],[114.3548021,22.3483106],[114.3550212,22.3479577],[114.3549351,22.3478059],[114.354642,22.3478597],[114.353311,22.3482748],[114.3528148,22.3481563],[114.3525949,22.3478654],[114.3519801,22.3478546],[114.3517984,22.3484266],[114.3516611,22.3484354],[114.3514786,22.3483591],[114.3514992,22.3480588],[114.3510552,22.3480736],[114.3509541,22.3478724],[114.3512975,22.3475153],[114.3513701,22.3471528],[114.3519821,22.3469795],[114.3521371,22.3472653],[114.3523751,22.347234],[114.3523435,22.3466708],[114.3527255,22.3460082],[114.3524004,22.345626],[114.3521814,22.3455836],[114.3521718,22.3453909],[114.3523116,22.3448638],[114.3524754,22.3448245],[114.3527546,22.3425793],[114.3533671,22.3422985],[114.3534825,22.3420769],[114.3537443,22.3422095],[114.3542266,22.34219],[114.3545563,22.3417633],[114.3542665,22.3414368],[114.3544042,22.3407952],[114.3543141,22.340468],[114.3547515,22.3396235],[114.3540936,22.3392221],[114.3547254,22.3380725],[114.3547125,22.3376249],[114.3548979,22.3375286],[114.3549587,22.337203],[114.3548211,22.3369528],[114.3548506,22.3363505],[114.3551398,22.3361689],[114.3557243,22.3362057],[114.355596,22.3359734],[114.3556718,22.335784],[114.3560186,22.3357123],[114.356061,22.3354942],[114.3562742,22.3353979],[114.3570256,22.3353913],[114.3575196,22.3357987],[114.3576446,22.3363249],[114.3581894,22.336333],[114.3587008,22.3362927],[114.3590473,22.336424],[114.3592146,22.3366862],[114.3594155,22.3385034],[114.3592696,22.338557],[114.3591975,22.3392619],[114.3588115,22.3396368],[114.3593171,22.339936],[114.3598292,22.3404388],[114.3598228,22.3407167],[114.3603049,22.341475],[114.3611022,22.3410777],[114.3614919,22.3411935],[114.3612519,22.3415844],[114.3608199,22.3418058],[114.3608232,22.3419617],[114.3612738,22.3422442],[114.3612308,22.3425124],[114.3609522,22.3427313],[114.3605439,22.3426184],[114.3602701,22.3427488],[114.3603262,22.3435697],[114.3598042,22.3445103],[114.3593842,22.3449129],[114.3591776,22.3453492],[114.3591117,22.345576],[114.3594622,22.3463966],[114.3596948,22.3469284],[114.359668,22.3476758],[114.3601311,22.348078],[114.3598395,22.348809],[114.3593417,22.349279],[114.3593359,22.3496173],[114.3592111,22.3496893],[114.3594576,22.349964],[114.3592756,22.3503014],[114.3594247,22.3503887],[114.3593964,22.3514196],[114.359518,22.3517417],[114.3604346,22.3522222],[114.3614941,22.352221],[114.3619044,22.351915],[114.3620227,22.3516313],[114.3632357,22.350806],[114.364075,22.3498938],[114.3643697,22.3492054],[114.365465,22.3492213],[114.3652617,22.3498078],[114.3655753,22.3498379],[114.365439,22.3501269],[114.3660114,22.3503644],[114.3665832,22.3500974],[114.3667016,22.3498706],[114.3670213,22.3498173],[114.3668144,22.3500741],[114.3672865,22.3502237],[114.3675,22.3507309],[114.3670254,22.3505841],[114.3673062,22.351059],[114.366752,22.3509975],[114.3670079,22.3513597],[114.3666616,22.3518756],[114.3648795,22.3525738],[114.3635983,22.352799],[114.3637422,22.3535773],[114.3638821,22.3536594],[114.3644967,22.3535085],[114.3647108,22.3540634],[114.3649996,22.3540683],[114.3649456,22.3543744],[114.364523,22.3546861],[114.3648123,22.3550159],[114.3652026,22.3551865],[114.3650818,22.355317],[114.3654652,22.3553349],[114.365563,22.3551399],[114.3654523,22.3550152],[114.3661086,22.3545065],[114.3662882,22.3546841],[114.366473,22.3541494],[114.3671757,22.3537689],[114.3673037,22.3537658],[114.3672524,22.3542164],[114.3676572,22.3539806],[114.3679313,22.3540683],[114.368296,22.3539091],[114.3683389,22.3541127],[114.369329,22.3540379],[114.3695948,22.3534433],[114.3694597,22.3532421],[114.3697732,22.3527889],[114.3701934,22.3524996],[114.3704217,22.3525534],[114.3707312,22.3518454],[114.3710385,22.3517823],[114.3712645,22.3519834],[114.3714293,22.352589],[114.3711434,22.3529547],[114.3713267,22.3530816],[114.3713084,22.3532801],[114.3709586,22.3535038],[114.3709774,22.3536315],[114.3713278,22.3538882],[114.3719155,22.3539842],[114.372764,22.3535045],[114.3734115,22.3534956],[114.3738955,22.3532828],[114.3740418,22.3535317],[114.3737535,22.3539054],[114.3742248,22.353902],[114.3742497,22.3540469],[114.3741317,22.3545251],[114.3737995,22.3550053],[114.3731743,22.3554234],[114.3734226,22.3557384],[114.374517,22.3557458],[114.3748087,22.355868],[114.3747104,22.3561486],[114.3751253,22.3559425],[114.3754756,22.35601],[114.3755128,22.3562759],[114.3751321,22.3563304],[114.3748589,22.3564771],[114.3748067,22.3566856],[114.3744073,22.3568057],[114.3744292,22.3572842],[114.3747362,22.3579932],[114.3753977,22.3578678],[114.3761748,22.3572873],[114.3763464,22.357218],[114.3768815,22.3573404],[114.3769342,22.3575],[114.3769462,22.3575976],[114.3769927,22.3577857],[114.377373,22.3578316],[114.3775922,22.3578877],[114.3777027,22.358351],[114.3770464,22.3591462],[114.3763037,22.3592783],[114.3757075,22.3597024],[114.3751118,22.359623],[114.374866,22.3597429],[114.3745435,22.3595093],[114.3745033,22.3593096],[114.3741405,22.3592467],[114.3740421,22.3594588],[114.3741392,22.3595522],[114.3745197,22.3599181],[114.3768532,22.3632723],[114.3769727,22.363444],[114.3771752,22.3632097],[114.3774549,22.3631577],[114.377947,22.3632692],[114.3778786,22.3630486],[114.3780695,22.3629316],[114.379252,22.3629243],[114.3800021,22.3631406],[114.3805066,22.363583],[114.3810686,22.3653709],[114.381017,22.3659714],[114.3807468,22.366046],[114.3809189,22.3663489],[114.3808306,22.3665889],[114.3803946,22.3669094],[114.3800994,22.3669295],[114.3794172,22.3666476],[114.3798081,22.3671244],[114.3798272,22.3673613],[114.3796801,22.3675537],[114.379446,22.3675534],[114.3794533,22.3678525],[114.3773684,22.3690397],[114.3759951,22.3692614],[114.3759584,22.3697917],[114.3757656,22.3698761],[114.3760769,22.3705609],[114.3757361,22.3706421],[114.3760186,22.3708386],[114.3756555,22.3709935],[114.3758018,22.3715903],[114.3756885,22.3718192],[114.3749822,22.3721859],[114.3748725,22.3727406],[114.3743208,22.373804],[114.3744837,22.3741783],[114.3749173,22.3739519],[114.3753443,22.3739229],[114.3759374,22.3742874],[114.3759905,22.3747937],[114.3757116,22.3753283],[114.3756621,22.3760908],[114.3763942,22.3761768],[114.3763761,22.3758377],[114.376378,22.3758384],[114.3769232,22.3760242],[114.3782498,22.3745378],[114.3792004,22.3738781],[114.3792525,22.3740667],[114.3794638,22.3738812],[114.3799042,22.3739887],[114.3800913,22.3738485],[114.3805433,22.3738392],[114.3807311,22.3741566],[114.3812161,22.374073],[114.38149,22.3743467],[114.3816202,22.3749841],[114.3815431,22.3769215],[114.3817245,22.3771442],[114.3818905,22.3772193],[114.3821337,22.3775712],[114.3820952,22.377797],[114.3821922,22.3777427],[114.3822115,22.3776253],[114.3820869,22.3773673],[114.381681,22.3768905],[114.3816871,22.3767784],[114.3820396,22.3767036],[114.3824742,22.3766113],[114.3822272,22.3763434],[114.3823742,22.3757033],[114.3828185,22.3746365],[114.3830451,22.3746246],[114.3829774,22.374436],[114.3831065,22.3743789],[114.3828232,22.3740535],[114.3829721,22.372979],[114.3835817,22.3718233],[114.3835757,22.3715753],[114.384195,22.3711204],[114.3843795,22.3709309],[114.3845855,22.3708963],[114.3855018,22.3694893],[114.3852433,22.3690582],[114.3853659,22.3687775],[114.3851901,22.3685153],[114.385411,22.3680005],[114.3856412,22.367869],[114.3859251,22.3669476],[114.3865876,22.3661297],[114.387331,22.3656433],[114.3877918,22.3656195],[114.388007,22.3659165],[114.3882772,22.3658273],[114.3881358,22.3656707],[114.3887315,22.365264],[114.3894677,22.3649715],[114.3897626,22.3650856],[114.3898803,22.3653026],[114.3893646,22.3657295],[114.3899453,22.3657798],[114.3894487,22.3664007],[114.3897931,22.3662771],[114.3902438,22.365805],[114.3905629,22.3658592],[114.3907595,22.3662294],[114.3907212,22.3664902],[114.3903004,22.3668676],[114.3897786,22.3669792],[114.3899722,22.3674319],[114.3896413,22.3678551],[114.391011,22.3673614],[114.3914597,22.3676465],[114.3914835,22.3689182],[114.3913305,22.3693046],[114.3910785,22.3694332],[114.3912548,22.3699876],[114.3908839,22.3708173],[114.3906631,22.3709314],[114.3900387,22.3705176],[114.390092,22.371075],[114.3899145,22.3717895],[114.3894729,22.3720642],[114.3894822,22.3724282],[114.3887336,22.3732625],[114.388355,22.3743437],[114.3881125,22.3745809],[114.3876119,22.3747331],[114.387637,22.375236],[114.3872256,22.3752656],[114.387272,22.3757765],[114.3869463,22.3759546],[114.3871034,22.376203],[114.3870394,22.3764057],[114.3864869,22.3768611],[114.3867878,22.3768462],[114.3867157,22.3771255],[114.386691,22.3772215],[114.3867953,22.3772806],[114.3871787,22.3768654],[114.3877349,22.3767677],[114.3880487,22.3770019],[114.3884476,22.3769642],[114.3882663,22.3767868],[114.3882934,22.3765812],[114.3885299,22.3764525],[114.3887172,22.3764837],[114.388598,22.3767196],[114.3891972,22.376774],[114.3900047,22.3764622],[114.3905622,22.377221],[114.39074,22.376715],[114.3908873,22.3767264],[114.390875,22.3768554],[114.3911734,22.3768091],[114.3912774,22.3770546],[114.3915205,22.3771687],[114.3915515,22.3774456],[114.3913463,22.3775835],[114.3914265,22.377789],[114.3918044,22.3778373],[114.3916819,22.3782143],[114.3913625,22.3783889],[114.3913756,22.3787582],[114.390816,22.3794779],[114.390959,22.3795044],[114.3910634,22.3796012],[114.391466,22.3794921],[114.3909108,22.3802669],[114.3912692,22.3802089],[114.3912922,22.3805614],[114.3904704,22.3813226],[114.3903103,22.3811771],[114.3900919,22.3812343],[114.3901293,22.3816459],[114.3898685,22.3817578],[114.3901327,22.381837],[114.3898629,22.382155],[114.3901525,22.3824862],[114.390637,22.3820877],[114.3910517,22.3821644],[114.3910676,22.3822962],[114.3905581,22.3827115],[114.3901895,22.38264],[114.3902822,22.3831898],[114.3900739,22.3837859],[114.3903518,22.384214],[114.390146,22.3848264],[114.3903122,22.3849005],[114.390285,22.3850695],[114.390141,22.3852091],[114.3903291,22.3853238],[114.3897451,22.3855789],[114.3901329,22.3856324],[114.3904493,22.3859403],[114.3906657,22.3865747],[114.3899417,22.3875989],[114.3905871,22.387429],[114.3907044,22.3877605],[114.3900813,22.3882496],[114.3896081,22.3882903],[114.3895066,22.3885135],[114.389713,22.3887083],[114.38932,22.3890108],[114.3888835,22.388955],[114.3886998,22.3892921],[114.3881714,22.3892242],[114.387424,22.3896828],[114.3870045,22.3897455],[114.3870935,22.390009],[114.3868327,22.3901522],[114.3869068,22.3904233],[114.3867104,22.3906268],[114.3860159,22.3905504],[114.3857168,22.3901217],[114.3851698,22.3897142],[114.3852275,22.3894168],[114.3844499,22.3893487],[114.3837179,22.3909436],[114.3831472,22.3913793],[114.3830246,22.3916344],[114.3826931,22.391712],[114.3824006,22.3915492],[114.3820097,22.3915584],[114.3814292,22.3917276],[114.3816728,22.3921988],[114.3813803,22.3936799],[114.3808641,22.3938798],[114.3809321,22.3942234],[114.3805029,22.3945497],[114.3802296,22.3951354],[114.3799445,22.39531],[114.3801041,22.3955328],[114.3796384,22.3961106],[114.378636,22.395998],[114.3775309,22.397022],[114.3769969,22.3969599],[114.3765179,22.3965209],[114.3767165,22.3974295],[114.3765591,22.3982461],[114.3762605,22.3981611],[114.3761933,22.3983331],[114.3758798,22.398319],[114.3757197,22.3981792],[114.3753401,22.3982633],[114.374856,22.3981483],[114.3743452,22.3977576],[114.3744404,22.3974834],[114.3742864,22.3972147],[114.3729577,22.3964649],[114.3717693,22.3951145],[114.3712188,22.3948295],[114.3706185,22.3942646],[114.3699804,22.3941932],[114.3700583,22.3943556],[114.3698389,22.394485],[114.3700754,22.3948279],[114.3705033,22.394936],[114.3706041,22.3946815],[114.3713329,22.3951261],[114.3715374,22.396275],[114.3718381,22.3960859],[114.371698,22.3967608],[114.3710658,22.397502],[114.3711217,22.3977731],[114.3714289,22.3977669],[114.371648,22.3981041],[114.3704685,22.3982321],[114.3696747,22.3981326],[114.3695043,22.3990979],[114.3692356,22.3994774],[114.3685187,22.3999137],[114.3682898,22.400643],[114.3680647,22.4007946],[114.3678678,22.4007147],[114.3677752,22.4010371],[114.3666647,22.4017991],[114.3668119,22.4019958],[114.3669372,22.4020175],[114.3670398,22.4016698],[114.3673829,22.4014185],[114.3678135,22.4011892],[114.3683787,22.4011769],[114.3686675,22.4009251],[114.3691095,22.4003985],[114.3697238,22.4002096],[114.370695,22.4003258],[114.3707565,22.4005487],[114.370611,22.4007395],[114.3713685,22.4005648],[114.371442,22.4004393],[114.3717589,22.4005899],[114.3721822,22.4005383],[114.3722538,22.4008094],[114.3719867,22.4009612],[114.3720515,22.4012869],[114.3731729,22.4011578],[114.3732627,22.4015508],[114.3739174,22.4017051],[114.3734454,22.4020548],[114.3741398,22.4022071],[114.3745611,22.4024755],[114.3740114,22.4027938],[114.3734252,22.4034031],[114.3740864,22.4037112],[114.3744149,22.4033217],[114.3746523,22.4033563],[114.3748973,22.4030668],[114.3751608,22.4030519],[114.3751495,22.4034381],[114.3745041,22.4036845],[114.3744462,22.4037961],[114.3746336,22.4038046],[114.3746128,22.4041362],[114.374155,22.4045136],[114.3743067,22.404971],[114.3747648,22.405176],[114.3750475,22.4054643],[114.3750541,22.4057186],[114.3749036,22.4057159],[114.3747661,22.4061022],[114.3741885,22.4061883],[114.3739272,22.4064],[114.3745768,22.4069247],[114.3745468,22.4073771],[114.3747742,22.4073995],[114.3748547,22.4077919],[114.3746091,22.4081395],[114.3738969,22.4083889],[114.3735958,22.4087719],[114.3738849,22.4089047],[114.3745157,22.4091941],[114.3751928,22.4101654],[114.3752792,22.4107506],[114.3740175,22.4115727],[114.3739392,22.4127388],[114.3735525,22.4131104],[114.3733754,22.4137162],[114.3731208,22.4138524],[114.3734186,22.4138021],[114.3736145,22.4131794],[114.3740286,22.4127898],[114.3740946,22.4117811],[114.3744058,22.4114514],[114.3752675,22.4108993],[114.3758989,22.410859],[114.3764421,22.4112068],[114.3775655,22.4102136],[114.3779519,22.409673],[114.3779241,22.4094925],[114.3782186,22.4092354],[114.3790916,22.4091769],[114.3791079,22.4101228],[114.3789303,22.4103663],[114.3790812,22.4106478],[114.3785439,22.4109127],[114.3785569,22.4112582],[114.3782345,22.4115988],[114.377921,22.411619],[114.377817,22.4118735],[114.3773652,22.4120912],[114.377396,22.412435],[114.3774026,22.4125087],[114.3786999,22.4147044],[114.3791012,22.4158415],[114.3791523,22.4159044],[114.3792583,22.4160352],[114.3788097,22.4163674],[114.3790789,22.4163862],[114.3792685,22.4166327],[114.3794406,22.4164409],[114.379643,22.4164923],[114.3797606,22.4170636],[114.3802861,22.4171912],[114.3803311,22.417262],[114.3805115,22.4175458],[114.3809109,22.4173368],[114.3809142,22.4175023],[114.3812123,22.4175762],[114.3815124,22.4174109],[114.38161,22.417074],[114.3818845,22.4168298],[114.3825973,22.416963],[114.3828536,22.417537],[114.3827646,22.4177798],[114.3830015,22.4178881],[114.3828337,22.4180672],[114.383285,22.418285],[114.3831866,22.4184883],[114.3833466,22.4185706],[114.3833438,22.4187994],[114.383993,22.4189385],[114.3840978,22.4192815],[114.3844579,22.4195505],[114.3843572,22.4198497],[114.384615,22.4197547],[114.3848583,22.4199629],[114.3848308,22.4203607],[114.385194,22.4206117],[114.3851796,22.4209891],[114.3847089,22.421161],[114.3849186,22.4212006],[114.3857979,22.4213664],[114.3860371,22.4213591],[114.386862,22.4208429],[114.3872035,22.4203402],[114.3884,22.4202109],[114.3892195,22.4198236],[114.3894837,22.4198518],[114.389496,22.4196804],[114.3899327,22.4197623],[114.3900555,22.4200566],[114.3904645,22.419948],[114.3911223,22.4200238],[114.3914512,22.4203207],[114.3924634,22.420565],[114.39324,22.4199095],[114.3930733,22.4195328],[114.3930936,22.4189411],[114.3933209,22.4189309],[114.3936344,22.4184775],[114.3945592,22.4183758],[114.3946661,22.4180418],[114.3949977,22.4179757],[114.3950988,22.4175412],[114.3948707,22.4170782],[114.3949,22.4162466],[114.3944167,22.4158698],[114.3957829,22.4148651],[114.3960077,22.4148793],[114.3963141,22.4142732],[114.3974544,22.4142113],[114.3976384,22.4140565],[114.3975457,22.413908],[114.3983815,22.4135614],[114.3981688,22.4133956],[114.3982506,22.4125697],[114.3983921,22.4124093],[114.3991657,22.4118484],[114.4006711,22.4116779],[114.4010311,22.4117831],[114.4009798,22.4125549],[114.4016562,22.4125482],[114.4017658,22.4119366],[114.4024293,22.4117097],[114.4027189,22.4119921],[114.4028171,22.4116894],[114.4033914,22.411497],[114.4035116,22.4116769],[114.4034503,22.4120538],[114.4044404,22.4121273],[114.4045117,22.4126301],[114.4041966,22.413533],[114.4050774,22.4125114],[114.4053078,22.4124798],[114.4055722,22.4126054],[114.4057041,22.4126877],[114.4053335,22.4133374],[114.4051244,22.4134004],[114.4050738,22.4141687],[114.4046593,22.4146414],[114.4038667,22.414991],[114.4036191,22.4155743],[114.4037699,22.4157425],[114.404022,22.4156312],[114.4043294,22.4157051],[114.404284,22.416211],[114.4043667,22.4163508],[114.4049271,22.4164929],[114.4048415,22.4168641],[114.4044361,22.4171852],[114.4039573,22.4173316],[114.40375,22.4169916],[114.4030774,22.4169925],[114.4026781,22.4172562],[114.4026138,22.4176732],[114.4029315,22.4183074],[114.4033163,22.4183725],[114.4036125,22.4188361],[114.4032995,22.4191733],[114.4033237,22.4194532],[114.4025957,22.419651],[114.4022669,22.4194343],[114.4015394,22.4203041],[114.4008756,22.4203851],[114.4007559,22.4205479],[114.4002922,22.4203859],[114.399791,22.4205608],[114.3996291,22.4208671],[114.3992843,22.4208501],[114.3988467,22.4217938],[114.3979646,22.4220865],[114.3974581,22.4224507],[114.3976363,22.4226299],[114.3974555,22.4228189],[114.3967763,22.4230509],[114.3970389,22.4235853],[114.3972845,22.4236675],[114.3974479,22.4239245],[114.3971329,22.4246026],[114.3975345,22.4250114],[114.3980068,22.4254579],[114.3977472,22.4263734],[114.3978671,22.426742],[114.3972012,22.4270803],[114.396641,22.426778],[114.3967555,22.4273004],[114.3968605,22.4277062],[114.3968303,22.4280035],[114.3962851,22.4284079],[114.3959742,22.4289338],[114.3949297,22.4292581],[114.3952164,22.4296636],[114.3958498,22.4300855],[114.3965758,22.4301588],[114.3964716,22.4306305],[114.3970866,22.4304891],[114.397468,22.4307093],[114.3979875,22.4305796],[114.3982219,22.4310793],[114.3985571,22.4313733],[114.3988683,22.4314419],[114.3985398,22.4318762],[114.3987012,22.4328137],[114.3986549,22.4331535],[114.3984558,22.433231],[114.3983224,22.4334478],[114.3988806,22.4336787],[114.3986656,22.433985],[114.3988751,22.4341624],[114.3991026,22.4342074],[114.3993685,22.433717],[114.3996184,22.4337613],[114.3998526,22.4341146],[114.40017,22.4341345],[114.4001588,22.4344301],[114.400437,22.43432],[114.4005053,22.4344598],[114.4002836,22.4345089],[114.4006534,22.4348655],[114.4005865,22.435257],[114.4012632,22.4357619],[114.4013036,22.4360138],[114.400883,22.4363082],[114.400603,22.4361571],[114.4003571,22.4363432],[114.3997478,22.4361298],[114.3988389,22.4361566],[114.3985611,22.4358597],[114.3982076,22.4358944],[114.3981311,22.4360803],[114.3976788,22.4360153],[114.3971651,22.4355271],[114.396781,22.4355137],[114.3967664,22.4345707],[114.3961973,22.4357258],[114.3956658,22.4358264],[114.3956942,22.4359602],[114.3957527,22.4362357],[114.3955099,22.4363957],[114.3955321,22.4369555],[114.3953017,22.4370592],[114.3950398,22.4369312],[114.3950411,22.4377854],[114.3947482,22.4378369],[114.3946487,22.4380972],[114.3947718,22.4385197],[114.3944249,22.4387891],[114.3939691,22.4381207],[114.3935879,22.4380184],[114.3934293,22.4376453],[114.3926114,22.4367225],[114.3919203,22.4369493],[114.3918494,22.4371776],[114.3920339,22.4372691],[114.3915036,22.4381101],[114.3921084,22.4394152],[114.3919305,22.4398841],[114.3924443,22.4401261],[114.392085,22.4404867],[114.3916609,22.4404675],[114.3914108,22.4399533],[114.3913208,22.4391045],[114.3907552,22.4388938],[114.3905943,22.4386368],[114.3902781,22.4386059],[114.38891,22.4384904],[114.38848,22.4387999],[114.3879697,22.4387802],[114.3870629,22.4385085],[114.3865051,22.4381567],[114.3858474,22.438175],[114.3845252,22.4378765],[114.3835829,22.4368028],[114.3821063,22.4360475],[114.3814854,22.4360256],[114.3799654,22.4362889],[114.3781235,22.4369096],[114.3776317,22.4371733],[114.3768947,22.437637],[114.3767044,22.4378486],[114.3766165,22.4383893],[114.3750415,22.4382455],[114.3747894,22.4379427],[114.3742575,22.4377407],[114.3738055,22.4379352],[114.3728926,22.4377337],[114.3719874,22.4367801],[114.371538,22.4365896],[114.370665,22.4367585],[114.3696886,22.4371998],[114.3693573,22.4374691],[114.3695086,22.4380118],[114.3688416,22.4403592],[114.3685036,22.4408085],[114.3681302,22.4418373],[114.3676488,22.4424691],[114.3675326,22.4433298],[114.3665156,22.4450262],[114.3664836,22.4450795],[114.3663139,22.446629],[114.3664372,22.4472165],[114.366789,22.4476721],[114.3676257,22.4479142],[114.3681208,22.4481866],[114.3682011,22.4484043],[114.3686622,22.4489095],[114.3691392,22.4491685],[114.369409,22.4496025],[114.3700729,22.4539894],[114.3696326,22.4545178],[114.3694917,22.4551469],[114.3688471,22.4557306],[114.368116,22.4560346],[114.3677966,22.4563608],[114.3672081,22.4572929],[114.3671065,22.4579161],[114.3665943,22.4584997],[114.3650271,22.4591357],[114.3636318,22.4594805],[114.3613399,22.4606549],[114.3609458,22.4607187],[114.3607894,22.4605905],[114.3608653,22.4603078],[114.361279,22.4601707],[114.3615283,22.4599649],[114.3614531,22.4596016],[114.3615223,22.45952],[114.3610451,22.4588319],[114.3610355,22.4586351],[114.3610653,22.4580433],[114.3607196,22.456923],[114.3607922,22.4560774],[114.3610283,22.455094],[114.3614421,22.4542875],[114.3617977,22.4539556],[114.3617611,22.4536734],[114.3618091,22.4531356],[114.3622638,22.4525834],[114.3619029,22.4517209],[114.3621636,22.4514628],[114.3621824,22.451438],[114.3622388,22.4513635],[114.362452,22.4509222],[114.3621656,22.4512996],[114.3620936,22.4513605],[114.3620623,22.4513869],[114.3617884,22.4516578],[114.360688,22.4514651],[114.3595919,22.4521382],[114.3589087,22.452287],[114.3585,22.4522277],[114.3579887,22.4514966],[114.3576626,22.4515254],[114.3573329,22.4511611],[114.356935,22.4497551],[114.3564185,22.4498411],[114.3555206,22.4491899],[114.3550957,22.4491509],[114.3548668,22.4494247],[114.3549217,22.4498572],[114.354725,22.450369],[114.3545408,22.4504691],[114.3539967,22.4504808],[114.3531784,22.4500816],[114.3526062,22.4495596],[114.3523099,22.4489653],[114.3524021,22.4487021],[114.353072,22.4484389],[114.3539843,22.4476429],[114.3541091,22.4470319],[114.3536521,22.4452689],[114.3533711,22.4448725],[114.3545981,22.444913],[114.3549827,22.4452523],[114.3550143,22.4455502],[114.3562386,22.445946],[114.3565584,22.4459404],[114.35661,22.4457174],[114.3563948,22.4454743],[114.356345,22.4451259],[114.3554514,22.4439266],[114.3550049,22.4425869],[114.3552894,22.4418003],[114.354907,22.4408066],[114.3559656,22.4396388],[114.3554575,22.4384681],[114.3544088,22.4371041],[114.3545626,22.4361771],[114.3542326,22.43508],[114.354419,22.4347656],[114.3551474,22.4343653],[114.355221,22.4337991],[114.3544367,22.4334596],[114.3541424,22.4331507],[114.3539731,22.4319027],[114.3541016,22.4312452],[114.3539872,22.4307024],[114.3545217,22.4300637],[114.3546524,22.4292447],[114.3542668,22.428593],[114.3537771,22.42855],[114.3535969,22.4283797],[114.3535959,22.4283795],[114.3535626,22.4283482],[114.3535682,22.4278679],[114.3537829,22.4277307],[114.3553573,22.4275147],[114.3555717,22.4271201],[114.355381,22.4269792],[114.3549544,22.4269739],[114.3547074,22.4268034],[114.3547134,22.4265723],[114.3554993,22.4257538],[114.3559758,22.4256418],[114.3561806,22.4251532],[114.3561712,22.4246527],[114.3556581,22.4248768],[114.3549571,22.4246802],[114.3548655,22.4248579],[114.3538657,22.4245524],[114.3537264,22.4240189],[114.3539757,22.4240837],[114.3544558,22.4234775],[114.3553268,22.4231984],[114.35564,22.4229559],[114.3560572,22.4222018],[114.3560962,22.4221314],[114.3559572,22.4222024],[114.3555993,22.4223851],[114.3554231,22.4222052],[114.3551659,22.4219425],[114.3541204,22.4219576],[114.3536199,22.4222723],[114.3534259,22.4220438],[114.3527958,22.4220764],[114.3527753,22.4220434],[114.3527282,22.4219679],[114.3527323,22.4219523],[114.3528722,22.421225],[114.3526256,22.42195],[114.3526003,22.4220397],[114.352097,22.4221421],[114.3515516,22.4226067],[114.3513055,22.4225867],[114.3507845,22.422206],[114.3506066,22.4215759],[114.3502536,22.4215048],[114.3502132,22.4216477],[114.3496017,22.4215798],[114.3493194,22.4216487],[114.3486375,22.4222725],[114.3485119,22.4226791],[114.3480109,22.4226616],[114.3479525,22.4228934],[114.3476297,22.4229878],[114.3475251,22.4227504],[114.3472977,22.4226908],[114.3473348,22.422912],[114.3468247,22.4230798],[114.3466621,22.4234348],[114.3469151,22.4234305],[114.3471341,22.423738],[114.3472565,22.4243081],[114.3471653,22.4247373],[114.3473131,22.4250688],[114.3483037,22.4256043],[114.3487703,22.425627],[114.3500158,22.4261686],[114.3509025,22.4263549],[114.3509817,22.4263906],[114.3509709,22.4264413],[114.3509219,22.4265364],[114.3504261,22.427106],[114.3496303,22.4275493],[114.3493931,22.428326],[114.349364,22.4284212],[114.3494878,22.4290099],[114.349341,22.4294671],[114.3495995,22.4299215],[114.3495725,22.4303332],[114.3493547,22.4304879],[114.3489417,22.4324424],[114.3482816,22.4330459],[114.3476864,22.4341324],[114.34744,22.4349137],[114.3471257,22.4353048],[114.3470066,22.4359739],[114.3470379,22.4365656],[114.3475369,22.4370081],[114.3476291,22.4373332],[114.3471262,22.4383349],[114.3466659,22.4388893],[114.3463769,22.4390551],[114.3459527,22.4390358],[114.3445157,22.4382975],[114.3439351,22.4379834],[114.3434175,22.4371379],[114.3428606,22.4368469],[114.342684,22.43599],[114.3425183,22.4358328],[114.3423553,22.4358789],[114.3423152,22.435739],[114.3421912,22.4349906],[114.3422978,22.4342896],[114.3420424,22.433784],[114.342042,22.433424],[114.342355,22.4329638],[114.3419452,22.4324009],[114.3420774,22.4322214],[114.3420689,22.4321016],[114.3420463,22.4317841],[114.341732,22.4312183],[114.3412694,22.4308924],[114.3406406,22.4310452],[114.3395548,22.4308622],[114.3395127,22.4312263],[114.3392545,22.4315582],[114.3383202,22.4317078],[114.3380809,22.4316279],[114.3379323,22.4310793],[114.3384924,22.4293099],[114.3392697,22.4290559],[114.3396877,22.4286258],[114.3404995,22.428945],[114.3406684,22.4286393],[114.341489,22.4285723],[114.3415313,22.4283529],[114.3415375,22.4283208],[114.3406827,22.4280331],[114.3400868,22.428065],[114.3399507,22.4275966],[114.3397698,22.4277599],[114.3388631,22.4279635],[114.3378649,22.4284935],[114.3375201,22.4284909],[114.3366033,22.4281121],[114.3359178,22.4277347],[114.3354379,22.4276011],[114.3350183,22.4277503],[114.3349534,22.4277734],[114.334802,22.4277405],[114.3345598,22.4276879],[114.3345106,22.4277272],[114.3339451,22.4281803],[114.3332258,22.4284319],[114.3334691,22.4286778],[114.3333032,22.4289004],[114.3346128,22.4287307],[114.3352971,22.4289734],[114.3356725,22.429698],[114.3359331,22.4302009],[114.3366035,22.4309319],[114.3367852,22.4314602],[114.3369699,22.4333867],[114.3371572,22.433343],[114.3372125,22.433106],[114.33736,22.433143],[114.3369195,22.4352212],[114.3368953,22.4353524],[114.3367109,22.435769],[114.3355477,22.4368485],[114.3349148,22.4372893],[114.334537,22.4373791],[114.3338964,22.438501],[114.3337237,22.438662],[114.3334179,22.4386747],[114.3333267,22.4387083],[114.3330542,22.4391319],[114.3326343,22.4392676],[114.3326021,22.4392722],[114.3325369,22.439267],[114.3322442,22.4392434],[114.3322707,22.4393729],[114.3326208,22.4393894],[114.3332911,22.4392977],[114.3332695,22.4395318],[114.33279,22.439743],[114.3329689,22.4399589],[114.3336142,22.4400082],[114.3343993,22.4409621],[114.334716,22.4409443],[114.3348024,22.441155],[114.3350873,22.4406275],[114.3352628,22.4405925],[114.335601,22.4408668],[114.3368216,22.4408685],[114.3370552,22.4407823],[114.3371958,22.4402677],[114.3378509,22.4401614],[114.3381582,22.4401349],[114.3388914,22.4405041],[114.3392595,22.4411715],[114.3397028,22.4415369],[114.3403671,22.4417819],[114.3410225,22.4434739],[114.3415601,22.4443502],[114.3414429,22.444524],[114.3415645,22.4453647],[114.3413869,22.446262],[114.3411386,22.446559],[114.3412818,22.4467273],[114.3411602,22.4469022],[114.3397708,22.4473321],[114.3391385,22.4478014],[114.3386281,22.4478135],[114.3378288,22.4480716],[114.3378482,22.4486656],[114.338433,22.4492312],[114.3388645,22.4501744],[114.3382452,22.4521633],[114.3373984,22.4534817],[114.3370792,22.4535192],[114.3369689,22.4537876],[114.3372406,22.4553308],[114.3377024,22.4554645],[114.3382336,22.4566677],[114.338326,22.4577535],[114.3385295,22.458093],[114.3384925,22.458553],[114.3387799,22.4596386],[114.3379434,22.461817],[114.337895,22.4626259],[114.3383502,22.4629483],[114.3391994,22.4631136],[114.3401274,22.4627723],[114.3405942,22.4623062],[114.3411478,22.4623224],[114.3415604,22.461494],[114.3418857,22.4612927],[114.3430521,22.4612689],[114.3439158,22.4604997],[114.3447612,22.4605354],[114.3451119,22.4607412],[114.3456506,22.4614293],[114.3463916,22.4613798],[114.3466929,22.4615281],[114.3467801,22.4623683],[114.3470821,22.4625509],[114.3473473,22.4634009],[114.3469139,22.4644733],[114.3462001,22.4649801],[114.3456572,22.4665896],[114.3455058,22.4676656],[114.3450614,22.4682763],[114.3444877,22.4685611],[114.3443818,22.4692665],[114.3436514,22.4703904],[114.3436976,22.4709492],[114.3438153,22.4715042],[114.34419,22.4720259],[114.3439791,22.4729564],[114.3435075,22.4743638],[114.3433146,22.4745693],[114.3429493,22.4752745],[114.3429849,22.4761648],[114.3425712,22.4772782],[114.3421876,22.478303],[114.3417087,22.4786337],[114.3412078,22.47872],[114.3404029,22.4778659],[114.3398807,22.4766574],[114.3394844,22.4761472],[114.3392833,22.4753099],[114.3386722,22.4748945],[114.3381985,22.4749946],[114.3375995,22.4744437],[114.3376111,22.4742288],[114.3378905,22.4740049],[114.3384498,22.4739998],[114.3386727,22.4732814],[114.3392778,22.4726954],[114.3396182,22.4713937],[114.3393199,22.4702378],[114.3388459,22.4696226],[114.3384971,22.4688386],[114.33854,22.467917],[114.3382938,22.4672933],[114.3378386,22.4667133],[114.3367858,22.4667369],[114.3362867,22.4662378],[114.3365815,22.4647502],[114.3370843,22.4634114],[114.3371076,22.4630216],[114.3359885,22.4623537],[114.3357281,22.4624405],[114.335743,22.4629114],[114.3349498,22.4632119],[114.3347617,22.4625605],[114.3340326,22.4620694],[114.3332359,22.4619157],[114.3330361,22.462068],[114.3329018,22.462571],[114.3328351,22.4632737],[114.3330539,22.4634154],[114.3329664,22.4635879],[114.3319079,22.4638869],[114.3314167,22.4637363],[114.3310216,22.4634173],[114.3307061,22.4628514],[114.3305221,22.4620902],[114.3301151,22.4618304],[114.3301267,22.4615987],[114.3297891,22.4613964],[114.3298196,22.4612477],[114.3291676,22.4612538],[114.3290534,22.4614686],[114.3287986,22.4611801],[114.3281904,22.4614379],[114.3277959,22.461242],[114.3276573,22.4606696],[114.3266425,22.4605538],[114.3271418,22.4611875],[114.3267757,22.4612738],[114.3271338,22.4619296],[114.3268628,22.4626104],[114.3268883,22.4630848],[114.3271226,22.463421],[114.3274088,22.464371],[114.3275924,22.4651652],[114.3279617,22.4657981],[114.3284773,22.4660869],[114.3285853,22.4668008],[114.3283769,22.4678543],[114.3286087,22.4683872],[114.329056,22.4685406],[114.3288168,22.4698334],[114.3293045,22.4708229],[114.3296906,22.4709943],[114.3303886,22.4708807],[114.3309402,22.4706515],[114.3310445,22.4702469],[114.3315273,22.47033],[114.3308608,22.4712636],[114.331163,22.4720049],[114.3312273,22.472909],[114.3309526,22.4734371],[114.3301031,22.474069],[114.3296093,22.4738771],[114.3290389,22.4727751],[114.3285908,22.4723375],[114.3284781,22.4713926],[114.3282689,22.4711853],[114.3279018,22.4711425],[114.3273181,22.4714121],[114.3262733,22.4715912],[114.3261002,22.4713792],[114.325182,22.4711799],[114.3251348,22.4713847],[114.3238691,22.4723869],[114.3236876,22.4731282],[114.3232622,22.473196],[114.3230574,22.4734084],[114.3228748,22.4749729],[114.3234839,22.4758508],[114.3236985,22.4764769],[114.3236649,22.4769517],[114.3231508,22.4781272],[114.3222736,22.4793278],[114.3221266,22.4800126],[114.3219031,22.4803337],[114.3212785,22.4802663],[114.3207997,22.4793498],[114.3204807,22.4780616],[114.3205281,22.4770992],[114.3204112,22.4767287],[114.3202045,22.4766205],[114.319307,22.4767834],[114.3177862,22.4772508],[114.3168928,22.4771818],[114.316361,22.476983],[114.314487,22.4750662],[114.3140129,22.47374],[114.3137821,22.4731506],[114.3134099,22.473015],[114.3132168,22.4725909],[114.3126618,22.4719655],[114.312172,22.4717258],[114.3121383,22.4716368],[114.311186,22.4713588],[114.3096199,22.4713982],[114.3084162,22.470755],[114.3081375,22.470218],[114.3076782,22.4692504],[114.3070998,22.4689658],[114.3055221,22.4676304],[114.3050978,22.466148],[114.3051919,22.4652888],[114.3045814,22.4649326],[114.3045074,22.4645217],[114.3048136,22.4638432],[114.304825,22.4634402],[114.3036924,22.4623905],[114.3026349,22.4626375],[114.3024531,22.4626748],[114.3022634,22.4629804],[114.302121,22.4629387],[114.3021002,22.4627233],[114.3029385,22.4619654],[114.3030644,22.4615513],[114.3028117,22.4613279],[114.3027994,22.4608315],[114.3031924,22.4600821],[114.303786,22.4595288],[114.3037873,22.4589214],[114.3040488,22.4586012],[114.3035373,22.4574153],[114.3037245,22.4571497],[114.3033612,22.4568643],[114.3034531,22.4561726],[114.3031268,22.4553437],[114.3025232,22.4551699],[114.3019454,22.4546158],[114.3018986,22.4546097],[114.3015818,22.4545679],[114.3014104,22.4543509],[114.3008931,22.4542769],[114.3007551,22.4544228],[114.3007095,22.4543935],[114.3002169,22.4540771],[114.2998639,22.454112],[114.2995656,22.4543749],[114.2996705,22.4550177],[114.2999207,22.4553113],[114.2999778,22.4556893],[114.2996961,22.4563753],[114.2996074,22.4564811],[114.2991152,22.4565389],[114.2980721,22.4560537],[114.2971455,22.4559899],[114.2967261,22.4556917],[114.2951019,22.4558613],[114.2947424,22.4554993],[114.2932607,22.4579485],[114.2927984,22.457975],[114.2925156,22.4582667],[114.2921008,22.4582583],[114.2917988,22.4579954],[114.2924282,22.4568754],[114.2924773,22.4564834],[114.2919447,22.4561093],[114.2916213,22.4548267],[114.2920813,22.4536662],[114.2916632,22.4533576],[114.2914681,22.4524176],[114.2917231,22.4517972],[114.2921008,22.4515542],[114.2923311,22.4505169],[114.2919525,22.4504028],[114.2915247,22.4498201],[114.2907484,22.4496392],[114.2904362,22.4495665],[114.2903621,22.4491293],[114.2898551,22.4493387],[114.2894895,22.4500155],[114.2888612,22.4524856],[114.2874141,22.4530011],[114.2867811,22.4536472],[114.286292,22.4536702],[114.285837,22.4533964],[114.285901,22.4530248],[114.2854635,22.4520077],[114.2848493,22.4518908],[114.2832745,22.4512002],[114.2826126,22.4507861],[114.2824837,22.4505097],[114.2811789,22.4490983],[114.2810059,22.4483412],[114.2803322,22.4470897],[114.2796322,22.4465921],[114.2793846,22.4464161],[114.2792287,22.4459447],[114.2782272,22.4450491],[114.2781236,22.4449565],[114.2774469,22.444731],[114.2772527,22.4440738],[114.2776091,22.4436224],[114.2776607,22.4433024],[114.2781858,22.4428874],[114.2785432,22.4430161],[114.2783533,22.4438791],[114.2785716,22.4442791],[114.2786287,22.4442612],[114.2794228,22.4440126],[114.2801825,22.4440551],[114.280459,22.4437117],[114.2812302,22.4434116],[114.2816207,22.4434508],[114.2821188,22.4438192],[114.2827273,22.4438304],[114.2837753,22.4435899],[114.2837832,22.4435161],[114.2839436,22.4420018],[114.2839558,22.4418866],[114.2835316,22.4417958],[114.2832729,22.4416984],[114.282529,22.4409329],[114.2816272,22.4404301],[114.2813838,22.4399273],[114.2813344,22.4389901],[114.2819054,22.4382128],[114.2821385,22.4375954],[114.2821717,22.4368323],[114.2824515,22.4360006],[114.2829798,22.4357889],[114.2834929,22.4353483],[114.2834789,22.4333305],[114.2837118,22.4324505],[114.2841348,22.4317598],[114.2851092,22.4309746],[114.2852689,22.4305977],[114.2855149,22.4305632],[114.2855269,22.4299227],[114.2858888,22.4294028],[114.2866578,22.4295219],[114.2878605,22.4291053],[114.2885384,22.4293092],[114.2888273,22.4289664],[114.2894822,22.4286053],[114.2897426,22.4284617],[114.2895084,22.4284869],[114.2889003,22.4281232],[114.2884758,22.4276746],[114.2883762,22.4265261],[114.2885208,22.4260881],[114.288177,22.4265343],[114.2880626,22.4263631],[114.2877647,22.4264324],[114.287411,22.4262637],[114.2872816,22.4260524],[114.2873705,22.4256122],[114.2875675,22.4254732],[114.2876383,22.4254233],[114.2875788,22.4252346],[114.2854487,22.4249131],[114.2849446,22.4244519],[114.2845905,22.424128],[114.2842775,22.4232363],[114.2838691,22.4233324],[114.2835311,22.4231874],[114.2833411,22.4230279],[114.2833328,22.4227457],[114.2827452,22.422206],[114.2819367,22.4217292],[114.2806878,22.4213642],[114.2805065,22.4210873],[114.279313,22.4203535],[114.2789835,22.4198822],[114.2785969,22.4198569],[114.2783649,22.4195202],[114.2763097,22.4190476],[114.276159,22.4187696],[114.2758635,22.4186925],[114.2757821,22.4166236],[114.2752743,22.4156175],[114.275339,22.4152952],[114.2751195,22.4151198],[114.2743891,22.4153472],[114.2743696,22.4152931],[114.2750979,22.4150578],[114.2753164,22.4142517],[114.2756141,22.4139949],[114.2760393,22.4131706],[114.2760713,22.4131084],[114.2755852,22.4119311],[114.2756281,22.4117081],[114.2759353,22.4115314],[114.2759107,22.411205],[114.2764465,22.4094307],[114.2762284,22.4091759],[114.2759524,22.409273],[114.2746181,22.4115374],[114.274381,22.4119135],[114.2743006,22.412041],[114.2742794,22.4130236],[114.2734465,22.4133841],[114.2720923,22.414954],[114.2716596,22.4151575],[114.2708302,22.4161294],[114.2706576,22.4161944],[114.2703139,22.4163237],[114.2698138,22.4184615],[114.2683207,22.4188596],[114.2676855,22.4207663],[114.2678088,22.4212326],[114.2683683,22.4209831],[114.2692597,22.421194],[114.2698441,22.4218458],[114.2703664,22.4219767],[114.2708558,22.4224996],[114.2711798,22.4241533],[114.2709709,22.4246882],[114.2712974,22.4253709],[114.2710579,22.4258455],[114.2712122,22.4268738],[114.2707854,22.4274716],[114.2708625,22.4279204],[114.2706294,22.4285947],[114.2707903,22.4301434],[114.2703353,22.4306064],[114.2700408,22.4311757],[114.2694266,22.4317045],[114.2690451,22.4319445],[114.2689873,22.4324137],[114.2691073,22.432571],[114.2687965,22.432944],[114.2686914,22.4336032],[114.2680141,22.4343259],[114.2677125,22.4335346],[114.2671958,22.4332521],[114.2671696,22.4332625],[114.2662434,22.4336301],[114.2652652,22.4336161],[114.2645046,22.4338413],[114.2640972,22.4337195],[114.2638759,22.4334194],[114.2633963,22.4335544],[114.2629412,22.433046],[114.2616956,22.4327614],[114.261192,22.4327001],[114.2610954,22.4324175],[114.2608922,22.4324541],[114.2605495,22.432241],[114.2599987,22.4323528],[114.2597959,22.4321385],[114.2596973,22.4324847],[114.2593946,22.4326282],[114.2586012,22.4322963],[114.2581455,22.4324266],[114.2576127,22.4323586],[114.257377,22.4321877],[114.2567269,22.4309244],[114.2564603,22.430903],[114.2559907,22.431248],[114.2560158,22.4316006],[114.2554489,22.4328255],[114.2549642,22.4331078],[114.2545481,22.4330955],[114.2543966,22.433115],[114.254091,22.4336272],[114.2540945,22.4336884],[114.2541306,22.4343086],[114.2541369,22.4344172],[114.2530214,22.4343172],[114.252208,22.4339015],[114.2510151,22.4330004],[114.2504433,22.433155],[114.2499434,22.4331125],[114.2472137,22.4320081],[114.2468661,22.4319967],[114.2461531,22.4308775],[114.2456706,22.4306361],[114.2453188,22.430805],[114.2450741,22.4306819],[114.244271,22.4315429],[114.2438362,22.4323488],[114.2436625,22.4331152],[114.24415,22.4333271],[114.2446346,22.4338569],[114.2453253,22.4338202],[114.2453322,22.4340346],[114.2457259,22.4343789],[114.2476945,22.4349519],[114.2476055,22.4360085],[114.2474365,22.4361842],[114.2463365,22.4358079],[114.2459011,22.4354902],[114.2444882,22.4358162],[114.2434255,22.4367824],[114.2428686,22.4370774],[114.2416763,22.4373853],[114.2410522,22.4374243],[114.2398577,22.4369699],[114.238286,22.4368728],[114.2371349,22.4361543],[114.237042,22.4356735],[114.2375118,22.4351728],[114.2388779,22.4343302],[114.2392054,22.4338978],[114.2393467,22.4328915],[114.2391678,22.4319599],[114.2389288,22.4312451],[114.2386117,22.4310736],[114.2373557,22.4306579],[114.2367263,22.4300253],[114.2358595,22.429539],[114.2357418,22.429179],[114.2354527,22.4290519],[114.2351908,22.4285764],[114.2336161,22.4271228],[114.2314432,22.4282205],[114.2282608,22.4277962],[114.2278739,22.4274206],[114.2259914,22.4252972],[114.2244096,22.422527],[114.2237301,22.4204807],[114.2221626,22.4142186],[114.2213087,22.4108917],[114.2208154,22.4096127],[114.2191925,22.4070012],[114.2195782,22.4064621],[114.2203123,22.4058868],[114.220951,22.4054238],[114.2210109,22.4053796],[114.2229091,22.4039787],[114.2250525,22.4031441],[114.2257386,22.402699],[114.2256252,22.4025854],[114.2248542,22.4030765],[114.2231713,22.4036821],[114.2217171,22.4046067],[114.2213382,22.4047229],[114.2210892,22.4047993],[114.2209018,22.4048958],[114.2206886,22.4050086],[114.2203119,22.4053074],[114.2201369,22.4054539],[114.2198103,22.405725],[114.2192651,22.4061736],[114.2186515,22.4064437],[114.218244,22.4061128],[114.2181909,22.406057],[114.2179404,22.4057939],[114.20428,22.3916938],[114.2040013,22.3909843],[114.20427,22.389716],[114.2104436,22.3841515],[114.211057,22.3835659],[114.2117053,22.3832977],[114.2117103,22.3831498],[114.2108844,22.3832582],[114.210869,22.3831739],[114.2110159,22.3830034],[114.2111387,22.3828453],[114.2112872,22.3824285],[114.2111808,22.3824009],[114.2111787,22.3824217],[114.2109213,22.3828426],[114.2103775,22.3834463],[114.2103117,22.3835107],[114.2039587,22.389301],[114.203791,22.3894597],[114.2034107,22.3903105],[114.2031269,22.3905038],[114.199838,22.3871093],[114.1939514,22.3810331],[114.191933,22.3789495],[114.1903251,22.3775387],[114.1886041,22.37683],[114.188272,22.3767],[114.1872945,22.3763173],[114.1872624,22.3763038],[114.1847592,22.3752229],[114.1822941,22.3739114],[114.1815335,22.373916],[114.1809157,22.3742373],[114.1810917,22.3745304],[114.1811979,22.3744772],[114.1819368,22.3745373],[114.1832189,22.3753701],[114.1843716,22.3758741],[114.1868231,22.3768892],[114.187072,22.376999],[114.1871222,22.3770212],[114.1882899,22.3775366],[114.1889984,22.3780734],[114.1927544,22.3820261],[114.1985926,22.3881694],[114.2011104,22.3908186],[114.1999264,22.3918711],[114.1985192,22.3930541],[114.1976883,22.3937387],[114.197521,22.3938826],[114.19767,22.3941157],[114.1978033,22.3939976],[114.1986161,22.3933008],[114.2001034,22.3920535],[114.201337,22.391057],[114.2166975,22.4072158],[114.2173765,22.4079299],[114.2162735,22.4089104],[114.2155812,22.4094781],[114.2154777,22.4095651],[114.2136703,22.4110673],[114.2136241,22.4120992],[114.2136256,22.4120995],[114.213881,22.412152],[114.2147608,22.4147755],[114.2152716,22.4146443],[114.2152716,22.4148542],[114.2147608,22.4150641],[114.214477,22.4162709],[114.2141648,22.4164807],[114.2140057,22.4163419],[114.213995,22.416351],[114.2140652,22.4164641],[114.2142568,22.4170681],[114.2142344,22.4171721],[114.214614,22.4184764],[114.21459,22.4193006],[114.2145197,22.4205668],[114.2144677,22.4215026],[114.214694,22.4215462],[114.2149331,22.4222647],[114.2151125,22.4242542],[114.2146342,22.4259674],[114.1971173,22.4385668],[114.1968731,22.438289],[114.1964804,22.4386051],[114.1947036,22.4395664],[114.1936604,22.439926],[114.1921408,22.4399859],[114.1899805,22.4394715],[114.1885779,22.4393895],[114.188437,22.4392568],[114.1884406,22.4389554],[114.1888228,22.4387977],[114.1902527,22.4389155],[114.1907544,22.4378015],[114.1907978,22.4377052],[114.1907314,22.4377102],[114.1897503,22.4377845],[114.1883776,22.4382966],[114.1883419,22.4382704],[114.1882587,22.4382091],[114.1879667,22.4383697],[114.187833,22.4384432],[114.1878525,22.4384962],[114.1880402,22.4390038],[114.1880915,22.4391618],[114.1881323,22.4392873],[114.1879611,22.4395577],[114.1870553,22.4396485],[114.1857877,22.4401948],[114.1856211,22.4403861],[114.1855428,22.4410276],[114.1853177,22.4406092],[114.1851883,22.4405957],[114.1851405,22.4405907],[114.1851385,22.4405919],[114.1834693,22.4415993],[114.1833686,22.4416791],[114.1833102,22.4416837],[114.1824242,22.4422201],[114.1822284,22.4421981],[114.1791876,22.4440673],[114.1781493,22.4450284],[114.1790073,22.4452284],[114.1794524,22.4452931],[114.1794643,22.4457075],[114.1792883,22.4460618],[114.178855,22.446371],[114.1780908,22.446408],[114.1776892,22.4466762],[114.1776233,22.4475072],[114.1780324,22.4481644],[114.1769709,22.4488111],[114.1769431,22.4488227],[114.1750283,22.4497492],[114.1739238,22.4502265],[114.1734587,22.4501623],[114.1729546,22.4498241],[114.1725578,22.4492844],[114.1725231,22.4483728],[114.1727295,22.4474818],[114.1727162,22.4466265],[114.1724964,22.4445913],[114.1721535,22.4445899],[114.1723262,22.4467027],[114.1723278,22.447591],[114.1721339,22.4483785],[114.1721618,22.4492023],[114.1725778,22.4500555],[114.1727518,22.4504131],[114.1720927,22.4504496],[114.1695554,22.4504376],[114.1673576,22.4504285],[114.1658944,22.4503851],[114.1649776,22.4501354],[114.1640399,22.449831],[114.1626797,22.4493895],[114.1625562,22.4495561],[114.1625467,22.4495691],[114.1634509,22.4500554],[114.1648883,22.4504244],[114.1658701,22.4506995],[114.1673959,22.4507702],[114.1695554,22.4507679],[114.1721694,22.4507749],[114.1741583,22.4507529],[114.1760739,22.4497936],[114.1770219,22.4495052],[114.1793742,22.449348],[114.1802602,22.4495144],[114.1808472,22.4501715],[114.1811239,22.451387],[114.181372,22.4518193],[114.1820298,22.4523787],[114.1825471,22.4525428],[114.1865936,22.4525172],[114.1928591,22.4509354],[114.1930425,22.4507718],[114.1934118,22.4510677],[114.1931967,22.4513949],[114.1937595,22.4518433],[114.1962187,22.4522273],[114.1973809,22.4529051],[114.1978292,22.4533836],[114.1981743,22.454348],[114.1983235,22.457391],[114.1983939,22.4574105],[114.19951,22.4577186],[114.1996362,22.4579983],[114.1994504,22.4583214],[114.2006948,22.4592864],[114.2007551,22.4595453],[114.2010567,22.4593857],[114.2019049,22.4596879],[114.2032063,22.4597905],[114.2031477,22.4589583],[114.2042048,22.4592997],[114.2054778,22.4571143],[114.2065182,22.4575221],[114.2071915,22.4571504],[114.2077939,22.4564723],[114.2083324,22.4564838],[114.2088585,22.4567975],[114.2114554,22.4532992],[114.2116097,22.4533587],[114.211583,22.4535038],[114.2092875,22.4566587],[114.2098752,22.4570412],[114.2106244,22.4569722],[114.2116573,22.4571859],[114.2133764,22.4568352],[114.2135616,22.4563416],[114.2136939,22.4556771],[114.2132554,22.4554858],[114.2133095,22.4553863],[114.2138045,22.4555718],[114.2140463,22.4552152],[114.2141443,22.4544366],[114.2128781,22.4534798],[114.2126679,22.4528087],[114.2119032,22.4520931],[114.2118672,22.4520594],[114.211381,22.4509752],[114.210589,22.4505055],[114.2097191,22.4497377],[114.2099912,22.4494337],[114.2105359,22.4496183],[114.2112341,22.449219],[114.2120991,22.4492724],[114.2124258,22.4491055],[114.2125026,22.4488612],[114.2127269,22.4489088],[114.2128871,22.4490637],[114.2137969,22.4490158],[114.2148285,22.4492241],[114.2151856,22.4490568],[114.2155137,22.4486649],[114.2160174,22.4487104],[114.2163008,22.4484693],[114.2163505,22.448178],[114.2156408,22.4472905],[114.2161077,22.4471944],[114.2170554,22.4475334],[114.2173719,22.4478218],[114.2172297,22.448342],[114.2166715,22.4487397],[114.216518,22.4490195],[114.2165566,22.4493657],[114.2170268,22.4496528],[114.2175261,22.4497526],[114.2187962,22.4494281],[114.2193178,22.4490188],[114.2210979,22.4491986],[114.2215998,22.449551],[114.221654,22.4500521],[114.2212866,22.4502655],[114.2210273,22.4501655],[114.2207992,22.450391],[114.220371,22.4511263],[114.2194074,22.4512953],[114.2180266,22.4518366],[114.2164989,22.4519965],[114.2155198,22.4524972],[114.2154177,22.4528001],[114.2151085,22.4537174],[114.2156496,22.4544114],[114.2162747,22.4548909],[114.2164533,22.4554006],[114.2160342,22.4555285],[114.2154667,22.456088],[114.2145658,22.4563934],[114.2146418,22.4570673],[114.2142919,22.4575604],[114.2143559,22.4577357],[114.2141358,22.4575772],[114.2136552,22.4575611],[114.2131186,22.457226],[114.2122547,22.4573997],[114.2115775,22.4581582],[114.2092207,22.4587757],[114.2087853,22.4591035],[114.2082989,22.4608044],[114.2080245,22.4609921],[114.2082425,22.4612171],[114.208275,22.4621926],[114.2087835,22.4625526],[114.2091537,22.4634877],[114.2092094,22.4637089],[114.2095548,22.4639046],[114.2096329,22.4642953],[114.2092887,22.4648916],[114.2088679,22.465148],[114.2091768,22.466769],[114.2096629,22.4672094],[114.2100912,22.4691818],[114.2108272,22.4697017],[114.2116374,22.4704843],[114.2125593,22.4708291],[114.2126449,22.4713541],[114.2129723,22.4714404],[114.2131513,22.4716949],[114.2129557,22.4725724],[114.2134623,22.4732724],[114.2136407,22.4732991],[114.2138289,22.472913],[114.2142568,22.4730926],[114.2143429,22.4733766],[114.214487,22.4733811],[114.2152546,22.4728309],[114.2168144,22.4711532],[114.2180833,22.4705844],[114.2181101,22.4704527],[114.2174645,22.4698442],[114.2176843,22.4688258],[114.2180607,22.4680434],[114.2183663,22.4679574],[114.2191803,22.4681207],[114.2198063,22.4678116],[114.2208042,22.4682251],[114.2211569,22.4680814],[114.221743,22.4687227],[114.2224183,22.4689747],[114.222629,22.4689197],[114.2228733,22.468424],[114.2234259,22.4683902],[114.2236193,22.4689147],[114.2244433,22.4693283],[114.22573,22.4711027],[114.2266571,22.4707912],[114.2268381,22.4712188],[114.2272123,22.4712523],[114.228182,22.4717388],[114.2310986,22.4722574],[114.2316804,22.4720808],[114.2317245,22.4717847],[114.2321622,22.4715851],[114.2325997,22.4710077],[114.2327704,22.4707062],[114.2329833,22.4696073],[114.2332322,22.4694663],[114.233325,22.4691846],[114.2326843,22.4688255],[114.23209,22.468828],[114.2318432,22.4690438],[114.2316814,22.4684352],[114.23287,22.4683304],[114.2329354,22.4678408],[114.2332315,22.4676985],[114.2338794,22.4676867],[114.2344251,22.4679479],[114.2348117,22.4678568],[114.2391498,22.463479],[114.2475654,22.4550721],[114.2476817,22.4545529],[114.246887,22.453716],[114.2468565,22.4513123],[114.2466133,22.4498675],[114.2468235,22.4498698],[114.2474093,22.4512346],[114.248203,22.4519035],[114.2496646,22.4527877],[114.2503087,22.45274],[114.2508849,22.4534269],[114.2520476,22.4535495],[114.252756,22.4538474],[114.2534927,22.4535627],[114.254055,22.452925],[114.2550145,22.4531522],[114.2570229,22.4543071],[114.257209,22.4545937],[114.2572162,22.4551514],[114.257031,22.4554266],[114.2573122,22.4556767],[114.2579637,22.4554579],[114.2581248,22.4554191],[114.2586322,22.4554715],[114.2592152,22.4562722],[114.2597004,22.4575527],[114.2603743,22.4583927],[114.2604088,22.4588932],[114.261139,22.4602723],[114.2617126,22.4608439],[114.2631499,22.4624173],[114.2652227,22.4630961],[114.2659062,22.4634664],[114.2666694,22.4639911],[114.2679953,22.465389],[114.2691327,22.4656735],[114.2703839,22.4659864],[114.2741,22.4680092],[114.2747154,22.4684946],[114.274716,22.468521],[114.2747205,22.4687251],[114.2745067,22.4688878],[114.2735171,22.4687892],[114.2706465,22.4671255],[114.2701243,22.467191],[114.2698815,22.4676762],[114.2698201,22.4673248],[114.2689956,22.4667058],[114.2685847,22.4661908],[114.2676899,22.4659563],[114.2673683,22.4659881],[114.2674274,22.4664987],[114.2670778,22.4667615],[114.2674133,22.4676085],[114.2675956,22.4676447],[114.2678273,22.4676717],[114.2680558,22.4680035],[114.2677059,22.4685189],[114.267485,22.468553],[114.2669231,22.4682144],[114.2667887,22.4682614],[114.2677527,22.4691461],[114.2689125,22.4695757],[114.2696185,22.4694894],[114.2691017,22.4687491],[114.2699052,22.4678465],[114.2704001,22.468836],[114.2707505,22.4690007],[114.2712924,22.4689058],[114.2718884,22.4691699],[114.2722412,22.4698993],[114.2727499,22.4703462],[114.2732169,22.4711913],[114.274117,22.4710998],[114.2758811,22.47154],[114.2769176,22.4714921],[114.2771387,22.4711324],[114.2781086,22.4706437],[114.2796984,22.4705431],[114.2805452,22.4711303],[114.2816354,22.4715272],[114.2850698,22.4736987],[114.2870542,22.4739278],[114.2885154,22.4748438],[114.2890094,22.4747255],[114.28917,22.4742584],[114.2897482,22.4743829],[114.2901013,22.4747959],[114.2895106,22.4751012],[114.2896143,22.4755943],[114.2910815,22.4752879],[114.2925217,22.4758604],[114.2927255,22.4761633],[114.2935971,22.4767912],[114.2939207,22.4773783],[114.2942297,22.4776265],[114.2942503,22.4786885],[114.2947505,22.4794141],[114.2949411,22.4793437],[114.2951478,22.4794969],[114.2951682,22.479199],[114.2951698,22.479176],[114.2954374,22.4789274],[114.2959467,22.4788618],[114.2964878,22.4789601],[114.2976104,22.4795369],[114.2984857,22.4793351],[114.2997656,22.4795591],[114.3018625,22.4805856],[114.3023057,22.4806803],[114.3033998,22.4813136],[114.3041835,22.4819691],[114.3050443,22.4820676],[114.3076961,22.4836542],[114.3083023,22.4844477],[114.3083813,22.4845511],[114.3091833,22.4856008],[114.3092403,22.4858354],[114.3055339,22.4857268],[114.3053667,22.4860833],[114.3064569,22.4867643],[114.3076998,22.4870503],[114.3082812,22.4873437],[114.3088431,22.4880237],[114.3087834,22.4886317],[114.3093473,22.4887534],[114.3100936,22.488357],[114.3105656,22.4885306],[114.3107022,22.4887449],[114.3105712,22.489206],[114.3112455,22.4899709],[114.3120065,22.4900249],[114.3123146,22.4903773],[114.3127282,22.4903076],[114.3127723,22.4899453],[114.3121076,22.4893769],[114.3116944,22.4887625],[114.3120817,22.4875733],[114.3122836,22.4874579],[114.3126558,22.4875255],[114.3132985,22.4879429],[114.3136247,22.4884922],[114.3146899,22.4888862],[114.3151419,22.4892632],[114.3168357,22.4916807],[114.3175119,22.4919469],[114.3177665,22.4920472],[114.3181465,22.4920377],[114.3183285,22.4917216],[114.3187201,22.4919334],[114.3189252,22.4929365],[114.3191421,22.4933114],[114.31959,22.4940857],[114.3195833,22.4947249],[114.3198977,22.4949221],[114.3211253,22.4950201],[114.3214299,22.4951806],[114.3217635,22.4957676],[114.3217717,22.496527],[114.3221179,22.4967728],[114.3230461,22.4969662],[114.3233072,22.497185],[114.3241444,22.498138],[114.3241624,22.498834],[114.3244797,22.4993205],[114.3252462,22.500318],[114.3257981,22.5007477],[114.3266496,22.5007777],[114.3269341,22.500619],[114.3276984,22.5014389],[114.3281653,22.5022103],[114.3292373,22.5032452],[114.3297218,22.5034569],[114.3311002,22.5035616],[114.3329968,22.5049249],[114.3337825,22.505297],[114.3349431,22.5068478],[114.3363442,22.5078025],[114.3363989,22.5088828],[114.3358744,22.510068],[114.3349097,22.5102017],[114.3346594,22.5102363],[114.3341025,22.5110135],[114.3339015,22.5112941],[114.3333468,22.5111045],[114.3328287,22.5105784],[114.3325608,22.5104691],[114.3322661,22.5103489],[114.3313313,22.5096307],[114.3305651,22.5095006],[114.3300819,22.5091167],[114.3297568,22.5087423],[114.3279923,22.5076117],[114.3279439,22.5072738],[114.3274029,22.5069432],[114.3269124,22.5060367],[114.326232,22.5058529],[114.3252032,22.5059149],[114.3241431,22.5057942],[114.3223086,22.5052283],[114.3216626,22.5046912],[114.3210241,22.5047074],[114.3207462,22.5045116],[114.320209,22.5044597],[114.3201431,22.5042839],[114.32017,22.5042229],[114.3203201,22.5038833],[114.3200233,22.5036035],[114.3196798,22.5035689],[114.3194684,22.5036697],[114.3191355,22.5038284],[114.3178076,22.503802],[114.3172219,22.5041818],[114.3163784,22.5037247],[114.3159115,22.5038496],[114.3158188,22.5040526],[114.3153346,22.5041453],[114.3145156,22.5040018],[114.3135589,22.5035347],[114.3132207,22.5028031],[114.3129601,22.5026178],[114.3122427,22.5027314],[114.3119083,22.5024396],[114.3101561,22.5025407],[114.309533,22.50206],[114.309148,22.5015093],[114.3093087,22.5005858],[114.3082965,22.5014334],[114.3066961,22.5011431],[114.3062241,22.5005374],[114.3056985,22.5001718],[114.3051582,22.500062],[114.30434,22.4991269],[114.3043304,22.4988918],[114.3048584,22.498008],[114.3046649,22.4977165],[114.3046977,22.4973698],[114.3042149,22.4978776],[114.3032355,22.4979831],[114.3036198,22.4982867],[114.303659,22.4985172],[114.3031028,22.49934],[114.3030108,22.4997377],[114.301798,22.5006878],[114.3015187,22.5011081],[114.3010952,22.5011723],[114.3005701,22.5008155],[114.3001497,22.5009104],[114.3000211,22.501354],[114.3003255,22.501914],[114.3002525,22.5020899],[114.2997205,22.5023052],[114.2990097,22.5021662],[114.2973072,22.5025509],[114.2974569,22.5036472],[114.2970875,22.5040181],[114.2968647,22.5046776],[114.2954985,22.5048412],[114.2952359,22.5052078],[114.2945401,22.505206],[114.2938494,22.5048589],[114.2938828,22.5045985],[114.2943935,22.5042685],[114.2940333,22.5036837],[114.2936298,22.504084],[114.2928998,22.503921],[114.2932383,22.5044364],[114.2926017,22.5049163],[114.2926626,22.5051555],[114.2932564,22.505397],[114.2938376,22.5060574],[114.2938793,22.5063659],[114.2935634,22.506795],[114.2937182,22.5080553],[114.2931472,22.5084272],[114.2928912,22.5084049],[114.2929905,22.5071889],[114.2922502,22.506548],[114.2921144,22.5066606],[114.2924163,22.5071939],[114.2924279,22.5075025],[114.2922437,22.5077069],[114.2916407,22.5076353],[114.2914831,22.5082704],[114.2916878,22.5089365],[114.2905791,22.5086756],[114.2897203,22.5081922],[114.2897661,22.5079686],[114.2903607,22.5075237],[114.2903248,22.5071816],[114.2899768,22.5069559],[114.290178,22.5064815],[114.2901,22.5060338],[114.291532,22.5057665],[114.2916413,22.5053008],[114.2914606,22.5043519],[114.2908259,22.5040832],[114.2907209,22.5043795],[114.2911615,22.5047543],[114.2910816,22.5049711],[114.2901185,22.5050622],[114.2895164,22.5054456],[114.2892096,22.5054656],[114.2891609,22.5058265],[114.2884751,22.5058995],[114.2882423,22.5064828],[114.2876121,22.5063887],[114.2870697,22.5060387],[114.2868365,22.5060609],[114.2862984,22.5055034],[114.2861019,22.5054715],[114.2857232,22.5057052],[114.2860579,22.5057203],[114.2864718,22.5066627],[114.2877643,22.5081757],[114.2875802,22.5090817],[114.2863124,22.5082038],[114.2859098,22.5085199],[114.2853401,22.5086471],[114.2848195,22.5083471],[114.2845949,22.5080415],[114.2841264,22.5080519],[114.2838336,22.5083207],[114.2832609,22.5084767],[114.2832633,22.5090259],[114.2830791,22.5092069],[114.2825728,22.5088932],[114.282307,22.5089007],[114.2823977,22.509318],[114.281642,22.5098227],[114.2819944,22.5098629],[114.282646,22.5095778],[114.283332,22.5096719],[114.2837745,22.5092473],[114.2841392,22.5092425],[114.2843993,22.509448],[114.2847429,22.5101912],[114.2849985,22.510315],[114.2855264,22.5104708],[114.2856872,22.5107374],[114.2854417,22.5109116],[114.2848556,22.5108395],[114.2844684,22.5105867],[114.2838949,22.5109218],[114.2835682,22.510298],[114.2832909,22.5102009],[114.2820316,22.51071],[114.2815621,22.5106428],[114.2813336,22.5104625],[114.2800393,22.5104721],[114.2797065,22.5102129],[114.2795958,22.5095692],[114.2792904,22.5101539],[114.2788769,22.5103755],[114.2782251,22.5104213],[114.2779967,22.5103604],[114.2779476,22.5101143],[114.278035,22.5092869],[114.278421,22.5087072],[114.2783235,22.50858],[114.2781315,22.5088441],[114.2776334,22.5089625],[114.2771694,22.509685],[114.2759317,22.5100049],[114.2755012,22.5099055],[114.2756074,22.5092163],[114.275943,22.5084837],[114.2755606,22.5080711],[114.2754875,22.5077753],[114.2751336,22.5079125],[114.2747846,22.5078608],[114.2743954,22.5081816],[114.2739648,22.5078636],[114.2738049,22.5081714],[114.2733404,22.508291],[114.2729344,22.5086053],[114.2727268,22.507891],[114.2728299,22.5076356],[114.2716077,22.5074334],[114.2713509,22.5072149],[114.271223,22.5071549],[114.2712168,22.5073101],[114.2712944,22.5075286],[114.2720705,22.5086127],[114.2720419,22.5093268],[114.2721758,22.5092477],[114.273059,22.5094212],[114.2740311,22.5088017],[114.2744887,22.508738],[114.2746732,22.5089996],[114.2744334,22.5095338],[114.2737354,22.5099539],[114.2732281,22.511019],[114.273425,22.5113169],[114.2736921,22.5108851],[114.2741616,22.5108982],[114.2746556,22.5113047],[114.2746365,22.5115439],[114.2740723,22.5118427],[114.2740337,22.5124985],[114.2741505,22.5126384],[114.2745246,22.5126745],[114.2750732,22.5133767],[114.2742581,22.5132527],[114.2735011,22.5133795],[114.2722557,22.5127052],[114.2724076,22.5123033],[114.272416,22.5122253],[114.272326,22.5121602],[114.272265,22.5122176],[114.2720881,22.5125896],[114.272022,22.5126469],[114.271726,22.5127708],[114.2723416,22.513213],[114.272162,22.5136291],[114.2725426,22.5151951],[114.2730607,22.5155158],[114.2736374,22.5153681],[114.27357,22.5157745],[114.2733624,22.5157741],[114.2726324,22.5156671],[114.2720856,22.5161831],[114.2724733,22.5172376],[114.2727566,22.5173986],[114.274042,22.5173142],[114.2747273,22.5162848],[114.2758507,22.5163048],[114.2760707,22.5164544],[114.2766137,22.5163016],[114.2765988,22.5161115],[114.2761764,22.5156783],[114.2767865,22.5152807],[114.2768953,22.5146929],[114.2773617,22.5139015],[114.2780137,22.5133997],[114.2784022,22.5133953],[114.2789727,22.5143798],[114.2789969,22.5150218],[114.279523,22.5153649],[114.2791295,22.5164947],[114.2791888,22.517205],[114.2794226,22.5179409],[114.2800507,22.518503],[114.2811113,22.5185409],[114.281724,22.5182627],[114.2819942,22.5187162],[114.2817367,22.5194515],[114.281428,22.5198194],[114.2806311,22.5207691],[114.2806264,22.5210965],[114.2810814,22.5208413],[114.2811993,22.5204229],[114.2815744,22.5204117],[114.2823676,22.5210779],[114.2831611,22.5213598],[114.283373,22.521816],[114.283543,22.5218906],[114.2838768,22.522037],[114.2851132,22.5236901],[114.28576,22.5239924],[114.2857793,22.5247586],[114.2860193,22.5252048],[114.2856005,22.5256243],[114.2850785,22.5254754],[114.2847421,22.5251459],[114.2846771,22.5248034],[114.2848659,22.5241922],[114.2843794,22.5239436],[114.2830415,22.5240079],[114.2828272,22.5242385],[114.2828624,22.524446],[114.282958,22.5247187],[114.2828038,22.5247041],[114.2823191,22.5242889],[114.2823094,22.5237962],[114.2809072,22.5231387],[114.2804574,22.5224305],[114.2802912,22.5216234],[114.2799509,22.5218362],[114.2793139,22.5219541],[114.2794501,22.5224196],[114.2793386,22.5226185],[114.2789071,22.5226248],[114.2784868,22.5223569],[114.2780805,22.5223484],[114.2776944,22.5228005],[114.2773316,22.522837],[114.2774508,22.5235716],[114.2780719,22.5233379],[114.2784387,22.5235002],[114.2784275,22.5237578],[114.2780235,22.5241309],[114.2779244,22.5244405],[114.2786103,22.5249236],[114.2795013,22.5260755],[114.2793034,22.5264981],[114.2795167,22.5269415],[114.2815358,22.528529],[114.281422,22.528799],[114.2805587,22.5290048],[114.279603,22.5286583],[114.2786229,22.5286929],[114.2782723,22.528458],[114.2764875,22.5283691],[114.2757678,22.5284985],[114.2754289,22.5285594],[114.2749991,22.5288673],[114.2745083,22.5295904],[114.2737539,22.5293782],[114.2736563,22.5290711],[114.2739235,22.5286958],[114.2746018,22.5283138],[114.2751998,22.5282639],[114.2755189,22.5279399],[114.2757662,22.5268511],[114.275469,22.5266341],[114.2747929,22.5266818],[114.27435,22.5265218],[114.2735612,22.5252453],[114.272615,22.5256688],[114.2716202,22.5250275],[114.2710121,22.5255972],[114.269952,22.5255978],[114.2693482,22.525876],[114.2690388,22.525872],[114.2688625,22.5261949],[114.2683472,22.5264441],[114.2679725,22.5271087],[114.2666151,22.52694],[114.2664617,22.5265512],[114.2665297,22.5262573],[114.2662163,22.5262666],[114.2644414,22.5253566],[114.2639488,22.525626],[114.2634523,22.5252989],[114.2631796,22.5246686],[114.2622484,22.5253243],[114.2617525,22.5261638],[114.2616148,22.526498],[114.2617529,22.526841],[114.2620918,22.5270936],[114.2624708,22.5269896],[114.2627265,22.5272856],[114.2626609,22.5274009],[114.2620648,22.5273851],[114.2623344,22.5277684],[114.2631252,22.5309211],[114.2636629,22.5316169],[114.2640026,22.5325686],[114.2645178,22.532909],[114.2663349,22.5331473],[114.2671695,22.5334292],[114.2676081,22.5344483],[114.267701,22.5352839],[114.2671279,22.5364051],[114.2670793,22.5369299],[114.2661771,22.5367068],[114.2655944,22.5367815],[114.265009,22.5365808],[114.2643422,22.5366059],[114.2641478,22.5363075],[114.263819,22.5361631],[114.2636146,22.5357885],[114.2635623,22.5352155],[114.2629622,22.5351286],[114.2629986,22.5348168],[114.2626067,22.5341888],[114.2625773,22.5337774],[114.2621951,22.5336376],[114.2617571,22.5336905],[114.2614146,22.5338647],[114.2611623,22.5342567],[114.2617576,22.5345349],[114.2621066,22.5359248],[114.2626131,22.5365031],[114.2626038,22.53742],[114.2633046,22.5381112],[114.2629577,22.5398107],[114.2623042,22.5405793],[114.2617613,22.5405643],[114.2613804,22.5406048],[114.2609178,22.5402526],[114.2604141,22.5401393],[114.2602666,22.5394868],[114.2597026,22.539083],[114.2589328,22.5388035],[114.2585975,22.5384176],[114.2577163,22.5379387],[114.2572072,22.5379861],[114.2560891,22.538907],[114.2560681,22.5394802],[114.2566875,22.540283],[114.2574216,22.5407837],[114.257685,22.5410906],[114.2580072,22.5414659],[114.2576846,22.542429],[114.2576969,22.543082],[114.2588428,22.5438633],[114.2588638,22.5440078],[114.2582973,22.5445383],[114.2576171,22.5443613],[114.2559269,22.5446665],[114.2563356,22.5447346],[114.2564187,22.5449576],[114.2567614,22.545157],[114.2571044,22.5459525],[114.2581074,22.5463021],[114.2583085,22.5466973],[114.2590089,22.5471878],[114.2593712,22.547813],[114.2604452,22.5480073],[114.2606736,22.5482367],[114.2606416,22.5488366],[114.2603215,22.5489102],[114.2595769,22.5484285],[114.2591753,22.5478265],[114.2583335,22.5476611],[114.2579673,22.5481203],[114.2572406,22.5485229],[114.2570918,22.5490209],[114.2555697,22.5496081],[114.2551842,22.5493146],[114.2549384,22.5488487],[114.2554513,22.5476533],[114.2545209,22.5464447],[114.254479,22.5463502],[114.2542431,22.5458168],[114.2542414,22.5453923],[114.253395,22.5451886],[114.253184,22.5447431],[114.252572,22.5447457],[114.2521395,22.5449255],[114.2521198,22.5451347],[114.2526377,22.5458175],[114.2535055,22.5462817],[114.2530527,22.5465138],[114.2530465,22.5469137],[114.2532835,22.54755],[114.25321,22.5478114],[114.2530072,22.5477884],[114.2527892,22.5474135],[114.2525724,22.5473272],[114.2519699,22.5474476],[114.2515366,22.5479872],[114.2510034,22.5475621],[114.2504352,22.5476557],[114.2503471,22.5465783],[114.2507774,22.5461694],[114.2507261,22.5458854],[114.2512327,22.5458417],[114.2512738,22.5456348],[114.2509435,22.5454129],[114.2503851,22.5450376],[114.2493866,22.5448381],[114.2471416,22.5462731],[114.2464277,22.5472437],[114.2465111,22.5480167],[114.2468639,22.5486982],[114.2473777,22.5491072],[114.247346,22.5493002],[114.2468642,22.5492164],[114.246113,22.5494416],[114.245233,22.5494457],[114.2441571,22.5483853],[114.2444633,22.5482628],[114.2446366,22.5478582],[114.2447582,22.546317],[114.2446019,22.5460626],[114.2440703,22.5458199],[114.2435036,22.545852],[114.2437603,22.5462449],[114.2436479,22.5473266],[114.2433863,22.5481607],[114.2429634,22.5485091],[114.2424448,22.5483726],[114.2420041,22.5480047],[114.2414162,22.5465479],[114.2410098,22.5460641],[114.2407884,22.5435893],[114.2403358,22.5432057],[114.2387419,22.5410335],[114.2383349,22.5391152],[114.2383731,22.5378286],[114.237708,22.5369093],[114.237521,22.5356699],[114.2372957,22.5354086],[114.2368721,22.5352619],[114.2361967,22.5345643],[114.2359827,22.5340864],[114.236067,22.5336749],[114.233255,22.5318032],[114.2326122,22.5319078],[114.2314636,22.5325663],[114.230675,22.5334316],[114.230078,22.5335047],[114.2296863,22.5337773],[114.2290893,22.533759],[114.2290152,22.5311368],[114.2287605,22.5306322],[114.2280628,22.5299914],[114.2273166,22.5301052],[114.2272069,22.5304599],[114.2267399,22.530007],[114.2261547,22.5297056],[114.2258806,22.5291945],[114.2247087,22.5285561],[114.2241553,22.5282243],[114.2238472,22.5286839],[114.2238558,22.5290159],[114.2233232,22.5298778],[114.2219668,22.5305885],[114.2214989,22.5304524],[114.2213328,22.5303208],[114.2213233,22.5300299],[114.2215479,22.5295888],[114.2214403,22.5289025],[114.2217358,22.5280402],[114.2213222,22.5280297],[114.2207696,22.5286118],[114.2203321,22.5285121],[114.2201672,22.527571],[114.2195426,22.5265884],[114.2191832,22.5252806],[114.2187971,22.5251549],[114.2157395,22.5241597],[114.2159281,22.5248889],[114.2158219,22.5256449],[114.2163412,22.5267084],[114.2162091,22.527354],[114.2155265,22.526945],[114.2151978,22.5264011],[114.2150927,22.5257042],[114.2136251,22.5253956],[114.211262,22.5257415],[114.2102195,22.5255755],[114.2099093,22.5253188],[114.2098525,22.5250556],[114.210196,22.524911],[114.2103321,22.5244417],[114.2101587,22.5243135],[114.2100298,22.5242183],[114.2096813,22.5241823],[114.2090396,22.524351],[114.2088226,22.5246028],[114.2085511,22.5249284],[114.2081793,22.5250056],[114.2079765,22.5253012],[114.2079349,22.5260512],[114.2084854,22.5267009],[114.2084343,22.5271511],[114.2080114,22.52791],[114.2080441,22.5281025],[114.2080871,22.5283556],[114.2083223,22.5289102],[114.2082881,22.5292695],[114.2089441,22.5304147],[114.2094189,22.5307421],[114.2096194,22.5314417],[114.2095558,22.5316735],[114.2090885,22.5316579],[114.2088902,22.5317873],[114.2085478,22.5324376],[114.2085287,22.5338147],[114.2089763,22.5342372],[114.20877,22.5349625],[114.2088597,22.5350523],[114.2092433,22.5344736],[114.2095615,22.5345234],[114.2097082,22.5349917],[114.209414,22.5354369],[114.2098307,22.5357329],[114.2102174,22.5356077],[114.2104326,22.5349735],[114.2110395,22.5348459],[114.2116459,22.534196],[114.2122404,22.534171],[114.2127471,22.5345269],[114.213466,22.5354331],[114.2140098,22.5361185],[114.2145651,22.5362703],[114.2149446,22.5368314],[114.2149229,22.5378636],[114.2149176,22.5381148],[114.2151469,22.5385807],[114.2155423,22.538872],[114.2150528,22.5399043],[114.2158486,22.5409178],[114.2171186,22.5417312],[114.2176454,22.5427748],[114.2185135,22.542933],[114.2196149,22.5434665],[114.2196636,22.5436439],[114.2194922,22.5438762],[114.2188171,22.5441826],[114.2194904,22.5446433],[114.2198671,22.5439953],[114.2202295,22.5437887],[114.2207525,22.5437281],[114.2221323,22.5441845],[114.2226451,22.5442092],[114.2226893,22.5436575],[114.2222817,22.5435263],[114.2221116,22.5434902],[114.2217365,22.5435183],[114.2216165,22.5434625],[114.2215189,22.5433649],[114.2215428,22.5430661],[114.2217214,22.5429951],[114.2221564,22.5429043],[114.2222691,22.5429186],[114.222404,22.5429949],[114.2229743,22.5433923],[114.2229943,22.5434537],[114.2229446,22.5442503],[114.2242002,22.5446609],[114.22488,22.5436743],[114.2248605,22.5433334],[114.2251636,22.5429607],[114.2263551,22.543659],[114.2261015,22.5440728],[114.2256815,22.544758],[114.2255517,22.5449445],[114.2254248,22.5452396],[114.225482,22.5456287],[114.2256047,22.5456989],[114.2270582,22.5479257],[114.2268271,22.5480207],[114.2265817,22.5481427],[114.2264683,22.5482249],[114.2264142,22.5482845],[114.2262849,22.5484849],[114.226244,22.5485693],[114.2262152,22.5485956],[114.2260405,22.5487601],[114.2257366,22.5493272],[114.2256173,22.5494967],[114.2255629,22.5495715],[114.2255025,22.5496507],[114.2253522,22.5497827],[114.2252072,22.5499136],[114.2251294,22.5499847],[114.2250771,22.5500313],[114.2249376,22.5500875],[114.224829,22.5501386],[114.2247539,22.5501897],[114.2246225,22.550419],[114.2245185,22.5507236],[114.2244863,22.5508149],[114.2244743,22.5508499],[114.224434,22.5509216],[114.2243706,22.5509782],[114.22435,22.5509854],[114.2243064,22.5509973],[114.2242137,22.5509982],[114.2241519,22.5510054],[114.2240367,22.5510117],[114.2237908,22.5509743],[114.22372,22.5509615],[114.2235244,22.5509735],[114.2234268,22.5510153],[114.2232713,22.5511191],[114.2231955,22.55118],[114.2231198,22.5512206],[114.2229861,22.5512929],[114.2227506,22.5513888],[114.2226063,22.5514527],[114.2224464,22.5515182],[114.2224275,22.5515374],[114.2223812,22.5515535],[114.2220863,22.5516561],[114.2216721,22.5517209],[114.2215181,22.5517492],[114.2213275,22.5518173],[114.2212524,22.5519093],[114.2212248,22.551972],[114.2211981,22.5520447],[114.2211169,22.55226],[114.221099,22.55231],[114.2210656,22.5524864],[114.2210602,22.5525273],[114.2210383,22.5526043],[114.2210241,22.5527054],[114.2209772,22.5529565],[114.2209257,22.5531351],[114.2209118,22.5531592],[114.2208942,22.5532056],[114.2208174,22.5533717],[114.220776,22.5534281],[114.2207319,22.553487],[114.2206829,22.553553],[114.2205454,22.5536721],[114.2204266,22.553675],[114.2202515,22.553617],[114.2200482,22.5536374],[114.2199013,22.5537478],[114.2198607,22.5538088],[114.2197241,22.5540017],[114.2197044,22.554047],[114.2196482,22.5541428],[114.2195872,22.55428],[114.2195555,22.5543431],[114.2193799,22.5547151],[114.2193324,22.5547933],[114.2192362,22.5549492],[114.2191183,22.5551178],[114.2189918,22.555232],[114.2187696,22.5554285],[114.2186268,22.5555158],[114.2185137,22.5556019],[114.2183416,22.5557212],[114.2181641,22.5558396],[114.2180955,22.5559051],[114.2180674,22.5559381],[114.2180263,22.5559724],[114.2179536,22.5560546],[114.2178164,22.5560384],[114.2174867,22.555968],[114.2172883,22.5559247],[114.2170198,22.5558516],[114.2169468,22.555811],[114.2169031,22.5557785],[114.2168914,22.5556782],[114.2170016,22.5554539],[114.2169899,22.5553842],[114.216961,22.5553532],[114.2169196,22.5553179],[114.2168216,22.5552345],[114.2166926,22.5551832],[114.2165648,22.555164],[114.2164035,22.5551693],[114.2162893,22.5551736],[114.2161659,22.5552546],[114.2160836,22.5553176],[114.2160328,22.5553468],[114.2159093,22.5553694],[114.215844,22.5553559],[114.2157447,22.5552705],[114.2156502,22.5551738],[114.2155413,22.5551199],[114.2154881,22.5550799],[114.2153676,22.5550609],[114.2152556,22.5550705],[114.215103,22.5550727],[114.2150738,22.5550728],[114.2149543,22.5550793],[114.2146656,22.5550123],[114.2144787,22.5549865],[114.2143442,22.5549453],[114.2143114,22.5549515],[114.2141883,22.5549286],[114.2140621,22.5549149],[114.2139255,22.5549],[114.2136357,22.5548724],[114.2133601,22.5548907],[114.2130059,22.5549944],[114.2127698,22.5551407],[114.212646,22.5553009],[114.2125272,22.5554759],[114.2123829,22.5555978],[114.2122978,22.5556365],[114.2121629,22.5556628],[114.2121149,22.555682],[114.2120185,22.5557069],[114.2119864,22.5557516],[114.2119436,22.555861],[114.2119329,22.5559406],[114.2119168,22.5560053],[114.2118526,22.5561048],[114.211708,22.5562192],[114.2115207,22.5563137],[114.2114136,22.5563535],[114.2112583,22.5563387],[114.2111405,22.5563039],[114.2109798,22.5562094],[114.2108967,22.5561649],[114.2107709,22.5560951],[114.2106478,22.5560503],[114.2105032,22.5560354],[114.2102229,22.5561203],[114.2099945,22.5562367],[114.2098446,22.556329],[114.2097215,22.5563837],[114.209518,22.5564037],[114.2092725,22.5564147],[114.209162,22.5564695],[114.2089999,22.5565722],[114.2088821,22.5566749],[114.2086988,22.5568166],[114.2086537,22.5568665],[114.2084939,22.556934],[114.2069072,22.5566643],[114.2062404,22.5565722],[114.2060778,22.5565449],[114.205998,22.5565372],[114.2056404,22.5564839],[114.205574,22.5564705],[114.205474,22.5564664],[114.2052967,22.5564434],[114.204802,22.5564251],[114.2046788,22.5564141],[114.2046332,22.5564106],[114.2045515,22.5564036],[114.2043994,22.5563983],[114.2042226,22.556386],[114.2040362,22.5563666],[114.2038636,22.5563478],[114.2035468,22.5563162],[114.2032492,22.5562867],[114.2029,22.5562354],[114.2025978,22.5561873],[114.2024226,22.556161],[114.2022768,22.5561657],[114.2020481,22.5562264],[114.2020081,22.556234],[114.201928,22.5562324],[114.2018929,22.5562324],[114.2016592,22.5562294],[114.2015758,22.5562558],[114.2015295,22.5562883],[114.2014511,22.5563856],[114.201401,22.5564446],[114.2012725,22.5566478],[114.2011749,22.5568053],[114.2011486,22.5569199],[114.2011406,22.5570316],[114.2011483,22.5573382],[114.2011416,22.5574405],[114.2011299,22.5574731],[114.2010532,22.5575367],[114.2008445,22.5575956],[114.2006158,22.5576065],[114.2005123,22.5575833],[114.2004504,22.5575704],[114.1999381,22.5572269],[114.1998445,22.5571135],[114.1998322,22.5571029],[114.1996176,22.5569099],[114.1994643,22.5567902],[114.1993668,22.5567449],[114.1992552,22.5567298],[114.1991527,22.5567292],[114.1991285,22.5567302],[114.1989394,22.5567422],[114.1986677,22.5567512],[114.1986156,22.5567574],[114.1982065,22.5567655],[114.1980457,22.5567637],[114.197977,22.5567397],[114.1978402,22.5566667],[114.1977678,22.5566241],[114.1975638,22.5566279],[114.1974403,22.5566554],[114.1973337,22.5566813],[114.1971667,22.5567609],[114.1971424,22.5567724],[114.1971077,22.5567863],[114.196834,22.5569173],[114.1965706,22.5570444],[114.1964876,22.5570868],[114.1964282,22.5571112],[114.1962636,22.5571163],[114.1961115,22.5570483],[114.1960534,22.5569353],[114.196052,22.5567914],[114.196051,22.5564363],[114.1960269,22.5562901],[114.1959714,22.5560621],[114.1959406,22.5559885],[114.1959254,22.5559465],[114.1958979,22.5559232],[114.1956551,22.5557896],[114.1956313,22.5557873],[114.1955424,22.555771],[114.1953847,22.5557408],[114.1951362,22.5556646],[114.1946085,22.5555022],[114.1944795,22.5554715],[114.1942768,22.5554225],[114.1941106,22.5554025],[114.1939306,22.5553954],[114.1937921,22.5553919],[114.1936112,22.5554209],[114.1935503,22.55543],[114.1932588,22.5555007],[114.1930206,22.5555895],[114.1927775,22.5556892],[114.1926474,22.5557689],[114.1925359,22.555842],[114.1924801,22.5558765],[114.1923167,22.5559857],[114.1922222,22.5560547],[114.1920303,22.556036],[114.1919359,22.5559598],[114.1918395,22.5558595],[114.1917981,22.5558003],[114.1917463,22.5557254],[114.1917098,22.5556658],[114.1916483,22.5555816],[114.1915779,22.5554922],[114.1914722,22.5554116],[114.1913702,22.5553248],[114.1911267,22.5552055],[114.1909912,22.5550977],[114.190932,22.5549834],[114.1909195,22.554959],[114.1908587,22.5548007],[114.1908329,22.5547525],[114.1908018,22.5546699],[114.1907783,22.5546406],[114.190726,22.5545978],[114.1906612,22.554548],[114.1906166,22.5545211],[114.1904603,22.5544713],[114.1901009,22.5544174],[114.1898315,22.5543807],[114.1897159,22.5543631],[114.1894434,22.5543188],[114.1894142,22.5543211],[114.1890916,22.5543202],[114.1890412,22.5543398],[114.1889046,22.5544686],[114.1888002,22.5546033],[114.1885714,22.5549209],[114.1881428,22.5554094],[114.1878691,22.5556924],[114.1877427,22.5557523],[114.1876022,22.555775],[114.1874544,22.5557807],[114.1873774,22.5557297],[114.1872809,22.555564],[114.1872369,22.5555311],[114.1871008,22.5553804],[114.1870823,22.5553597],[114.1870859,22.5550369],[114.1870878,22.5549454],[114.1870618,22.5549403],[114.1868845,22.5548239],[114.1867956,22.5547668],[114.1866008,22.5546984],[114.1864622,22.5547016],[114.1864284,22.5547153],[114.1864114,22.5547219],[114.1863708,22.5547377],[114.1863145,22.5547675],[114.1859453,22.5548621],[114.1858363,22.5548884],[114.1856581,22.5549327],[114.18554,22.5549603],[114.185353,22.5550082],[114.1852021,22.5550454],[114.1850915,22.5550724],[114.1850166,22.5550941],[114.1849406,22.5551113],[114.1848335,22.5551366],[114.1847145,22.5551643],[114.1845872,22.5551981],[114.1844559,22.5552287],[114.1842324,22.5552565],[114.1840355,22.5552769],[114.1836144,22.555301],[114.1829611,22.5553157],[114.1829269,22.5553217],[114.1826124,22.5553769],[114.1824547,22.5554214],[114.1822106,22.555486],[114.1822007,22.5554952],[114.1820317,22.5555418],[114.1818023,22.5555567],[114.1816307,22.5555141],[114.1815725,22.5554835],[114.1813996,22.5553491],[114.1813446,22.5552629],[114.1813021,22.5551402],[114.1813014,22.5550665],[114.1812988,22.5549828],[114.1813033,22.5549681],[114.1813414,22.5548529],[114.1813357,22.5546895],[114.181243,22.5545055],[114.1811345,22.5543011],[114.1810417,22.5542237],[114.1809254,22.5542383],[114.1808547,22.554285],[114.180776,22.5543186],[114.1805921,22.5543697],[114.1805481,22.5543858],[114.1804726,22.5544369],[114.1803054,22.5545223],[114.1801914,22.5546018],[114.1800917,22.554668],[114.1796214,22.5549296],[114.1792386,22.5551039],[114.1791995,22.5551296],[114.1789494,22.5552376],[114.1787784,22.555317],[114.1785468,22.5554164],[114.178358,22.5554793],[114.178053,22.555577],[114.1779247,22.5556499],[114.1778441,22.5557033],[114.1778367,22.5557176],[114.1777607,22.5558706],[114.1777466,22.5559048],[114.1777359,22.5559346],[114.1777501,22.5562359],[114.1777656,22.556494],[114.1777573,22.5566876],[114.1777074,22.5569459],[114.1775364,22.5573797],[114.1774582,22.5578037],[114.1774188,22.5579009],[114.177401,22.5579804],[114.1774045,22.5582287],[114.1774509,22.558593],[114.1774473,22.5587901],[114.1774224,22.5588994],[114.1773017,22.5590715],[114.1771987,22.5592216],[114.1766662,22.559679],[114.1765539,22.5597818],[114.1763936,22.5599633],[114.1762587,22.5601213],[114.1762125,22.5601704],[114.1761083,22.5602457],[114.1759362,22.560261],[114.1754218,22.5601304],[114.1751093,22.5601035],[114.1749628,22.5600948],[114.1748466,22.5600875],[114.174813,22.5600741],[114.1745778,22.559894],[114.1744329,22.5598128],[114.1742245,22.559779],[114.1739884,22.5597437],[114.1737703,22.5597291],[114.1737267,22.5597291],[114.1734325,22.5597139],[114.1733119,22.5597071],[114.1731704,22.5597096],[114.1729353,22.5597021],[114.1726214,22.5597557],[114.1725372,22.559789],[114.1724063,22.5598312],[114.1723059,22.5598635],[114.1720628,22.559861],[114.1716514,22.5598039],[114.1715739,22.5597741],[114.171427,22.5597269],[114.1712015,22.5596375],[114.1709985,22.5596177],[114.1707206,22.5596996],[114.170539,22.5597716],[114.1702911,22.5599419],[114.1701922,22.5600114],[114.1700289,22.5601759],[114.1699705,22.5602249],[114.1699171,22.560277],[114.1698235,22.5603614],[114.1695826,22.5606574],[114.1695653,22.5606732],[114.1694613,22.5608095],[114.1692449,22.5609907],[114.1689697,22.5611062],[114.168581,22.5611856],[114.1684289,22.561218],[114.16839,22.5612203],[114.1681529,22.5612439],[114.1677781,22.5612361],[114.1675577,22.5611952],[114.1674242,22.5611679],[114.1673026,22.5611381],[114.1672123,22.5611196],[114.1671008,22.561038],[114.1670063,22.5608576],[114.1668999,22.5607682],[114.1665791,22.560588],[114.1665499,22.5605783],[114.166481,22.5605391],[114.1664506,22.5605234],[114.1664075,22.5604939],[114.1663729,22.5604701],[114.1662899,22.5603367],[114.1662236,22.5600061],[114.1661465,22.5597807],[114.1660702,22.5595849],[114.1660638,22.5595711],[114.166017,22.5594848],[114.1659401,22.5594263],[114.1658491,22.5593548],[114.1657057,22.559306],[114.1655168,22.5592767],[114.1654095,22.5592609],[114.1653655,22.5592563],[114.1652251,22.559217],[114.1650934,22.5591716],[114.1649104,22.5591073],[114.164844,22.5590981],[114.1647039,22.5590727],[114.164597,22.5590695],[114.1645627,22.5590718],[114.1644696,22.5590749],[114.1641932,22.5590782],[114.1636929,22.5590846],[114.163539,22.5591269],[114.1633956,22.5592081],[114.1632661,22.5593478],[114.1632332,22.5593944],[114.1631478,22.5594999],[114.1631231,22.5595381],[114.1629442,22.5599067],[114.1628462,22.5601114],[114.1626748,22.5605058],[114.1625095,22.5609604],[114.1624876,22.5610377],[114.1624592,22.5611027],[114.1623454,22.5613181],[114.1622163,22.5614786],[114.1620907,22.5616164],[114.1620824,22.5616237],[114.1619411,22.5617533],[114.1618241,22.561864],[114.161783,22.5618945],[114.1616434,22.561986],[114.1614884,22.5620046],[114.1613241,22.5619531],[114.1608374,22.5617599],[114.1604762,22.5616251],[114.1603345,22.561564],[114.1602826,22.5615296],[114.160158,22.5614267],[114.1599535,22.5612606],[114.1596903,22.5609508],[114.1595499,22.5608041],[114.1594972,22.5607103],[114.1594051,22.5605717],[114.1593195,22.5604454],[114.1592515,22.56037],[114.1591726,22.5602009],[114.1591231,22.5601378],[114.1590647,22.5600436],[114.1586964,22.5594445],[114.1583507,22.5589449],[114.1581586,22.5586386],[114.1579601,22.5583709],[114.1578452,22.5581722],[114.1577641,22.5580215],[114.1577154,22.5578934],[114.1576721,22.5577732],[114.1575583,22.5574757],[114.1573202,22.5568009],[114.1572021,22.5564921],[114.1571421,22.5563743],[114.1570813,22.5562881],[114.1569398,22.556161],[114.1567847,22.5559914],[114.1566661,22.5558346],[114.1565717,22.5556173],[114.1565064,22.5555082],[114.1564544,22.5554046],[114.1563924,22.555239],[114.1563582,22.5549741],[114.1563235,22.5548477],[114.156292,22.5547835],[114.156235,22.5546796],[114.1561985,22.5546308],[114.1561232,22.5545736],[114.1560502,22.5545142],[114.1559425,22.5544472],[114.1558887,22.554443],[114.1557559,22.5544655],[114.1556783,22.5544994],[114.1554985,22.5545847],[114.1553057,22.5546409],[114.1551113,22.5546982],[114.1548668,22.5546836],[114.1546418,22.5546032],[114.1545925,22.554574],[114.1545174,22.5545448],[114.1544367,22.5545365],[114.1543548,22.5545396],[114.1541875,22.5545773],[114.1539539,22.5546809],[114.153895,22.5547043],[114.1537183,22.5547434],[114.1536489,22.554761],[114.1535893,22.5547723],[114.1534751,22.5547959],[114.1532921,22.5548252],[114.1530144,22.5548759],[114.1528932,22.5549365],[114.1528251,22.5549658],[114.1527977,22.5549785],[114.1527699,22.5549934],[114.1527293,22.5550215],[114.1526792,22.5550306],[114.1524765,22.5550529],[114.1523324,22.555033],[114.1522071,22.5550033],[114.1520737,22.5549561],[114.1519937,22.5548669],[114.1518983,22.5546744],[114.1518397,22.5545432],[114.1517679,22.5543175],[114.1517245,22.5540854],[114.1517178,22.5539392],[114.1517187,22.5538769],[114.1517192,22.553852],[114.1517352,22.5536541],[114.1517406,22.5534724],[114.1517325,22.553445],[114.1517085,22.553363],[114.1516764,22.5532785],[114.1515938,22.5530119],[114.1515965,22.5528652],[114.1517301,22.5524782],[114.151741,22.5523466],[114.1517465,22.5521316],[114.1516862,22.5518007],[114.1516375,22.5516197],[114.1515186,22.5514013],[114.1514267,22.5512355],[114.1512509,22.5510018],[114.1511752,22.550939],[114.1510784,22.5508997],[114.1508565,22.5508975],[114.1505944,22.5509391],[114.1504599,22.5509303],[114.150356,22.5509062],[114.1502247,22.5508447],[114.1500878,22.5507481],[114.1499226,22.5504958],[114.1498745,22.5503968],[114.1498502,22.550349],[114.1497991,22.5501828],[114.1497357,22.5499243],[114.1496678,22.5494025],[114.1495735,22.5490363],[114.1495701,22.5488921],[114.1495557,22.5486727],[114.1495855,22.5483551],[114.1495806,22.5479471],[114.1495612,22.5476018],[114.1495791,22.5475301],[114.1496343,22.5473872],[114.1497869,22.5472538],[114.1498769,22.5472043],[114.1500388,22.5471364],[114.1500921,22.5471187],[114.1501603,22.5470937],[114.1506282,22.5470119],[114.1508059,22.5470086],[114.1509244,22.5469986],[114.1509576,22.5469995],[114.1509769,22.5470036],[114.1510608,22.5470603],[114.1510644,22.5471904],[114.1510051,22.5472888],[114.1509046,22.5473771],[114.1506944,22.5477536],[114.1506877,22.5478741],[114.1506867,22.5479214],[114.1507549,22.5479768],[114.1508318,22.5479991],[114.150925,22.5479913],[114.1511075,22.5479706],[114.1511692,22.547944],[114.1512123,22.5479215],[114.1512747,22.5478939],[114.1513581,22.5478567],[114.1513963,22.5478793],[114.1514054,22.5478828],[114.1514371,22.547892],[114.1514725,22.5480026],[114.1514283,22.548082],[114.1513932,22.5480834],[114.1512406,22.5480862],[114.151237,22.5480912],[114.1512177,22.5481137],[114.1512421,22.5481925],[114.1513474,22.5482719],[114.151445,22.5483257],[114.1514984,22.5483427],[114.1515548,22.5483045],[114.1515559,22.5482895],[114.1515762,22.548184],[114.1515823,22.5481415],[114.1515976,22.5480735],[114.1516251,22.5479417],[114.1516983,22.5478298],[114.1519374,22.5477337],[114.1519401,22.5477388],[114.1519643,22.5476558],[114.1519773,22.5474345],[114.1519871,22.5470614],[114.1519439,22.546937],[114.151891,22.5468002],[114.1517428,22.5466091],[114.1517135,22.5465793],[114.1516757,22.5465441],[114.1516319,22.5465182],[114.1515702,22.5464849],[114.1514547,22.5464294],[114.1513771,22.5463961],[114.1512815,22.5463702],[114.151166,22.5463684],[114.1510283,22.5463865],[114.1508922,22.5463844],[114.1507517,22.5463966],[114.1505804,22.5463048],[114.1503763,22.5461394],[114.1502248,22.5459619],[114.1500169,22.5456117],[114.1499182,22.5454649],[114.1498012,22.5453474],[114.1495559,22.5451548],[114.149253,22.5449161],[114.149018,22.5446456],[114.1488878,22.5444816],[114.148775,22.5443317],[114.1485696,22.5441219],[114.1484712,22.5439793],[114.1484597,22.5439592],[114.1484394,22.5439067],[114.1484105,22.5438422],[114.1483252,22.5436169],[114.1483107,22.5434179],[114.1482919,22.5433237],[114.1482601,22.5431791],[114.1482587,22.5430876],[114.1483075,22.5430085],[114.1483658,22.5429747],[114.1484165,22.5428932],[114.1484308,22.5428583],[114.148499,22.5427496],[114.1485411,22.5426712],[114.1485959,22.542564],[114.1486394,22.5423559],[114.1486409,22.5421583],[114.1486167,22.5420654],[114.1485532,22.5420189],[114.1485249,22.5420097],[114.1482099,22.5419363],[114.1480587,22.5418221],[114.1478887,22.5416662],[114.1478024,22.541614],[114.1477623,22.5416044],[114.1476973,22.5415835],[114.1476454,22.541574],[114.1476131,22.5415696],[114.147391,22.5415678],[114.1472611,22.54157],[114.1470793,22.5415688],[114.1469305,22.5415578],[114.1468093,22.5414791],[114.1467255,22.5413419],[114.1466464,22.5412101],[114.1466076,22.5411936],[114.1465117,22.5411474],[114.1464988,22.5411432],[114.1464716,22.5411464],[114.1464409,22.5411486],[114.1463852,22.5411556],[114.1463162,22.5412044],[114.1461898,22.5413635],[114.1461543,22.5413788],[114.146139,22.5413865],[114.1461272,22.5413887],[114.1460835,22.5413909],[114.1459366,22.5413267],[114.1458186,22.5412733],[114.1457103,22.5412636],[114.1456712,22.5412677],[114.1454809,22.5412379],[114.1453097,22.5411752],[114.1451817,22.5410893],[114.1450291,22.5409973],[114.1449812,22.5409736],[114.1448138,22.5409668],[114.1446635,22.5409461],[114.1445924,22.5409543],[114.1444452,22.5410091],[114.1443718,22.5410683],[114.1443335,22.5411868],[114.1443016,22.5413557],[114.1442856,22.5414861],[114.1442792,22.5416462],[114.1443318,22.5418803],[114.1443445,22.5419811],[114.1443413,22.5420729],[114.1443378,22.5420841],[114.1442802,22.5421447],[114.144252,22.5421816],[114.1441893,22.5421685],[114.1440689,22.5421102],[114.1439197,22.5420376],[114.1437609,22.5419876],[114.1436137,22.5419435],[114.1435138,22.5419102],[114.1433499,22.5419232],[114.1433128,22.5419399],[114.1432061,22.5420017],[114.1430602,22.5420838],[114.142936,22.5421266],[114.1427913,22.5421682],[114.1426139,22.5421478],[114.1425589,22.5421311],[114.1424667,22.5420633],[114.142445,22.5420371],[114.1423848,22.5420062],[114.1422559,22.5420086],[114.1420701,22.5420137],[114.1419636,22.5420156],[114.1418394,22.5420114],[114.1416871,22.5424505],[114.1414281,22.5426597],[114.139588,22.5428999],[114.1392195,22.5433722],[114.1388659,22.5434973],[114.1374246,22.5436087],[114.1367863,22.5433532],[114.135666,22.5423101],[114.134822,22.5418259],[114.134504,22.541194],[114.1342007,22.5411487],[114.133971,22.5412761],[114.1333518,22.5418232],[114.132542,22.5417163],[114.1321257,22.5421115],[114.131822,22.5420911],[114.1310913,22.5415413],[114.1305066,22.5417624],[114.1302663,22.5421022],[114.1295469,22.5421066],[114.1294567,22.5415339],[114.1287794,22.5403288],[114.1277591,22.5395153],[114.1269671,22.5392015],[114.1260637,22.5397147],[114.1257404,22.5401279],[114.125775,22.5405417],[114.1263665,22.5408804],[114.1263401,22.5410739],[114.125745,22.5410483],[114.125415,22.5408095],[114.1250167,22.5396571],[114.1244541,22.539257],[114.1224801,22.5386809],[114.1214454,22.5377583],[114.1214063,22.5372309],[114.1224201,22.535813],[114.1223273,22.5352588],[114.1219286,22.5351746],[114.1214631,22.5356589],[114.1207905,22.5356831],[114.120639,22.5352305],[114.1209768,22.534699],[114.120879,22.5343401],[114.1195402,22.5344828],[114.1183296,22.5346117],[114.1171577,22.535032],[114.1159435,22.5347193],[114.1156912,22.5342913],[114.1158451,22.5316989],[114.1157526,22.5312191],[114.1154919,22.5309728],[114.1131288,22.5298047],[114.112754,22.5296339],[114.1126268,22.5294926],[114.1126261,22.5281982],[114.1122377,22.5284921],[114.1122594,22.5285492],[114.1122961,22.5286489],[114.1123102,22.5287644],[114.1123129,22.528893],[114.1123072,22.5290715],[114.1122902,22.5292342],[114.1122619,22.5293471],[114.1122203,22.5294298],[114.1121977,22.5294692],[114.1121582,22.5295006],[114.1121186,22.5295242],[114.1120593,22.5295452],[114.1119322,22.5295767],[114.1117854,22.5296133],[114.1116216,22.5296527],[114.1114437,22.5297051],[114.1112065,22.5297759],[114.1110229,22.529844],[114.1109475,22.5298823],[114.1108571,22.5299427],[114.1107611,22.5300004],[114.1105859,22.5301263],[114.1103091,22.530323],[114.1101255,22.5304699],[114.1099179,22.5306153],[114.1097664,22.5307406],[114.1097625,22.5307439],[114.1096298,22.5308304],[114.1095789,22.5308908],[114.1095309,22.5309354],[114.1095055,22.5309695],[114.1094998,22.5310062],[114.1094998,22.5310271],[114.1092663,22.531456],[114.1090493,22.5317826],[114.1089878,22.5318751],[114.1084566,22.5326561],[114.1078257,22.5332554],[114.1068146,22.5338813],[114.1058311,22.5343317],[114.1057372,22.53437],[114.1056174,22.5344146],[114.105318,22.534509],[114.1050441,22.5345718],[114.1049142,22.5345796],[114.1048634,22.5345718],[114.1048182,22.5345691],[114.1047843,22.534535],[114.1047476,22.5344877],[114.1047195,22.5343958],[114.1047139,22.5342866],[114.1047026,22.5341738],[114.1046829,22.5340189],[114.1046492,22.5337826],[114.1046324,22.5334099],[114.1046185,22.5331317],[114.1045987,22.5330359],[114.1045367,22.5327971],[114.1044804,22.5326371],[114.1043957,22.5324495],[114.1042829,22.532224],[114.1041729,22.5320586],[114.1040572,22.5318788],[114.1039744,22.5317756],[114.1037543,22.5315655],[114.1036725,22.5315078],[114.1035949,22.5314657],[114.1035299,22.5314342],[114.1034783,22.5314316],[114.1034091,22.5314407],[114.1033258,22.5314459],[114.1031832,22.5314511],[114.103011,22.5314511],[114.1029221,22.5314431],[114.1028812,22.5314247],[114.1028473,22.5314077],[114.1027767,22.531405],[114.1026948,22.5314312],[114.1025974,22.5314863],[114.1025451,22.5315479],[114.1024971,22.5316227],[114.1024759,22.5317021],[114.1024688,22.5317821],[114.102473,22.5318582],[114.1024856,22.5319475],[114.1025025,22.5320341],[114.1025236,22.5321513],[114.1025448,22.5322287],[114.1025828,22.532331],[114.1026378,22.532474],[114.1026872,22.532638],[114.1027125,22.5327193],[114.1027294,22.5327862],[114.1027505,22.5328768],[114.102766,22.5329502],[114.1027829,22.5330276],[114.1028012,22.5331602],[114.1028068,22.5332376],[114.1028025,22.5333536],[114.1027968,22.5334362],[114.102801,22.5335451],[114.1028024,22.5336159],[114.1028178,22.5336973],[114.1028517,22.533788],[114.1028728,22.5338379],[114.1029616,22.5340123],[114.1030349,22.5342037],[114.1030786,22.5343144],[114.1031039,22.5344325],[114.103149,22.534582],[114.1031715,22.5346745],[114.1031842,22.5347703],[114.1031841,22.5348621],[114.1031587,22.5349198],[114.1031065,22.5349998],[114.1030556,22.535047],[114.103009,22.5350772],[114.1029441,22.5350942],[114.1028764,22.5350928],[114.102803,22.5350836],[114.1027339,22.5350547],[114.1025942,22.5349956],[114.1022598,22.5348722],[114.1018013,22.534681],[114.1015459,22.5345772],[114.1012581,22.5344827],[114.1010013,22.5344065],[114.1008034,22.5343516],[114.1005367,22.5342872],[114.1002376,22.5342202],[114.1000936,22.5341992],[114.1000372,22.5341926],[114.0999977,22.5341834],[114.0999681,22.5341585],[114.0999582,22.5341309],[114.0999465,22.5340599],[114.0999446,22.5339938],[114.1000038,22.533847],[114.1000786,22.533761],[114.1003931,22.5335508],[114.1004671,22.5334461],[114.1004706,22.5331537],[114.1005295,22.5328957],[114.1005031,22.5328238],[114.1004017,22.5328801],[114.1003438,22.5331483],[114.1001704,22.5331311],[114.1001146,22.5331606],[114.1001354,22.5332505],[114.1003458,22.5332838],[114.1003701,22.5333538],[114.1002695,22.5334774],[114.0999664,22.5337132],[114.0997869,22.5341106],[114.0978932,22.5336915],[114.096387,22.5337183],[114.0955474,22.534032],[114.0949336,22.5345387],[114.0947903,22.5346979],[114.0936202,22.536248],[114.0930034,22.536709],[114.0917116,22.5371719],[114.0905135,22.5369933],[114.0887894,22.5362038],[114.0874656,22.5347449],[114.0863504,22.5328909],[114.0852744,22.5319095],[114.084011,22.5314424],[114.0811548,22.5309654],[114.0799341,22.5305863],[114.0795962,22.5304581],[114.0791961,22.5303063],[114.0786373,22.5297279],[114.0785375,22.5292599],[114.0786381,22.5289141],[114.0797261,22.5275659],[114.0809298,22.5268107],[114.0819063,22.52642],[114.08322,22.5258951],[114.0847096,22.5246839],[114.0855346,22.5234591],[114.0855322,22.5227132],[114.084688,22.5208394],[114.0835612,22.5193247],[114.0821689,22.5179652],[114.080308,22.5164513],[114.0780743,22.5152126],[114.0769018,22.5149653],[114.0762538,22.515019],[114.075345,22.5153097],[114.0741209,22.5168364],[114.0728506,22.5176642],[114.071644,22.5179382],[114.0707634,22.5177748],[114.0668503,22.5171043],[114.0656599,22.5167118],[114.0642687,22.5160073],[114.0603922,22.5134288],[114.0593194,22.512339],[114.0588362,22.5116395],[114.0583281,22.5107853],[114.0578891,22.5093513],[114.0576543,22.5057383],[114.0578737,22.505597],[114.0598294,22.5057553],[114.0601401,22.5056524],[114.0601308,22.5055231],[114.0599401,22.5051489],[114.0590103,22.5054635],[114.0579143,22.5054345],[114.0575903,22.5054801],[114.057355,22.5052832],[114.0567761,22.5041263],[114.055998,22.5033782],[114.0537229,22.5022346],[114.0520917,22.501787],[114.0508108,22.5017028],[114.0488111,22.501958],[114.0450619,22.5031602],[114.0450374,22.5031681],[114.0433146,22.5029979],[114.0427944,22.5023748],[114.0423457,22.5010423],[114.0422955,22.5000417],[114.0416854,22.4997679],[114.0414041,22.4996417],[114.0414642,22.4999489],[114.0415194,22.5002312],[114.0423184,22.5014959],[114.0423882,22.502246],[114.04219,22.5024406],[114.0391424,22.501776],[114.037716,22.5010988],[114.0377143,22.5007621],[114.037931,22.5003878],[114.0385193,22.5001715],[114.0395983,22.4991723],[114.0398674,22.4990845],[114.038869,22.4981189],[114.0388054,22.4982049],[114.039365,22.4988052],[114.0393819,22.4990006],[114.0389138,22.4994832],[114.0383088,22.4997216],[114.0374759,22.5004074],[114.034303,22.4984633],[114.0339184,22.4978797],[114.0340052,22.4971919],[114.0343865,22.4966743],[114.0355152,22.4961102],[114.0365254,22.4961465],[114.0370447,22.4965256],[114.0374859,22.4971113],[114.0377362,22.497023],[114.0332295,22.4925095],[114.031659,22.4875313],[114.0316613,22.4866476],[114.032432,22.4828253],[114.0321303,22.4824855],[114.0320839,22.4820075],[114.0317569,22.4818377],[114.0334295,22.480678],[114.038643,22.4787284],[114.0392814,22.4787809],[114.0394282,22.4784016],[114.0381905,22.4781404],[114.0345277,22.4797914],[114.0333724,22.4803011],[114.0312234,22.4802222],[114.0307354,22.4795271],[114.0307465,22.4789845],[114.0302581,22.4777933],[114.0310591,22.4737458],[114.0312634,22.4722295],[114.0314308,22.4719763],[114.031739,22.4716241],[114.0319408,22.4712381],[114.0396686,22.4679358],[114.0413102,22.4670512],[114.0432717,22.4656632],[114.0451152,22.4634372],[114.0461904,22.4615221],[114.0474651,22.4576013],[114.04852,22.4553314],[114.0493098,22.4526365],[114.0495457,22.4507887],[114.0499068,22.4499755],[114.0512966,22.4485527],[114.0556263,22.4438456],[114.0571104,22.44285],[114.0572787,22.4419404],[114.0549146,22.4433988],[114.0519736,22.4464242],[114.0497559,22.4484592],[114.0491357,22.4490417],[114.0485512,22.4499292],[114.0478198,22.4533728],[114.046474,22.4564823],[114.0451668,22.4604096],[114.0443647,22.4621166],[114.0434051,22.4634358],[114.0409321,22.4652769],[114.0390869,22.4662881],[114.0315105,22.4694782],[114.0307477,22.4695069],[114.0301187,22.4692635],[114.029771,22.4688551],[114.0292543,22.4664284],[114.0292883,22.4653571],[114.0294728,22.4649505],[114.0320486,22.4620909],[114.0327504,22.4614353],[114.0333398,22.460573],[114.0336629,22.4597262],[114.0337153,22.4590073],[114.0334991,22.4580559],[114.0330952,22.4572787],[114.03304,22.4564901],[114.0335383,22.4554662],[114.0342106,22.4546882],[114.0346842,22.4543985],[114.0347546,22.4543797],[114.0345213,22.4542881],[114.0340789,22.4544212],[114.0332357,22.4553297],[114.032607,22.4565038],[114.0323961,22.4565498],[114.0314347,22.4551151],[114.0293249,22.453047],[114.0280658,22.4514588],[114.0264884,22.4494192],[114.0261175,22.4485098],[114.0261954,22.4480216],[114.0259301,22.4478815],[114.0255293,22.4480288],[114.0263141,22.4499778],[114.0277846,22.4519662],[114.0288933,22.4533947],[114.0314101,22.4557293],[114.0323277,22.4569668],[114.0325709,22.457698],[114.0325603,22.458931],[114.0321318,22.460033],[114.0290499,22.4634233],[114.0283068,22.4647424],[114.0279806,22.4661836],[114.0281531,22.4675265],[114.0293398,22.4698042],[114.0297222,22.4720118],[114.030214,22.4724075],[114.0296996,22.4758277],[114.0292602,22.4775661],[114.0284914,22.4791423],[114.0276999,22.4799829],[114.0263978,22.4788247],[114.0261857,22.4779763],[114.0257374,22.4772781],[114.0255486,22.4772751],[114.0252349,22.4778592],[114.0247446,22.4793575],[114.0243946,22.4795067],[114.0198535,22.4782265],[114.0183489,22.4775669],[114.017706,22.4771555],[114.0138974,22.4729093],[114.0130552,22.4728547],[114.0119097,22.4741793],[114.011272,22.4744634],[114.0106341,22.4741813],[114.0100003,22.4735094],[114.008594,22.4725742],[114.0082808,22.4726367],[114.0076284,22.4720145],[114.007422,22.4718177],[114.0067396,22.4728437],[114.006549,22.4728319],[114.005827,22.4724843],[114.0056882,22.472438],[114.0056022,22.4724322],[114.005503,22.4724493],[114.0051851,22.4725545],[114.0047441,22.4726801],[114.0036667,22.4728851],[114.0031516,22.4729354],[114.0026047,22.4729443],[114.0017598,22.4728546],[114.0008516,22.4725912],[114.0000376,22.4721911],[113.9994151,22.4717683],[113.9988305,22.4710666],[113.9982892,22.4701455],[113.9974019,22.4682448],[113.9959937,22.4651669],[113.9956246,22.464421],[113.9952995,22.4639324],[113.9950297,22.4633885],[113.994735,22.4622954],[113.9946555,22.4619293],[113.99462,22.4617761],[113.9944921,22.4607923],[113.994438,22.4598826],[113.9944452,22.4596557],[113.9945227,22.4591222],[113.9946443,22.4585415],[113.9948243,22.4580234],[113.9950232,22.4575539],[113.9952718,22.457068],[113.9959171,22.455952],[113.9972666,22.4538809],[113.997416,22.4536822],[113.9983167,22.4521452],[113.9985942,22.4516717],[113.9988251,22.4512453],[113.9980108,22.4516132],[113.9976362,22.4522358],[113.9974924,22.4524667],[113.9972969,22.452818],[113.9971203,22.4530998],[113.9969014,22.4535126],[113.9965366,22.4538538],[113.9961601,22.4543828],[113.9960088,22.4546002],[113.9959269,22.4546996],[113.9955251,22.4553637],[113.9954583,22.4554531],[113.995264,22.4557957],[113.9947399,22.4566644],[113.994196,22.4576887],[113.9939471,22.4583863],[113.9938135,22.4589951],[113.99376,22.4595139],[113.9937506,22.4599509],[113.9939059,22.4615323],[113.9939429,22.4617629],[113.9939703,22.4619203],[113.9943215,22.4633877],[113.9945505,22.4640884],[113.9976765,22.4708767],[113.9978781,22.4712492],[113.9984012,22.4719645],[113.9986283,22.4722056],[113.9990061,22.4725219],[113.9994927,22.4728336],[114.0004472,22.4732907],[114.0011469,22.4735081],[114.0021832,22.4736665],[114.0030516,22.4736672],[114.0041581,22.4735493],[114.0049603,22.4734194],[114.0057501,22.4731771],[114.0059738,22.4731511],[114.0062155,22.4731861],[114.0067123,22.4733404],[114.0077995,22.4734782],[114.0084647,22.474216],[114.0104918,22.4755081],[114.0104388,22.4761669],[114.0111789,22.4782391],[114.0110778,22.4793548],[114.0114383,22.4805209],[114.0117016,22.4841357],[114.0115372,22.4855576],[114.0117458,22.4859988],[114.0118072,22.4861285],[114.0125262,22.4869168],[114.01193,22.4868945],[114.0107474,22.4863168],[114.0102684,22.4863163],[114.0094792,22.4865775],[114.0082669,22.4872052],[114.007233,22.4875964],[114.0056459,22.4877528],[114.004095,22.48828],[114.0036394,22.4885755],[114.003547,22.4890133],[114.0028638,22.4892575],[114.0022734,22.4893582],[114.001368,22.4891689],[114.0002816,22.4892685],[113.9995866,22.489093],[113.9985513,22.4894505],[113.9983968,22.4883321],[113.9981292,22.4876401],[113.9956963,22.4855211],[113.9954112,22.4851097],[113.9951566,22.4844106],[113.9947747,22.4822076],[113.994057,22.4804714],[113.9930962,22.4784461],[113.9925419,22.4775913],[113.9919233,22.4769554],[113.9911388,22.4763279],[113.9907988,22.4760559],[113.9891745,22.4747016],[113.9889104,22.4743837],[113.9873396,22.4734021],[113.9869838,22.4731793],[113.9863978,22.4730914],[113.9852149,22.4723727],[113.9850622,22.4721398],[113.9847586,22.4716693],[113.9846109,22.4714416],[113.9847418,22.4707864],[113.9829931,22.4689212],[113.9827627,22.4686292],[113.9825593,22.4684096],[113.9819651,22.4677089],[113.9804423,22.4657997],[113.9800394,22.4646987],[113.9796244,22.4633704],[113.9791661,22.4619035],[113.9783732,22.4593658],[113.977604,22.4584095],[113.975451,22.4566043],[113.9743878,22.4559175],[113.9738165,22.4554911],[113.9730894,22.4547209],[113.972779,22.4545804],[113.9725605,22.4544816],[113.971532,22.4541609],[113.9702497,22.4538463],[113.9688566,22.4537279],[113.9678801,22.4532564],[113.9676557,22.4528256],[113.9666857,22.4530509],[113.9659337,22.4528746],[113.9648978,22.452332],[113.9643302,22.4525491],[113.9639551,22.452503],[113.9637328,22.4517925],[113.9641989,22.4509136],[113.9643275,22.450671],[113.9642496,22.4506081],[113.9640916,22.4509068],[113.9636166,22.4518048],[113.9636237,22.4522039],[113.9634356,22.4522782],[113.9626625,22.4515634],[113.9618859,22.4511522],[113.9616313,22.4504236],[113.9610921,22.4497494],[113.9608615,22.449671],[113.9604548,22.4501564],[113.959868,22.4498392],[113.9581343,22.4496158],[113.9575635,22.4499409],[113.9570413,22.4499985],[113.9561546,22.4492237],[113.9557947,22.4489747],[113.9557533,22.4488704],[113.9557828,22.4487703],[113.9558288,22.4480929],[113.9558079,22.4479267],[113.9557603,22.4478845],[113.9553557,22.4478279],[113.9551818,22.447846],[113.9551489,22.4479478],[113.9551484,22.4482521],[113.955088,22.4483402],[113.9549676,22.4482839],[113.9547786,22.4480113],[113.9547708,22.4477588],[113.9544241,22.4470386],[113.9538773,22.4466972],[113.9539829,22.4458337],[113.9542245,22.4444783],[113.9533616,22.443522],[113.9530301,22.4431546],[113.9522154,22.4426705],[113.9503608,22.4419268],[113.948965,22.4407518],[113.9471969,22.4392632],[113.9482195,22.4390357],[113.9489324,22.4385843],[113.9488517,22.4384834],[113.9480404,22.4389014],[113.9471917,22.4389631],[113.9472417,22.4386392],[113.9477185,22.4387822],[113.9480559,22.4385725],[113.9478491,22.437092],[113.9474082,22.4369079],[113.9469329,22.4370447],[113.9470518,22.4359921],[113.9468216,22.4353503],[113.9468274,22.4353317],[113.9469672,22.4348861],[113.9466641,22.4335829],[113.9462175,22.4330381],[113.9464491,22.4328403],[113.9464804,22.4325019],[113.9457874,22.4313789],[113.9454322,22.4308031],[113.9449639,22.4302593],[113.9440513,22.4294837],[113.9432886,22.4290481],[113.9419014,22.4284617],[113.9417226,22.4282027],[113.9416727,22.4287964],[113.9424137,22.429082],[113.943309,22.4295887],[113.9443472,22.4300995],[113.9448035,22.4304556],[113.9446856,22.43053],[113.9418262,22.4291951],[113.9402182,22.4280397],[113.9381965,22.4269193],[113.9381755,22.4267211],[113.938728,22.4264924],[113.939537,22.4254349],[113.9390216,22.424823],[113.9387311,22.4246833],[113.9395406,22.4218459],[113.9392243,22.4202618],[113.9389517,22.4197168],[113.9389412,22.419625],[113.9387928,22.4192485],[113.9386146,22.4187962],[113.9384792,22.4188193],[113.938588,22.4194191],[113.9384555,22.4195728],[113.9387446,22.4212715],[113.9383706,22.4219019],[113.9391793,22.4219994],[113.938007,22.4259728],[113.9376446,22.4263853],[113.9367941,22.426461],[113.9296652,22.424108],[113.9290096,22.4231142],[113.9285845,22.421139],[113.9285142,22.4208121],[113.9279224,22.42026],[113.9271462,22.4200986],[113.9267826,22.4201789],[113.9266448,22.4202086],[113.9264534,22.4202499],[113.9254745,22.4203185],[113.9255897,22.4203932],[113.9267744,22.4203312],[113.9270593,22.4203163],[113.9277407,22.4205813],[113.9279642,22.4210303],[113.9280527,22.4223763],[113.9279057,22.4229302],[113.9276125,22.4232216],[113.9253017,22.4237139],[113.9238057,22.4237832],[113.9216538,22.4233323],[113.9195397,22.4225226],[113.9152039,22.4214238],[113.9142007,22.4210126],[113.9137516,22.4205673],[113.9137369,22.4190128],[113.9137312,22.4184168],[113.9130711,22.4182263],[113.9105676,22.4158724],[113.9088298,22.4142383],[113.9089577,22.4141179],[113.9078878,22.4130993],[113.9077369,22.4132127],[113.904717,22.4102129],[113.9045661,22.4100605],[113.9040028,22.4094916],[113.9030771,22.4083492],[113.9027475,22.4077043],[113.902293,22.4071552],[113.9015076,22.4066517],[113.9015856,22.4061991],[113.9014133,22.4058376],[113.9020186,22.4055286],[113.9036171,22.4052161],[113.9059371,22.4044003],[113.9064534,22.4043971],[113.9075479,22.4038063],[113.9079056,22.4038699],[113.9087628,22.4044924],[113.9091875,22.4045886],[113.9096118,22.4041779],[113.9111266,22.4027117],[113.9113427,22.4027318],[113.912233,22.4034441],[113.914299,22.4017415],[113.9149053,22.4004863],[113.9151788,22.4002878],[113.9152128,22.4002631],[113.9151489,22.3992183],[113.9153905,22.3981439],[113.9151583,22.3972182],[113.9148505,22.3969998],[113.914037,22.3967864],[113.9135752,22.3961033],[113.9146345,22.3952218],[113.9147011,22.3944709],[113.9149469,22.3940314],[113.9149927,22.3933183],[113.9152408,22.3926423],[113.9163759,22.3924373],[113.9167372,22.3922118],[113.9173583,22.391407],[113.9178547,22.3913186],[113.9184378,22.3914431],[113.9186905,22.3913375],[113.9189807,22.3908934],[113.919965,22.3892321],[113.9206957,22.3873921],[113.9208757,22.3841106],[113.9208764,22.3840966],[113.9207257,22.3840342],[113.9206487,22.3840023],[113.9206458,22.3839934],[113.9204069,22.3832631],[113.9203223,22.3822993],[113.920124,22.3817781],[113.9201921,22.3811728],[113.9194243,22.3796801],[113.9190333,22.3792033],[113.9183321,22.3786965],[113.9182578,22.3786429],[113.9179695,22.3787013],[113.9176185,22.3791266],[113.9169346,22.3790282],[113.9168259,22.3787173],[113.9158987,22.3773783],[113.9157423,22.3774526],[113.9151348,22.3767322],[113.9148528,22.3760283],[113.9149807,22.375309],[113.9164564,22.3739456],[113.9168005,22.3736413],[113.9178434,22.372668],[113.9202829,22.370594],[113.9230244,22.3689027],[113.9252342,22.3672926],[113.9297355,22.3639698],[113.9369671,22.3594696],[113.9372272,22.3594546],[113.9374142,22.359542],[113.9374514,22.3596814],[113.9373949,22.3598729],[113.9372637,22.360012],[113.9347939,22.3615167],[113.9369843,22.3663709],[113.9384089,22.3658016],[113.937486,22.363771],[113.9401652,22.3627261],[113.9410959,22.3647511],[113.9424741,22.3642058],[113.9415698,22.362175],[113.9442459,22.3611195],[113.94518,22.3631471],[113.9465795,22.3626075],[113.945668,22.3605544],[113.9473867,22.3598891],[113.9484593,22.3622711],[113.9467013,22.3649099],[113.949358,22.3664146],[113.9514011,22.3683473],[113.9513661,22.3692938],[113.9519324,22.3700917],[113.9535376,22.3707243],[113.9548482,22.3718573],[113.9548776,22.3718827],[113.9559428,22.3724825],[113.9565765,22.37271],[113.9578412,22.3731639],[113.9588144,22.3733353],[113.9596816,22.3732427],[113.9601995,22.3729439],[113.9602034,22.3724883],[113.9605838,22.3723624],[113.960808,22.3723831],[113.9611828,22.3727192],[113.9639453,22.3728032],[113.9660672,22.3723358],[113.9657649,22.3714115],[113.9659823,22.3713318],[113.9662985,22.372258],[113.970372,22.3711241],[113.9717639,22.3707879],[113.9724267,22.3708262],[113.9703669,22.3745331],[113.9679065,22.3789659],[113.9670161,22.3808185],[113.9668172,22.3818332],[113.9668526,22.3828709],[113.9674907,22.3843796],[113.9682611,22.3853397],[113.9698385,22.3867114],[113.970348,22.3873682],[113.9710376,22.3886479],[113.973443,22.3987237],[113.9739738,22.3998701],[113.9745485,22.4010103],[113.9751232,22.4021171],[113.97577,22.4032239],[113.976273,22.4040959],[113.976704,22.4050349],[113.9770986,22.4061414],[113.9774215,22.4070802],[113.9783523,22.4102258],[113.978603,22.4112651],[113.9791774,22.4126399],[113.9791513,22.4120031],[113.9789904,22.4111482],[113.9787485,22.4102263],[113.9781754,22.4079465],[113.9778618,22.4068233],[113.9776018,22.4060354],[113.9768839,22.4042247],[113.9763092,22.4030844],[113.9754469,22.4015752],[113.9748365,22.4002338],[113.9742747,22.3988554],[113.9714505,22.387647],[113.9705577,22.3862779],[113.9686875,22.3846393],[113.9681311,22.3838619],[113.9677224,22.3827748],[113.9678076,22.3815047],[113.9687344,22.3794519],[113.969313,22.3785737],[113.9703604,22.378961],[113.9764373,22.3816764],[113.9778133,22.3795647],[113.9786062,22.3799404],[113.9789475,22.3796068],[113.9792673,22.379747],[113.9806592,22.3786489],[113.9808559,22.3783023],[113.9806583,22.3779733],[113.9808631,22.3776804],[113.9807075,22.3774087],[113.980498,22.3774407],[113.9802502,22.3771413],[113.9806728,22.3765863],[113.9809904,22.3766577],[113.9810495,22.3769028],[113.98155,22.3767699],[113.9818245,22.3765385],[113.9817967,22.3761846],[113.9819828,22.3759694],[113.9831657,22.375999],[113.9841162,22.3754789],[113.9844341,22.3756682],[113.9844417,22.3756031],[113.9841722,22.375462],[113.9856833,22.3748186],[113.9861395,22.3745054],[113.9879906,22.3727794],[113.9881481,22.3724181],[113.9889117,22.3706658],[113.9918156,22.3723155],[113.9920981,22.3719013],[113.9936725,22.3695936],[113.9947514,22.3701373],[113.9950304,22.369735],[113.991856,22.3678591],[113.9917613,22.3671886],[113.9923192,22.3662532],[113.9923202,22.3659941],[113.9931815,22.3652463],[113.9935772,22.3651835],[113.9942973,22.3653793],[113.9944693,22.3649891],[113.9952175,22.3652],[113.9962506,22.3659061],[113.9964393,22.3659039],[113.9972109,22.365493],[113.9971992,22.3647962],[113.9974938,22.3646064],[113.9976089,22.3641228],[113.9979209,22.3640781],[113.9976408,22.3633167],[113.9981984,22.3630125],[113.9981867,22.3623386],[113.9981869,22.3623384],[113.9984222,22.3621318],[113.9989115,22.362106],[113.998859,22.3618474],[113.9991093,22.3618529],[113.9991216,22.3621033],[113.9992763,22.3621034],[113.9992815,22.3618223],[114.001561,22.3618211],[114.0015669,22.3620948],[114.0022826,22.3620753],[114.0023023,22.3628506],[114.0023024,22.3628555],[114.0025009,22.3628632],[114.002885,22.36277],[114.0033036,22.3626683],[114.003578,22.3628054],[114.0036673,22.3626977],[114.0040393,22.3629246],[114.0039241,22.3631451],[114.004375,22.3632017],[114.005013,22.363561],[114.0052047,22.3641532],[114.0064716,22.3642399],[114.0064983,22.3642418],[114.007157,22.3645769],[114.0073635,22.3649628],[114.0089109,22.3653095],[114.0093196,22.3654597],[114.0094501,22.3656962],[114.0101855,22.3655817],[114.0105695,22.3653113],[114.0109485,22.3644476],[114.0106985,22.3637955],[114.0104115,22.3633075],[114.0104243,22.362588],[114.0104898,22.3624699],[114.0109346,22.362498],[114.0109561,22.361796],[114.0114069,22.3617964],[114.0115052,22.362231],[114.0122266,22.362233],[114.0122573,22.3623131],[114.011991,22.3625434],[114.0124362,22.3632206],[114.013006,22.3633636],[114.013092,22.3633851],[114.0135847,22.3631809],[114.0144538,22.3632367],[114.0161957,22.3612752],[114.0164068,22.3612304],[114.0167396,22.3613771],[114.0179238,22.3625809],[114.0184595,22.3627341],[114.0186763,22.3629804],[114.0179448,22.3631109],[114.018154,22.3633139],[114.0201556,22.3652567],[114.020491,22.3656658],[114.0211353,22.3672293],[114.0214452,22.367422],[114.0215998,22.3677828],[114.0218049,22.3692978],[114.0218298,22.3701394],[114.0214411,22.3711248],[114.021389,22.3714374],[114.0215179,22.3717741],[114.0214918,22.3719665],[114.0216986,22.3718705],[114.021932,22.3711494],[114.0220895,22.3689614],[114.0217812,22.3673261],[114.0211364,22.3662675],[114.0210337,22.3656182],[114.0208388,22.3652866],[114.0201568,22.3641266],[114.0195632,22.3634768],[114.0193476,22.363131],[114.0190748,22.3625883],[114.0183436,22.3618093],[114.0170918,22.3604757],[114.0170881,22.360257],[114.0182559,22.358905],[114.0183406,22.3588069],[114.0181327,22.3585739],[114.0192901,22.3567639],[114.0204104,22.3566041],[114.0209171,22.3562337],[114.0219971,22.3561054],[114.0238003,22.3554186],[114.0264036,22.3551759],[114.0305351,22.3555395],[114.0319058,22.3558748],[114.0327103,22.3563359],[114.0336383,22.3566163],[114.0339242,22.3568588],[114.0348825,22.357055],[114.0352658,22.3573777],[114.0367575,22.357431],[114.0377401,22.3582107],[114.0381608,22.3582549],[114.0386076,22.3583019],[114.039221,22.3581006],[114.0395176,22.3583167],[114.0396033,22.3588058],[114.040071,22.3590835],[114.0407348,22.3598548],[114.0417878,22.3603039],[114.0430364,22.3608364],[114.0440703,22.3610646],[114.0440558,22.3613967],[114.0441472,22.3614207],[114.0443248,22.3613323],[114.0451607,22.3615748],[114.0464907,22.3614809],[114.0468292,22.3613115],[114.0472591,22.3609515],[114.0470734,22.3604558],[114.0476494,22.3605838],[114.0480117,22.3605092],[114.0481441,22.3608919],[114.0491471,22.3610425],[114.0496915,22.3613571],[114.0501122,22.36142],[114.0505326,22.3617953],[114.0515851,22.3621413],[114.0516647,22.3624496],[114.0520247,22.3621416],[114.0529593,22.3621423],[114.0531075,22.3624361],[114.0530456,22.3628017],[114.0537103,22.3628197],[114.0539088,22.3631562],[114.0544714,22.3634966],[114.0546353,22.363802],[114.0557119,22.3647353],[114.0568718,22.3652744],[114.0581309,22.3657283],[114.0597453,22.3663102],[114.059966,22.3663706],[114.0596074,22.3672549],[114.0598034,22.3674153],[114.0606851,22.3653871],[114.0621272,22.3654338],[114.0620986,22.3666406],[114.0623184,22.3674165],[114.0624597,22.367364],[114.0622951,22.3666086],[114.0622977,22.3654252],[114.0630447,22.3654508],[114.0630672,22.365255],[114.0636441,22.3652109],[114.0637557,22.3652644],[114.0644855,22.3653035],[114.0653318,22.3643124],[114.065463,22.3642776],[114.065735,22.3642055],[114.0660008,22.3640518],[114.0664264,22.3638799],[114.0668011,22.3634603],[114.0669259,22.3634693],[114.0668874,22.3636658],[114.0678996,22.3634599],[114.0679322,22.3630751],[114.068578,22.3631],[114.0691603,22.3632984],[114.0691109,22.3640569],[114.0709661,22.363517],[114.0711356,22.3639546],[114.0707149,22.3644769],[114.0709027,22.3650566],[114.0710944,22.3652352],[114.0716706,22.3651753],[114.0724125,22.3655215],[114.0724385,22.3655719],[114.0725393,22.3657667],[114.0724278,22.3660252],[114.0725919,22.3660885],[114.0728021,22.3659593],[114.0732326,22.3663714],[114.0733282,22.366423],[114.0734067,22.3664896],[114.0735325,22.3665957],[114.0735884,22.3666191],[114.0736311,22.3667806],[114.0737895,22.3669041],[114.0740377,22.3672319],[114.0741395,22.3672922],[114.0744055,22.3674533],[114.0746551,22.3675581],[114.0748564,22.3675583],[114.0750546,22.3674379],[114.0752653,22.3674205],[114.0753829,22.3674697],[114.0755343,22.367616],[114.0755217,22.3676488],[114.0754387,22.3677142],[114.0754166,22.3677487],[114.0754008,22.3678236],[114.0754329,22.3678827],[114.0755253,22.367936],[114.0762492,22.3679511],[114.0766303,22.3680168],[114.0768278,22.3680117],[114.0769807,22.3679334],[114.0771097,22.3678592],[114.0773632,22.3677856],[114.0773762,22.3677544],[114.0774177,22.367654],[114.077516,22.3674015],[114.0776293,22.3672121],[114.0779027,22.3670957],[114.0784586,22.3669016],[114.0785424,22.3668688],[114.0787611,22.3670023],[114.0788892,22.3671146],[114.0790103,22.3671537],[114.0790587,22.3671473],[114.0791915,22.3671593],[114.0793829,22.3671743],[114.0794645,22.3673221],[114.0794473,22.3674447],[114.0794321,22.36755],[114.0796432,22.3677536],[114.0794996,22.3681254],[114.0794014,22.368378],[114.0793086,22.3686399],[114.0791455,22.3686877],[114.0793682,22.3689802],[114.079487,22.3690289],[114.0795669,22.3690435],[114.0798265,22.3692397],[114.0801203,22.3692217],[114.0801712,22.3692018],[114.0802071,22.3691884],[114.0805681,22.3692079],[114.0810518,22.3692012],[114.0812153,22.3691837],[114.0814242,22.3691634],[114.0816922,22.3690816],[114.0818324,22.3690653],[114.0819683,22.3689964],[114.0821421,22.3688064],[114.0826007,22.3685879],[114.0827762,22.3685552],[114.0828712,22.3685155],[114.0829857,22.3684442],[114.0830487,22.368405],[114.0833425,22.3683028],[114.0833758,22.3682806],[114.0835709,22.3681356],[114.0838937,22.3678743],[114.0840454,22.3677346],[114.0842102,22.3676563],[114.0842908,22.3676043],[114.084421,22.3675125],[114.0848117,22.3674063],[114.0849262,22.3673935],[114.0855049,22.3673458],[114.0857489,22.3673758],[114.0859904,22.3674415],[114.0862407,22.3674439],[114.0868792,22.3673062],[114.0870893,22.3672321],[114.0885271,22.3672252],[114.0891139,22.3672098],[114.0905744,22.3672644],[114.0907417,22.3672335],[114.0909153,22.36713],[114.0909682,22.367116],[114.091265,22.3671214],[114.0914235,22.3671899],[114.0914581,22.3672081],[114.0916052,22.3672292],[114.0919574,22.3672932],[114.0920612,22.3673342],[114.0922435,22.3674056],[114.0923699,22.3674268],[114.0926637,22.3674135],[114.0927285,22.3674275],[114.0930259,22.3675693],[114.09305,22.3676269],[114.0930261,22.3677091],[114.0929174,22.3677975],[114.0928495,22.3678385],[114.0926112,22.3678914],[114.0924627,22.3679598],[114.0923727,22.3680317],[114.0922884,22.3681521],[114.0921844,22.3682546],[114.0922589,22.3682896],[114.0926419,22.367992],[114.0939887,22.3677336],[114.09592,22.3682271],[114.0980522,22.3681533],[114.098499,22.3684944],[114.0985169,22.3685081],[114.0985179,22.368507],[114.0991018,22.3685334],[114.1040178,22.3722294],[114.105584,22.3720487],[114.1091666,22.3686411],[114.110324,22.3680195],[114.1107563,22.3677846],[114.1111105,22.3675858],[114.1110163,22.3671745],[114.1111492,22.3669406],[114.1117838,22.3669157],[114.1122544,22.3665064],[114.1126385,22.3656202],[114.1125829,22.3648317],[114.1113974,22.3619442],[114.1114421,22.361652],[114.1116567,22.3602502],[114.1118992,22.3594471],[114.1121527,22.3593758],[114.1125178,22.3599317],[114.1132787,22.3601795],[114.1151416,22.3561233],[114.1152495,22.3558883],[114.1155432,22.3552488],[114.1158079,22.3551136],[114.1160219,22.3550064],[114.116289,22.354878],[114.1162617,22.3546731],[114.1160228,22.3528829],[114.1158418,22.3516933],[114.1150627,22.351436],[114.1151065,22.3516887],[114.114791,22.3519413],[114.1146854,22.3523661],[114.114421,22.3525272],[114.1143639,22.3530495],[114.1138124,22.352952],[114.1135555,22.3525449],[114.1135821,22.3522357],[114.1144257,22.3505825],[114.114886,22.3491302],[114.1150129,22.3491144],[114.1155151,22.3476156],[114.1153088,22.3475527],[114.11539,22.3473153],[114.1198434,22.3486275],[114.1233969,22.338175],[114.1283047,22.3396135],[114.129217,22.3368748],[114.124317,22.3354473],[114.1267469,22.3283108],[114.134214,22.3304983],[114.1345096,22.3303225],[114.1354825,22.3275698],[114.1227013,22.3237512],[114.1215595,22.322241],[114.1218687,22.3213379],[114.1293599,22.317444],[114.1316839,22.318176],[114.1334408,22.3171363],[114.1337618,22.3155751],[114.1341526,22.3138006],[114.1342864,22.3137488],[114.1343867,22.3138941],[114.1344199,22.3148385],[114.1337541,22.3181882],[114.1373135,22.3187901],[114.1373573,22.3185516],[114.1376198,22.3185994],[114.1382256,22.3152999],[114.135555,22.3147689],[114.1354155,22.3146668],[114.1355541,22.3145495],[114.1385496,22.3151322],[114.1380484,22.3179301],[114.139208,22.3181668],[114.1394558,22.3179537],[114.1405248,22.3172971],[114.1410594,22.316394],[114.1421725,22.3154135],[114.1426824,22.3155733],[114.1430596,22.3165495],[114.1431282,22.3167502],[114.1440058,22.3167276],[114.1443292,22.3170643],[114.144127,22.3173651],[114.1444124,22.3180049],[114.1443141,22.3188762],[114.1445739,22.3193689],[114.1447201,22.3195022],[114.1450131,22.3197695],[114.1450395,22.3199939],[114.1464345,22.3211739],[114.1465444,22.3212668],[114.1474424,22.3215679],[114.1475307,22.3219222],[114.1467057,22.323242],[114.1452936,22.3239408],[114.1448506,22.3234946],[114.1447144,22.3233704],[114.1446467,22.3233016],[114.1442161,22.3228639],[114.1443298,22.3227638],[114.1439652,22.3223976],[114.1437842,22.3222177],[114.1431672,22.3216033],[114.142415,22.3222393],[114.1422018,22.3224195],[114.1419357,22.3226445],[114.1415425,22.3229769],[114.1414411,22.3230561],[114.1412734,22.3231999],[114.1424109,22.3242798],[114.1433607,22.324795],[114.1436243,22.3247899],[114.140542,22.326598],[114.1413066,22.3278161],[114.1429775,22.3269006],[114.1432745,22.3273571],[114.1440803,22.3285957],[114.144245,22.3288488],[114.1444043,22.3290937],[114.1474491,22.3272516],[114.147586,22.3271688],[114.1479446,22.3269518],[114.1485913,22.3264649],[114.1492642,22.3259547],[114.1502135,22.3252121],[114.1511678,22.3245012],[114.1517931,22.3240364],[114.1523667,22.3236099],[114.1530891,22.3230512],[114.1520725,22.3218775],[114.1525621,22.3215046],[114.1535832,22.3226701],[114.1541805,22.3222259],[114.1549145,22.3210431],[114.1549611,22.3167416],[114.1593322,22.3167687],[114.1599129,22.3153235],[114.1600294,22.3068944],[114.1573969,22.3033021],[114.1550563,22.303295],[114.155015,22.3027718],[114.1545732,22.3021552],[114.1544998,22.3012794],[114.154505,22.299505],[114.1549266,22.2991036],[114.1554022,22.2986521],[114.1580296,22.2986661],[114.1587158,22.2994553],[114.1595001,22.2999526],[114.1630953,22.3005322],[114.1632912,22.3017222],[114.1633011,22.3017356],[114.1639837,22.3021],[114.1639918,22.3021135],[114.1639286,22.3040255],[114.165634,22.3040671],[114.1668262,22.3040963],[114.1670342,22.3036846],[114.1669016,22.3034938],[114.1671617,22.3025761],[114.166902,22.3015315],[114.1670001,22.3010343],[114.1672326,22.2997591],[114.1673586,22.2991571],[114.1677355,22.2974609],[114.1681524,22.2956518],[114.1645692,22.2949536],[114.1647212,22.2942466],[114.167873,22.2948398],[114.168324,22.2949082],[114.1684613,22.2942833],[114.1691182,22.2935398],[114.1692848,22.2935124],[114.1695557,22.292934],[114.1727945,22.2932297],[114.1731769,22.2929013],[114.1747945,22.293061],[114.1760689,22.2942744],[114.1765643,22.2955931],[114.1767135,22.2957683],[114.1768336,22.2959029],[114.176966,22.2960123],[114.1805101,22.2989408],[114.1808581,22.2989271],[114.1808189,22.2992282],[114.1812209,22.2995612],[114.1812356,22.2994106],[114.182515,22.2995566],[114.1825003,22.2981471],[114.18201,22.2978871],[114.1822649,22.2974765],[114.1830297,22.2979965],[114.1830787,22.2995702],[114.183868,22.2995793],[114.1842824,22.2987644],[114.1868559,22.2998336],[114.1889563,22.3006829],[114.1892799,22.3008426],[114.1904844,22.3011629],[114.190427,22.3013032],[114.1908731,22.3014902],[114.1910496,22.3019463],[114.1915595,22.3018231],[114.1919958,22.3020603],[114.1930855,22.3028094],[114.1927827,22.303761],[114.193344,22.3061923],[114.1933719,22.3063266],[114.1938446,22.3083915],[114.1917711,22.3099837],[114.1917809,22.3101433],[114.1922219,22.3101133],[114.1922411,22.3104373],[114.1917908,22.3104627],[114.1919922,22.3144586],[114.1924629,22.3147778],[114.1930366,22.3156582],[114.1938162,22.3173371],[114.1940314,22.3178478],[114.1943713,22.318588],[114.1945274,22.3188556],[114.1949098,22.3196222],[114.195258,22.3203381],[114.1959984,22.3207257],[114.1998297,22.3173021],[114.2062644,22.3115516],[114.2066343,22.311221],[114.206941,22.3107164],[114.207892,22.3098664],[114.2082741,22.3097555],[114.2122563,22.3061962],[114.2126483,22.3056152],[114.2135966,22.3047676],[114.2139985,22.3046389],[114.2155506,22.3032515],[114.2159732,22.3033471],[114.2172848,22.3046176],[114.2172734,22.30508],[114.2153155,22.3068301],[114.2154489,22.3078085],[114.2153088,22.3081121],[114.2133068,22.3099016],[114.2128016,22.3094122],[114.2116587,22.3100987],[114.2085668,22.312962],[114.208361,22.3129996],[114.2082365,22.3129893],[114.2060676,22.3149278],[114.2074729,22.3162891],[114.2109527,22.3131509],[114.213285,22.31541],[114.2169845,22.3118633],[114.2193982,22.3090874],[114.2197759,22.3093798],[114.2202279,22.3088032],[114.2203383,22.3086687],[114.2206822,22.3082306],[114.2217362,22.3069091],[114.2215607,22.306484],[114.2218098,22.3062219],[114.2220009,22.3060923],[114.2221421,22.306027],[114.2222915,22.3059798],[114.222525,22.3059451],[114.2227611,22.3059547],[114.2229905,22.3060081],[114.2231349,22.3060671],[114.2232695,22.3061436],[114.224129,22.3067832],[114.2243423,22.3066318],[114.2238137,22.3062252],[114.2225925,22.3053024],[114.2249727,22.3026902],[114.2272193,22.3015058],[114.2282001,22.2997455],[114.2288285,22.2989325],[114.2293639,22.2985462],[114.2301974,22.2982157],[114.2310473,22.2981392],[114.2328752,22.2982808],[114.235035,22.2986052],[114.2350991,22.298722],[114.2352912,22.2986305],[114.236017,22.2970263],[114.2352426,22.2966557],[114.2353415,22.29652],[114.2349747,22.2963373],[114.2349049,22.2964846],[114.2343984,22.2962511],[114.234474,22.2961342],[114.2343168,22.2960581],[114.2342586,22.2961749],[114.2336182,22.2958602],[114.2337636,22.2955909],[114.2336608,22.2955394],[114.23349,22.2954538],[114.2334039,22.2956129],[114.2333387,22.2957333],[114.232603,22.2953746],[114.232664,22.2952278],[114.2329172,22.294619],[114.2333153,22.2936615],[114.2370206,22.2901988],[114.2372285,22.2902506],[114.2372226,22.2904371],[114.2364866,22.2911471],[114.2378826,22.292421],[114.2385178,22.2917991],[114.2384246,22.2915884],[114.2381492,22.2909651],[114.2379175,22.2906596],[114.2373233,22.2898361],[114.2371391,22.289432],[114.2367112,22.2887308],[114.2366992,22.2882851],[114.237744,22.2877146],[114.2389248,22.2868007],[114.2394893,22.2866048],[114.2396915,22.2862757],[114.2415854,22.285925],[114.2420494,22.2857048],[114.2422243,22.2858222],[114.2424623,22.2857215],[114.2431343,22.2855706],[114.2434737,22.2860966],[114.2437467,22.2865197],[114.2448696,22.2876657],[114.244871,22.2876829],[114.2449821,22.2891278],[114.2456985,22.2890875],[114.2462316,22.2894974],[114.2464651,22.2898845],[114.24661,22.2899093],[114.2468434,22.2899493],[114.2473654,22.2909545],[114.2482196,22.2915344],[114.24831,22.2923166],[114.2484395,22.2924184],[114.2486597,22.2925916],[114.2492615,22.2925863],[114.2498291,22.2929412],[114.250586,22.2937962],[114.2505117,22.2941414],[114.2506953,22.2944714],[114.2511079,22.2944763],[114.251519,22.2948037],[114.2516912,22.2953638],[114.2515746,22.2956879],[114.251531,22.2958091],[114.2516392,22.295946],[114.2524254,22.2958716],[114.2529894,22.2964598],[114.2532103,22.2970983],[114.2535389,22.2973079],[114.253882,22.2973579]]],[[[114.2215226,22.4376626],[114.2219443,22.4383318],[114.2226147,22.4387685],[114.2226788,22.4390188],[114.2224433,22.439465],[114.2224836,22.4408399],[114.2224052,22.4409307],[114.2221503,22.4408354],[114.2219149,22.4395062],[114.2213021,22.4383187],[114.2212192,22.4375679],[114.2215226,22.4376626]]],[[[114.2576599,22.4471882],[114.2575358,22.4470169],[114.2576456,22.4466074],[114.2577554,22.4461978],[114.2580509,22.4460321],[114.2581707,22.4462953],[114.2580309,22.4468724],[114.2578998,22.4470609],[114.2576599,22.4471882]]],[[[114.2242079,22.4508067],[114.2233092,22.4502788],[114.2233888,22.4501626],[114.2246459,22.4499189],[114.2247484,22.4497539],[114.2249001,22.4495096],[114.2248756,22.4488537],[114.2257959,22.4491291],[114.2270939,22.4503551],[114.2280615,22.4507166],[114.2292777,22.4507549],[114.2296253,22.4508917],[114.2306542,22.4520288],[114.2311128,22.4529412],[114.232119,22.4533258],[114.233182,22.4544582],[114.2336326,22.4554273],[114.2335688,22.4560729],[114.2343732,22.4570343],[114.2342502,22.4574088],[114.2335061,22.4576894],[114.2323853,22.4586093],[114.2307157,22.458451],[114.2297063,22.4578502],[114.2284424,22.4566277],[114.228056,22.4559938],[114.2275566,22.4555865],[114.2275252,22.4548063],[114.2268502,22.4537327],[114.2268498,22.4526646],[114.2267446,22.4526186],[114.2259319,22.4522627],[114.2242079,22.4508067]]],[[[114.2183302,22.4567375],[114.2173273,22.45678],[114.2171464,22.4570846],[114.2164905,22.4572986],[114.2164978,22.4568027],[114.2173251,22.4558651],[114.2180851,22.4561556],[114.2186203,22.4556914],[114.2190555,22.4556231],[114.2197047,22.4559373],[114.21991,22.4561511],[114.2198808,22.4563262],[114.2193157,22.4566795],[114.2183302,22.4567375]]],[[[114.2203652,22.4621518],[114.2202914,22.4607474],[114.2209473,22.4606339],[114.2211531,22.4603651],[114.2218719,22.4604805],[114.2223165,22.4603296],[114.2224433,22.4604197],[114.2224142,22.4607717],[114.222691,22.4610814],[114.2227596,22.4614663],[114.2224657,22.4621761],[114.2226916,22.4627493],[114.222471,22.4633689],[114.222045,22.4630824],[114.2219422,22.4626039],[114.2213053,22.462088],[114.2208669,22.4620378],[114.2205368,22.4622407],[114.2203652,22.4621518]]],[[[114.2104183,22.5273646],[114.2112479,22.5272004],[114.2113798,22.5277144],[114.2108112,22.5282281],[114.210228,22.5279368],[114.2104183,22.5273646]]],[[[114.2271118,22.5314875],[114.2274968,22.5319464],[114.2276331,22.5323782],[114.2272051,22.5322781],[114.2268866,22.5315236],[114.2271118,22.5314875]]],[[[114.1091953,22.5364265],[114.1091162,22.5364711],[114.1090456,22.5365078],[114.1089778,22.5365366],[114.1088987,22.536555],[114.108814,22.5365628],[114.1087434,22.5365549],[114.10867,22.5365312],[114.108591,22.536484],[114.1085204,22.5364314],[114.1084668,22.5363579],[114.1084197,22.536266],[114.1083858,22.5361663],[114.1083548,22.5360508],[114.1083266,22.5359353],[114.1083126,22.5358276],[114.1082929,22.5357148],[114.1082647,22.5355665],[114.1082196,22.5354247],[114.1081463,22.5352514],[114.1080786,22.5350782],[114.1079968,22.5349128],[114.1079158,22.534798],[114.1078481,22.534714],[114.1077351,22.5346169],[114.1076081,22.5345354],[114.1074303,22.5344435],[114.1071734,22.5343463],[114.106992,22.5343034],[114.1070579,22.5342733],[114.1081376,22.5336049],[114.1086424,22.5330758],[114.1090087,22.5325791],[114.1093238,22.5320756],[114.1095661,22.5316732],[114.1095757,22.5317717],[114.1095813,22.5318452],[114.1095502,22.5319501],[114.1095247,22.5320105],[114.1094993,22.5320604],[114.1094851,22.5321207],[114.1094823,22.5321916],[114.1094851,22.5322835],[114.1094991,22.5324724],[114.1095385,22.5327778],[114.1095722,22.5331164],[114.1096087,22.5334797],[114.1096425,22.5336897],[114.1096622,22.5338551],[114.1096761,22.5342304],[114.1096873,22.5344299],[114.10969,22.5346386],[114.1096956,22.5348565],[114.1096983,22.5350008],[114.1096954,22.5351478],[114.1096841,22.5352647],[114.1096812,22.5353959],[114.1096727,22.5355245],[114.1096585,22.535682],[114.1096245,22.5358027],[114.1095881,22.5358964],[114.1095428,22.5360145],[114.1094665,22.5361562],[114.1093817,22.5362743],[114.1092744,22.5363714],[114.1091953,22.5364265]]],[[[114.2590374,22.5458199],[114.258675,22.5451652],[114.2587381,22.5449837],[114.2594991,22.544697],[114.2602381,22.5450421],[114.2612941,22.5451177],[114.2617643,22.5455495],[114.262081,22.5457542],[114.2622245,22.546066],[114.2621739,22.5465201],[114.2617651,22.5467894],[114.2608286,22.5465233],[114.2599424,22.5452145],[114.2592885,22.5450763],[114.2593354,22.5453515],[114.2596339,22.5456284],[114.2594978,22.5458936],[114.2590374,22.5458199]]],[[[114.2606407,22.5514916],[114.2607978,22.5513872],[114.261768,22.55151],[114.262605,22.5514665],[114.2624372,22.5518555],[114.2617683,22.5519558],[114.2606407,22.5514916]]],[[[114.3039452,22.1837459],[114.3035735,22.1836355],[114.3030924,22.1830522],[114.3028905,22.1829733],[114.3027692,22.1830773],[114.3022686,22.1827587],[114.3020764,22.1824877],[114.3020518,22.1820217],[114.3022868,22.1811222],[114.303095,22.1809897],[114.303649,22.1814281],[114.303857,22.1822906],[114.3041159,22.1821107],[114.3045879,22.1828838],[114.3042924,22.1835214],[114.3039452,22.1837459]]],[[[114.2896427,22.1875851],[114.2895262,22.1882281],[114.2889735,22.188848],[114.2886987,22.1889272],[114.2887157,22.1892057],[114.287862,22.1897127],[114.2876382,22.190115],[114.2872864,22.1901267],[114.286803,22.1898081],[114.2860542,22.18885],[114.2861368,22.1884386],[114.2858493,22.1880721],[114.2858823,22.1867558],[114.2854116,22.1867516],[114.2849893,22.1869692],[114.284523,22.1869916],[114.2843046,22.18725],[114.2841003,22.1872184],[114.2836802,22.1870018],[114.2829946,22.186079],[114.2827245,22.1852427],[114.2829555,22.1852288],[114.2835496,22.1846223],[114.2834661,22.1831296],[114.2835631,22.1829007],[114.2839005,22.182736],[114.2838686,22.1822925],[114.2841913,22.1822427],[114.2838875,22.1817819],[114.2840765,22.1812565],[114.2847932,22.181444],[114.2855371,22.181245],[114.2859509,22.1809299],[114.2877038,22.1805487],[114.287986,22.1805981],[114.2885977,22.1809552],[114.2892592,22.181986],[114.2892074,22.1838133],[114.2889984,22.1841526],[114.2889653,22.1846728],[114.2885987,22.1847816],[114.2888634,22.1850484],[114.2889827,22.1854784],[114.2894345,22.1858485],[114.2893889,22.1862103],[114.2895589,22.1865089],[114.2893798,22.1872103],[114.2896427,22.1875851]]],[[[114.290868,22.1894436],[114.2906687,22.1895297],[114.2905915,22.1898873],[114.2902806,22.1899008],[114.2896975,22.1894762],[114.2894384,22.1888385],[114.2899172,22.1877687],[114.2902356,22.1879652],[114.2906661,22.1888307],[114.290868,22.1894436]]],[[[114.296285,22.2546068],[114.2972613,22.254388],[114.2974562,22.2546824],[114.2976478,22.2546564],[114.2977359,22.2549877],[114.297244,22.2558994],[114.2962955,22.256048],[114.2958577,22.2566144],[114.2953576,22.2564611],[114.2951523,22.2571361],[114.2955111,22.2575265],[114.2951343,22.2577897],[114.2960535,22.2578656],[114.2961387,22.2584828],[114.2960232,22.2586526],[114.2957224,22.2588312],[114.294807,22.2587415],[114.2945604,22.2580531],[114.2939148,22.2576353],[114.293092,22.2578855],[114.2922482,22.2572487],[114.2914354,22.257297],[114.2913956,22.2570111],[114.2902241,22.2558596],[114.2893875,22.2554241],[114.2891951,22.2551187],[114.289151,22.2544307],[114.2886535,22.2541025],[114.2868022,22.253773],[114.2861863,22.2542509],[114.2859277,22.2546774],[114.2854538,22.2549032],[114.2851743,22.2547049],[114.2847423,22.2547109],[114.2842177,22.2541245],[114.2837746,22.2540914],[114.2825474,22.2528806],[114.2820874,22.2517769],[114.2815853,22.2514711],[114.2810985,22.2508599],[114.2811044,22.2505342],[114.2805776,22.2501974],[114.2806083,22.2499316],[114.2803647,22.2497505],[114.2807341,22.2479128],[114.2809467,22.2467243],[114.280878,22.2461129],[114.2805895,22.2458502],[114.2805027,22.2452946],[114.2825506,22.2435231],[114.2828073,22.243505],[114.2829162,22.2432278],[114.2833901,22.2432078],[114.2836445,22.2428795],[114.2838856,22.2430402],[114.2841233,22.2427183],[114.2843273,22.24289],[114.2845413,22.2425416],[114.2848036,22.2427859],[114.2850802,22.2423785],[114.2852265,22.2426408],[114.2854441,22.2424146],[114.2857754,22.2425095],[114.2856774,22.2421704],[114.2862922,22.242448],[114.2867299,22.2422101],[114.2867464,22.2418618],[114.2874706,22.2419247],[114.2878539,22.2415177],[114.2877924,22.2406313],[114.2871749,22.2399846],[114.2866809,22.2389358],[114.2867678,22.2383787],[114.2869356,22.2383226],[114.287108,22.2384714],[114.2872319,22.2384782],[114.2872149,22.2381886],[114.2875302,22.2379577],[114.2877346,22.2380164],[114.2877106,22.2382968],[114.2878784,22.2382112],[114.2878019,22.2376322],[114.2879237,22.237485],[114.2889586,22.2376897],[114.289221,22.2380967],[114.2891806,22.2387438],[114.2893917,22.2385534],[114.2896272,22.238556],[114.2898367,22.2388022],[114.2899853,22.23944],[114.2897233,22.240272],[114.2891798,22.2409373],[114.2887667,22.2410598],[114.2887136,22.2412184],[114.2891971,22.2415324],[114.2896299,22.2414076],[114.2897054,22.2419232],[114.2899381,22.2415066],[114.2901764,22.2414481],[114.2903348,22.2418956],[114.2898394,22.2421717],[114.2902773,22.2428203],[114.2912997,22.2429533],[114.2912873,22.2422474],[114.2915453,22.241994],[114.2918313,22.2422516],[114.2916894,22.2425757],[114.2917661,22.2428399],[114.2926594,22.2419615],[114.2928708,22.2420698],[114.2929349,22.2425744],[114.2931512,22.2426629],[114.2935003,22.2421333],[114.2938304,22.2419428],[114.2938484,22.2417116],[114.2942966,22.2416079],[114.2945154,22.2417479],[114.2950691,22.2415802],[114.295215,22.2412768],[114.295737,22.2415921],[114.2959977,22.2422486],[114.2958356,22.2425162],[114.2957572,22.2420457],[114.2955893,22.2419819],[114.2955658,22.2428147],[114.29612,22.2432623],[114.2960842,22.2440716],[114.2963927,22.2440622],[114.296466,22.2443655],[114.2966872,22.2443878],[114.2963838,22.2451523],[114.2964747,22.2457993],[114.2958122,22.246371],[114.2956967,22.2467142],[114.2959498,22.2470336],[114.2959564,22.2475853],[114.2961755,22.247928],[114.2965896,22.2480152],[114.2969392,22.247729],[114.2976085,22.2477624],[114.298138,22.2475756],[114.2983137,22.2477562],[114.2983874,22.2487301],[114.2981898,22.2489],[114.2981538,22.2494097],[114.2984672,22.249455],[114.2984766,22.2496333],[114.2983123,22.2496904],[114.2983344,22.2503042],[114.2978718,22.2505934],[114.2966864,22.2506397],[114.2963517,22.2510081],[114.2962792,22.2514639],[114.2965896,22.2516592],[114.2964899,22.2521685],[114.2961466,22.252469],[114.2958906,22.2523219],[114.2957208,22.2525994],[114.2957327,22.2527041],[114.2959638,22.2526901],[114.2959912,22.2528713],[114.2956063,22.2537771],[114.2957849,22.2538029],[114.2962444,22.253432],[114.2963887,22.2537121],[114.2960836,22.2540259],[114.2962551,22.2543968],[114.2956035,22.2548932],[114.2959658,22.2550909],[114.296285,22.2546068]]],[[[114.2791137,22.2648873],[114.2791043,22.2647406],[114.2795054,22.2646437],[114.2798709,22.2650347],[114.2798711,22.2652269],[114.279488,22.2654285],[114.2794847,22.2651195],[114.2791137,22.2648873]]],[[[114.3019776,22.3216495],[114.3021448,22.3219325],[114.30164,22.3224144],[114.3011108,22.3225563],[114.3010165,22.3221542],[114.3013354,22.3219785],[114.301403,22.3222443],[114.3015598,22.3218765],[114.3019776,22.3216495]]],[[[114.2989184,22.3278014],[114.2983188,22.328044],[114.2984321,22.328201],[114.2992533,22.3282573],[114.2992152,22.3284702],[114.2980886,22.3285919],[114.2980974,22.3287133],[114.2983961,22.3287988],[114.2981892,22.3290647],[114.2972701,22.3289124],[114.2973466,22.3293933],[114.2968872,22.3295075],[114.2969524,22.3297646],[114.2966989,22.3298529],[114.2966744,22.3300968],[114.2960541,22.3300461],[114.2958022,22.3304846],[114.2952453,22.3308055],[114.2949958,22.331236],[114.293718,22.3316414],[114.2938876,22.331101],[114.2933945,22.3301326],[114.2932668,22.3290298],[114.2928262,22.3278743],[114.292947,22.3274151],[114.2933642,22.3270639],[114.2936521,22.3261179],[114.29416,22.325571],[114.2946186,22.3253382],[114.2949648,22.3238007],[114.2952539,22.3233644],[114.2954154,22.3235231],[114.295731,22.3230868],[114.2962794,22.3229644],[114.2963001,22.3226474],[114.2972072,22.3226358],[114.2976145,22.3223881],[114.2981057,22.3226742],[114.2982935,22.3224112],[114.2985224,22.3225617],[114.2989147,22.3221277],[114.2998498,22.3223663],[114.3001607,22.322152],[114.3003679,22.3222278],[114.3005814,22.3224687],[114.3010194,22.322607],[114.3013246,22.3230314],[114.3013341,22.3233432],[114.3007834,22.3235697],[114.300814,22.3239551],[114.3011674,22.3243058],[114.3016361,22.3242634],[114.3017396,22.3245038],[114.3020135,22.3245629],[114.3019835,22.3248431],[114.3022328,22.3249194],[114.3020079,22.3251946],[114.302115,22.3253441],[114.3016492,22.3257552],[114.3006272,22.3259827],[114.3007066,22.3262145],[114.3003901,22.3263735],[114.3003255,22.3267176],[114.3005094,22.3270051],[114.2998979,22.3271269],[114.2995477,22.3268977],[114.2992755,22.3275037],[114.2989855,22.3274953],[114.2989184,22.3278014]]],[[[114.2870129,22.3633589],[114.2872145,22.3640103],[114.2870486,22.3642334],[114.2868457,22.3642335],[114.286258,22.3632543],[114.2862891,22.3630307],[114.2868286,22.3624473],[114.2870969,22.3629529],[114.2870129,22.3633589]]],[[[114.2909515,22.372141],[114.2911103,22.3716554],[114.2906462,22.3713985],[114.2901666,22.3706271],[114.2900047,22.370194],[114.2894677,22.3687583],[114.2885407,22.3679705],[114.2882619,22.3677336],[114.2878747,22.3675707],[114.2873928,22.3676337],[114.2870803,22.3673117],[114.2871132,22.3670405],[114.2874323,22.3670908],[114.2876192,22.367385],[114.2877977,22.3673507],[114.2882051,22.3668957],[114.2884966,22.3665098],[114.2886111,22.3663583],[114.2896518,22.3647891],[114.2910555,22.3641737],[114.2914358,22.3635672],[114.2921852,22.3629953],[114.2921899,22.3619953],[114.2923151,22.3615319],[114.2923985,22.3612234],[114.292312,22.3609151],[114.2925262,22.3601827],[114.2926157,22.3599965],[114.2927693,22.3596773],[114.2930059,22.3597079],[114.2933246,22.3592507],[114.2931518,22.3587566],[114.292937,22.3586563],[114.2929155,22.3583393],[114.2930627,22.3581539],[114.2928291,22.3579967],[114.2928749,22.3575542],[114.2931822,22.3577166],[114.2934705,22.3575991],[114.2942392,22.3577954],[114.2945584,22.3573184],[114.2949574,22.3573181],[114.2951813,22.3571379],[114.2958975,22.3572884],[114.2961589,22.3570228],[114.2963271,22.3566708],[114.296186,22.3558353],[114.295976,22.3555996],[114.2952204,22.3553284],[114.2951756,22.3550818],[114.2951281,22.3546107],[114.2948328,22.3542934],[114.2950815,22.3536138],[114.2953008,22.3533421],[114.2958026,22.3535367],[114.2958845,22.3530983],[114.2963408,22.3529673],[114.2964599,22.3533412],[114.2969141,22.353663],[114.2969076,22.3540318],[114.2973829,22.3543203],[114.2973227,22.3547961],[114.297493,22.3550801],[114.2975948,22.3556298],[114.2973342,22.356033],[114.2974237,22.3563274],[114.2971785,22.3564617],[114.2969087,22.3570362],[114.296875,22.357765],[114.2963528,22.3581684],[114.2963381,22.3585917],[114.2965717,22.3586427],[114.29664,22.3596344],[114.2962637,22.3613977],[114.2963166,22.3618779],[114.2960618,22.3625471],[114.295758,22.3627755],[114.2959025,22.3631557],[114.2962283,22.3630039],[114.2963663,22.3630782],[114.2960409,22.3636301],[114.2969075,22.3636492],[114.2970276,22.363958],[114.2976428,22.3642491],[114.2975874,22.3644431],[114.2977663,22.3647739],[114.2974159,22.3653979],[114.2977914,22.3656293],[114.2977759,22.3657663],[114.2975701,22.3660609],[114.2972355,22.3661268],[114.2966559,22.3666388],[114.2960903,22.3666392],[114.2960471,22.3665051],[114.2955676,22.3665537],[114.2953041,22.3671827],[114.2954761,22.3675258],[114.2958631,22.3674965],[114.2960339,22.3679131],[114.2953535,22.3680967],[114.2949483,22.3680343],[114.2947886,22.3681715],[114.293807,22.370247],[114.2939452,22.3705959],[114.294305,22.3707954],[114.2942929,22.3712246],[114.2937314,22.3716849],[114.2937566,22.3719619],[114.2930438,22.3722516],[114.2931697,22.3724468],[114.2933914,22.3727908],[114.2930595,22.3731057],[114.293054,22.3732916],[114.293453,22.3732594],[114.2936437,22.3735966],[114.2942922,22.3733818],[114.2948059,22.3739616],[114.2948801,22.3744738],[114.2950345,22.3755392],[114.2944669,22.3754496],[114.2940357,22.375731],[114.2929508,22.3752631],[114.2923202,22.3745493],[114.2918806,22.3744401],[114.2915021,22.3743461],[114.2908137,22.3731555],[114.2904688,22.3729049],[114.2905516,22.3725524],[114.2909515,22.372141]]],[[[114.2957559,22.3714006],[114.2948468,22.3720302],[114.2945308,22.3719299],[114.2945588,22.3711738],[114.295515,22.3700512],[114.2958685,22.370177],[114.296419,22.3706737],[114.2965311,22.3710435],[114.2963827,22.3712915],[114.2957559,22.3714006]]],[[[114.3010776,22.3709106],[114.3019068,22.3710098],[114.3018616,22.3714761],[114.3015391,22.3718219],[114.3011215,22.3719111],[114.3006898,22.3715444],[114.3007425,22.371211],[114.3010776,22.3709106]]],[[[114.2958678,22.3729835],[114.2962063,22.3731522],[114.2963603,22.3735656],[114.2962844,22.3739199],[114.2956972,22.3742356],[114.2954418,22.374241],[114.294952,22.3739516],[114.2948112,22.3735557],[114.294922,22.3731212],[114.2951493,22.3731298],[114.2955242,22.3734808],[114.2958678,22.3729835]]],[[[114.3020338,22.3747337],[114.3013024,22.3752256],[114.3011244,22.3751345],[114.3011516,22.3748743],[114.3006172,22.3749201],[114.300237,22.3756381],[114.2998831,22.3758608],[114.299846,22.3755408],[114.2993794,22.3752665],[114.2995139,22.3748843],[114.2998954,22.3748498],[114.3000598,22.3746869],[114.300395,22.3743546],[114.3004411,22.3741513],[114.3001364,22.3734402],[114.3007228,22.372837],[114.3011709,22.372688],[114.3020132,22.3727507],[114.3022023,22.3733498],[114.3024897,22.3734843],[114.3023183,22.3738299],[114.3020338,22.3747337]]],[[[114.2845004,22.3744484],[114.2848199,22.3741573],[114.2853785,22.373974],[114.2862787,22.3737678],[114.2864603,22.3744018],[114.2863875,22.3746922],[114.2862341,22.3750233],[114.2864,22.3755964],[114.2848911,22.3750974],[114.2845316,22.3751952],[114.2845004,22.3744484]]],[[[114.2896968,22.3756824],[114.2900442,22.375217],[114.2903758,22.3752963],[114.2905842,22.3751022],[114.2906726,22.3754575],[114.2906366,22.3757462],[114.2902781,22.3756791],[114.2902197,22.3759543],[114.2898539,22.3760597],[114.2896968,22.3756824]]],[[[114.287565,22.3801686],[114.2874817,22.3798481],[114.2884951,22.3790332],[114.2888847,22.3782984],[114.2890758,22.3783348],[114.2893922,22.3788781],[114.289355,22.3792411],[114.2890643,22.3795665],[114.2882591,22.379923],[114.2877499,22.3803281],[114.287565,22.3801686]]],[[[114.2991002,22.3801661],[114.2992046,22.3796224],[114.299413,22.3795079],[114.2994573,22.380117],[114.2991002,22.3801661]]],[[[114.2829713,22.3802622],[114.2825664,22.3806254],[114.2820345,22.3808174],[114.2819361,22.3810405],[114.2814446,22.3810123],[114.2811496,22.3814242],[114.2794479,22.3819793],[114.2792326,22.3813709],[114.279649,22.3810492],[114.2796736,22.3799217],[114.2799198,22.3801649],[114.2799694,22.3805133],[114.2804608,22.3805327],[114.2811053,22.3789888],[114.2813387,22.3787662],[114.2821497,22.3786914],[114.2827832,22.3791486],[114.2826293,22.3796225],[114.2829713,22.3802622]]],[[[114.282168,22.3864414],[114.2820016,22.3860071],[114.282493,22.3859667],[114.2824907,22.3861984],[114.282168,22.3864414]]],[[[114.2822145,22.386759],[114.2821862,22.3865674],[114.2824018,22.3867844],[114.2822145,22.386759]]],[[[114.2847672,22.3901067],[114.284181,22.3902639],[114.2838913,22.3903443],[114.2836762,22.3899809],[114.2840631,22.3896125],[114.2845739,22.3895721],[114.2844442,22.3898753],[114.284654,22.3898409],[114.2847672,22.3901067]]],[[[114.2865518,22.3931832],[114.2862846,22.3930546],[114.2860878,22.3931719],[114.2857192,22.3928865],[114.2861764,22.392901],[114.2863285,22.3926619],[114.2866777,22.3928225],[114.2865518,22.3931832]]],[[[114.2739715,22.4153836],[114.2726061,22.4155053],[114.2722435,22.4158969],[114.2719487,22.4158657],[114.2718193,22.4156829],[114.2721018,22.4151624],[114.2727047,22.4154309],[114.2732734,22.4153813],[114.2739714,22.4153204],[114.2739715,22.4153836]]],[[[114.2736872,22.4250467],[114.2738116,22.425321],[114.2738373,22.4257333],[114.2734197,22.4263063],[114.2731738,22.4265132],[114.2727537,22.4261017],[114.2726783,22.4257818],[114.2725544,22.425324],[114.2726026,22.4249347],[114.2727249,22.4246828],[114.2731192,22.4246815],[114.2736872,22.4250467]]],[[[114.2726304,22.4328117],[114.2727318,22.4330004],[114.272477,22.4331544],[114.2720496,22.4328742],[114.2713812,22.4319954],[114.2721071,22.432103],[114.2720706,22.4325374],[114.2726304,22.4328117]]],[[[114.2876301,22.4589744],[114.2877334,22.4589752],[114.2878368,22.4589761],[114.2879411,22.4590344],[114.2879937,22.4591444],[114.2877938,22.4591387],[114.2875307,22.4592917],[114.2872676,22.4594446],[114.2872934,22.4592156],[114.2873852,22.4590635],[114.2876301,22.4589744]]],[[[114.3049454,22.5013181],[114.3051137,22.5016618],[114.3045445,22.501654],[114.3041676,22.5013641],[114.3039968,22.5009978],[114.3045607,22.5010452],[114.3049454,22.5013181]]],[[[114.2903308,22.5099695],[114.2903877,22.5096238],[114.2906594,22.5096104],[114.2910029,22.5098627],[114.2910748,22.510328],[114.2907172,22.5102883],[114.2903308,22.5099695]]],[[[114.3006964,22.514428],[114.3004885,22.5146123],[114.3002759,22.5145817],[114.3002926,22.5144554],[114.3005989,22.5142903],[114.3006964,22.514428]]],[[[114.2856052,22.5195651],[114.2860784,22.5192199],[114.2865498,22.5191838],[114.2889533,22.5197827],[114.2885356,22.520339],[114.2881809,22.5205156],[114.287655,22.5204866],[114.2872776,22.520103],[114.286234,22.5204233],[114.2860701,22.5212448],[114.2855395,22.5209651],[114.2852118,22.5209714],[114.2850629,22.5207815],[114.2856052,22.5195651]]],[[[114.2807858,22.5325605],[114.2802754,22.5328505],[114.280044,22.5327143],[114.2802597,22.532379],[114.2807496,22.5324315],[114.2807858,22.5325605]]],[[[114.2888279,22.5329031],[114.2884829,22.5328299],[114.2881156,22.5328559],[114.2880541,22.5324964],[114.2888351,22.532668],[114.2888279,22.5329031]]],[[[114.2724863,22.5325202],[114.2728441,22.5324024],[114.2730228,22.5328697],[114.272903,22.5333134],[114.2726895,22.5332754],[114.2725253,22.5330803],[114.2724863,22.5325202]]],[[[114.2758134,22.532003],[114.2764757,22.5326215],[114.2771425,22.5333172],[114.2771159,22.5334798],[114.276812,22.5336517],[114.2764911,22.5333585],[114.2756445,22.533517],[114.2751579,22.5339195],[114.2750894,22.5329029],[114.2752273,22.5321613],[114.275463,22.5320032],[114.2758134,22.532003]]],[[[114.2676441,22.5380909],[114.2676211,22.538444],[114.2670756,22.5387735],[114.2670537,22.5385793],[114.2673959,22.5380956],[114.2676441,22.5380909]]],[[[114.2660318,22.5422046],[114.2658763,22.5424214],[114.2655895,22.5423738],[114.2651219,22.5423359],[114.2651267,22.5421458],[114.2653564,22.5418353],[114.2659366,22.5417027],[114.2660657,22.5418468],[114.2660318,22.5422046]]],[[[114.3141994,22.5485086],[114.3145449,22.5489785],[114.3146476,22.5494192],[114.3152029,22.5495454],[114.3156606,22.5499381],[114.3167647,22.5497112],[114.3171446,22.5499345],[114.3168577,22.5502938],[114.3152958,22.5504715],[114.3145126,22.5503638],[114.3136143,22.5497525],[114.3133953,22.5497435],[114.3130209,22.5500111],[114.3122641,22.5505935],[114.3112945,22.5508656],[114.3092553,22.5503048],[114.3088832,22.5504503],[114.3075697,22.55046],[114.306132,22.5508111],[114.3055096,22.5513139],[114.3051298,22.5511921],[114.304882,22.5504856],[114.3039661,22.5500579],[114.303037,22.5504113],[114.3022243,22.5503298],[114.2986682,22.5505552],[114.2980285,22.5511457],[114.2968166,22.550839],[114.2949903,22.5511677],[114.2936643,22.5509768],[114.2928405,22.5518539],[114.2928645,22.5527888],[114.2934718,22.5537025],[114.2934877,22.5542288],[114.2931117,22.554617],[114.2929789,22.554776],[114.2914116,22.5551895],[114.2913909,22.5551949],[114.2907521,22.5551375],[114.2903554,22.5548926],[114.2900631,22.5544522],[114.289861,22.5541477],[114.2887856,22.5533486],[114.2885956,22.5525535],[114.2888894,22.5515114],[114.2894374,22.5512842],[114.2899912,22.5507339],[114.2903409,22.5503762],[114.2907515,22.5501386],[114.291031,22.549844],[114.2915662,22.5496136],[114.2917018,22.5492113],[114.2915311,22.5483794],[114.2911509,22.547752],[114.2911285,22.5470155],[114.2906221,22.5466995],[114.2906922,22.5459762],[114.2901905,22.5454384],[114.289709,22.5453621],[114.289344,22.5458371],[114.2895492,22.5464284],[114.2895223,22.5473959],[114.2901246,22.5476393],[114.2901486,22.5479694],[114.2895624,22.5480355],[114.2887375,22.5476632],[114.2883338,22.5478508],[114.286594,22.5475017],[114.2864695,22.5470141],[114.2876813,22.5466157],[114.2882467,22.5459247],[114.2884754,22.5457427],[114.2888085,22.5450009],[114.2895336,22.5448512],[114.2899781,22.5444578],[114.2908259,22.5432009],[114.291395,22.5428121],[114.292288,22.5426144],[114.292662,22.5423635],[114.2933114,22.5409533],[114.2936307,22.540568],[114.294574,22.5394294],[114.2947799,22.5385953],[114.2943985,22.5388013],[114.2938195,22.5386117],[114.2930385,22.5385851],[114.2926414,22.5383636],[114.2919138,22.538377],[114.2917367,22.5388437],[114.2921482,22.5397199],[114.2921806,22.5400229],[114.2919974,22.5402473],[114.291707,22.5402462],[114.2914654,22.5395262],[114.290531,22.5387228],[114.2897593,22.5385765],[114.2889444,22.5388502],[114.2880132,22.5384899],[114.2876259,22.5385215],[114.2875476,22.538241],[114.2879361,22.5370928],[114.2878576,22.5365868],[114.2874146,22.5358368],[114.2863843,22.5348792],[114.2860745,22.5344116],[114.2858655,22.5338589],[114.2860222,22.5333101],[114.2862982,22.5329177],[114.2865657,22.5329497],[114.2885655,22.5341637],[114.2891354,22.5341362],[114.2900109,22.5336567],[114.2906113,22.5335681],[114.2907795,22.5336879],[114.2907501,22.5340626],[114.2909159,22.5342278],[114.2919692,22.5342206],[114.2921907,22.5343692],[114.2925188,22.5341522],[114.29304,22.5344521],[114.2936677,22.5349623],[114.2940354,22.5349556],[114.2944395,22.5347083],[114.2941269,22.5338434],[114.2942626,22.5335816],[114.2948662,22.5342451],[114.2958544,22.5344478],[114.2959521,22.5353605],[114.2961516,22.5356699],[114.2966722,22.5352627],[114.2976965,22.5354474],[114.2982731,22.5357092],[114.2982659,22.5360301],[114.2986943,22.536326],[114.2988729,22.5371528],[114.2989004,22.5371705],[114.299048,22.5372656],[114.299296,22.5370574],[114.3001326,22.5368084],[114.3005311,22.5364462],[114.3004817,22.5362914],[114.3001748,22.5353303],[114.3019752,22.5350038],[114.3022955,22.534565],[114.3021824,22.5340913],[114.3014386,22.5336304],[114.3013116,22.5336346],[114.3014196,22.5339422],[114.3014154,22.5341566],[114.300914,22.5345252],[114.3005052,22.5344489],[114.3000466,22.5341003],[114.2994624,22.5329941],[114.2999096,22.5323206],[114.3008051,22.5326593],[114.3019192,22.5327259],[114.3031547,22.5324811],[114.3040448,22.5318614],[114.3044299,22.53188],[114.3046478,22.5323169],[114.3044518,22.5331353],[114.3052046,22.5340449],[114.305246,22.5340948],[114.3056762,22.5353586],[114.3050852,22.5366323],[114.3040387,22.5364936],[114.3037563,22.5357913],[114.3033375,22.5356492],[114.3023458,22.5360114],[114.3016867,22.5368297],[114.3010622,22.5371869],[114.3009142,22.5374786],[114.3005905,22.5376217],[114.300377,22.5381412],[114.2988619,22.5387186],[114.2986654,22.5394667],[114.2980674,22.5396302],[114.2973482,22.5402267],[114.2975975,22.5414966],[114.297252,22.5420984],[114.2973355,22.5426769],[114.2971312,22.5431013],[114.2965502,22.5433937],[114.2959247,22.5431972],[114.2952485,22.5431977],[114.2944025,22.5435602],[114.2940059,22.5439328],[114.2935949,22.5437187],[114.2934985,22.544835],[114.2936109,22.5456757],[114.2938545,22.5461232],[114.2937095,22.5464847],[114.2941182,22.5469316],[114.2942006,22.5468094],[114.294558,22.5467958],[114.2948483,22.5475165],[114.2955303,22.5484311],[114.2961387,22.5482948],[114.2967542,22.5483508],[114.2971574,22.5481856],[114.2979755,22.5487797],[114.298674,22.5487493],[114.2995791,22.5476144],[114.3005701,22.5468905],[114.3019799,22.5462567],[114.3024198,22.5457209],[114.302514,22.5449141],[114.3030931,22.5446763],[114.305069,22.5453079],[114.3056483,22.546335],[114.3056432,22.547185],[114.3072602,22.5472603],[114.3080748,22.5471605],[114.3081794,22.5474584],[114.3079904,22.5478475],[114.3079209,22.5486043],[114.308071,22.5488691],[114.3084828,22.5489812],[114.3096079,22.5484128],[114.310276,22.5481799],[114.3109188,22.5473069],[114.31142,22.547239],[114.3118487,22.5478806],[114.3128415,22.5480942],[114.3133238,22.5483941],[114.3141994,22.5485086]]],[[[114.2708791,22.5510528],[114.2696532,22.5519323],[114.269308,22.552416],[114.2688993,22.552588],[114.2683798,22.5533753],[114.2680215,22.5535335],[114.2679418,22.5534022],[114.2683815,22.5529836],[114.2688185,22.55147],[114.2700517,22.5512006],[114.2703298,22.5508345],[114.2701856,22.5503883],[114.2703232,22.5499258],[114.2706149,22.5499096],[114.2709851,22.5506798],[114.2708791,22.5510528]]],[[[114.3054711,22.1877186],[114.3051575,22.1874881],[114.3051307,22.186683],[114.3047463,22.1862081],[114.3051445,22.1861219],[114.3049182,22.1858417],[114.3045749,22.1844173],[114.3041811,22.1843225],[114.3039479,22.1840286],[114.3039912,22.1838746],[114.3046466,22.1834807],[114.3048844,22.1834492],[114.3050548,22.183598],[114.3052451,22.1844664],[114.3055078,22.1847194],[114.3058332,22.1854931],[114.3061374,22.1857369],[114.3061402,22.1860489],[114.3058244,22.1860809],[114.3057855,22.1862165],[114.306369,22.1870124],[114.3064375,22.1874099],[114.3063937,22.1875322],[114.3061124,22.1874828],[114.3060399,22.1880619],[114.3063809,22.1886719],[114.3060285,22.1885876],[114.3051556,22.1880175],[114.3054711,22.1877186]]],[[[114.3461156,22.255315],[114.3455561,22.2551263],[114.3454068,22.2548578],[114.3457044,22.2546452],[114.3454491,22.2545546],[114.345552,22.2542714],[114.3454244,22.2540765],[114.3458402,22.2539708],[114.3461267,22.2537047],[114.3474762,22.2534939],[114.3475866,22.253782],[114.3472193,22.2546943],[114.3466147,22.2550746],[114.3461156,22.255315]]],[[[114.3516137,22.2591633],[114.3513979,22.2590881],[114.3514151,22.2580537],[114.3509862,22.2580311],[114.3509493,22.2577194],[114.3512341,22.2571334],[114.3506323,22.2572951],[114.3491216,22.2581263],[114.3484677,22.2581811],[114.3479322,22.2579492],[114.3482479,22.2573207],[114.3480251,22.2570654],[114.3481067,22.2566045],[114.3479246,22.2567434],[114.3477965,22.2566244],[114.3480273,22.2558596],[114.3487136,22.2550552],[114.348446,22.2550215],[114.3483983,22.253971],[114.3487575,22.2535633],[114.3497236,22.2530836],[114.3494504,22.2535735],[114.3496517,22.2539812],[114.3494605,22.2542391],[114.3497739,22.2543211],[114.3497563,22.2545616],[114.3503852,22.2543227],[114.3506139,22.254365],[114.3507427,22.2540934],[114.3517231,22.2537155],[114.3524711,22.25382],[114.3526884,22.2541039],[114.352582,22.254581],[114.3521623,22.2550405],[114.3517259,22.2559356],[114.3518416,22.2560367],[114.3522548,22.2558211],[114.352042,22.2562011],[114.3526963,22.2559881],[114.3529726,22.2560614],[114.3530186,22.2562138],[114.3527516,22.2567273],[114.3519367,22.2569911],[114.3525752,22.2570157],[114.3527004,22.2572871],[114.3524881,22.2575825],[114.3524462,22.2581371],[114.3520568,22.2581094],[114.3521945,22.2585165],[114.352039,22.2587607],[114.3519825,22.2595219],[114.3521501,22.2595815],[114.3523199,22.2594427],[114.3523511,22.2596716],[114.352229,22.2599381],[114.3516599,22.2603278],[114.3512383,22.2604829],[114.3510892,22.2603697],[114.3511772,22.260075],[114.3515096,22.2599239],[114.351433,22.259515],[114.3516137,22.2591633]]],[[[114.3461122,22.2673253],[114.3464767,22.2667278],[114.346567,22.2662525],[114.3462683,22.2655929],[114.3460525,22.2655051],[114.346378,22.2653465],[114.3463958,22.2651964],[114.3459815,22.2650357],[114.3462005,22.2646788],[114.3461956,22.2642697],[114.3459987,22.263965],[114.3456581,22.2639429],[114.3460285,22.2635433],[114.3460572,22.2632596],[114.3469468,22.2628709],[114.3476001,22.2628737],[114.3476464,22.263346],[114.3478898,22.2632042],[114.3484555,22.2633423],[114.3491143,22.2642787],[114.3492424,22.2649132],[114.3488968,22.2653272],[114.3485742,22.2653782],[114.3484768,22.2656049],[114.3485772,22.2657999],[114.3492041,22.2659833],[114.3491349,22.2669603],[114.3497502,22.2672398],[114.3502848,22.2671575],[114.350319,22.2673324],[114.3504649,22.2673466],[114.3500121,22.2675991],[114.3504689,22.2680606],[114.3502504,22.2683093],[114.3502778,22.2685417],[114.349485,22.2691823],[114.3500293,22.2690264],[114.350817,22.2691498],[114.3509701,22.2695144],[114.3513356,22.2696619],[114.3514447,22.2699166],[114.351065,22.2703157],[114.3506091,22.2705095],[114.350804,22.2706928],[114.3505179,22.2707697],[114.350436,22.271016],[114.3495658,22.2710704],[114.3492929,22.2708302],[114.3490188,22.2710796],[114.3486893,22.2705421],[114.3489804,22.2695511],[114.3482858,22.2686572],[114.3471171,22.2682367],[114.3469616,22.2679452],[114.3466303,22.267991],[114.3462895,22.2678239],[114.346411,22.267592],[114.3461122,22.2673253]]],[[[114.3508694,22.2720661],[114.3503527,22.2720609],[114.3503729,22.2714579],[114.3508831,22.2711035],[114.3513546,22.2710035],[114.3513884,22.2713941],[114.3512588,22.2715277],[114.3506563,22.2717234],[114.3509607,22.2719158],[114.3508694,22.2720661]]],[[[114.3139802,22.2746932],[114.3141404,22.2747425],[114.314492,22.2740593],[114.3147211,22.2744365],[114.3149366,22.2741671],[114.3154133,22.2743025],[114.3157922,22.2749338],[114.3158535,22.2756644],[114.3156716,22.2760777],[114.3156237,22.2770287],[114.3147944,22.277916],[114.3140371,22.2778999],[114.3139182,22.2776164],[114.3133246,22.2775122],[114.3119727,22.2761654],[114.312195,22.2759443],[114.3121978,22.2756393],[114.3125258,22.2753784],[114.3126717,22.2753921],[114.3127356,22.2756613],[114.3129605,22.2755478],[114.3131065,22.2750351],[114.3133198,22.2751034],[114.3135226,22.2745509],[114.3136963,22.2745479],[114.3137059,22.2748171],[114.3139802,22.2746932]]],[[[114.3177593,22.2997529],[114.3182327,22.2996121],[114.3183915,22.3000647],[114.3187867,22.3002203],[114.3186348,22.3004017],[114.3183313,22.3004468],[114.3180933,22.3005126],[114.3177593,22.2997529]]],[[[114.3198608,22.3004483],[114.3212581,22.3004954],[114.3212731,22.3006254],[114.3205861,22.3010823],[114.3207322,22.3013169],[114.3201953,22.301697],[114.3193481,22.3015051],[114.3190979,22.3010634],[114.3191465,22.3008597],[114.3198608,22.3004483]]],[[[114.3111423,22.3018406],[114.3114681,22.3017891],[114.3117899,22.3015058],[114.3121618,22.3018391],[114.3121435,22.3020601],[114.311675,22.3022026],[114.3111766,22.3027806],[114.3111423,22.3018406]]],[[[114.3172268,22.3039221],[114.3170437,22.3037246],[114.3169164,22.3038798],[114.3166758,22.3038006],[114.3166452,22.3034353],[114.3170043,22.3033872],[114.3172385,22.3032455],[114.3174325,22.3031429],[114.3173618,22.3035307],[114.3172268,22.3039221]]],[[[114.3110032,22.3030949],[114.3113964,22.3031371],[114.3115523,22.3038389],[114.3111508,22.304281],[114.3111269,22.304533],[114.310725,22.3044793],[114.3106729,22.304236],[114.3110032,22.3030949]]],[[[114.3186887,22.3109563],[114.3191674,22.3111244],[114.3190213,22.3121618],[114.3183195,22.3127401],[114.3181853,22.3126953],[114.3183091,22.3122085],[114.3181537,22.3119986],[114.3182373,22.31154],[114.3186887,22.3109563]]],[[[114.3569716,22.3256359],[114.3575303,22.3258665],[114.3573941,22.3262009],[114.3560413,22.3263514],[114.3555228,22.326585],[114.3549878,22.3264981],[114.3546981,22.326266],[114.3547887,22.3260675],[114.3543186,22.3244606],[114.353651,22.3236317],[114.353258,22.3233968],[114.3529717,22.3234029],[114.3525281,22.3236807],[114.3513275,22.3248458],[114.3506798,22.3251497],[114.3502049,22.3251841],[114.3493,22.3239189],[114.3487975,22.323657],[114.3484312,22.3229095],[114.3478677,22.3223043],[114.3478457,22.3220207],[114.3481192,22.3216246],[114.3479637,22.3213866],[114.3473822,22.3212002],[114.3474328,22.3205524],[114.3477276,22.3199543],[114.3474761,22.3190433],[114.3465144,22.3184552],[114.3464657,22.3180307],[114.3460603,22.3176991],[114.3460499,22.3167453],[114.3465937,22.3159634],[114.34646,22.3158675],[114.3465114,22.3153802],[114.346352,22.3150518],[114.346909,22.3149471],[114.3467959,22.3144289],[114.3469666,22.3144626],[114.3469778,22.31408],[114.3473857,22.3138788],[114.3472996,22.3132731],[114.3476668,22.3126922],[114.3480834,22.312556],[114.3486963,22.3132066],[114.3487481,22.3136001],[114.3486032,22.3139063],[114.3476877,22.3145838],[114.3476847,22.314711],[114.3485245,22.3147895],[114.3485499,22.3158256],[114.3489097,22.316301],[114.3497778,22.3167782],[114.3502496,22.3167863],[114.3508998,22.3160434],[114.3518247,22.3160171],[114.3522995,22.3164562],[114.3523072,22.3171805],[114.3526938,22.3172848],[114.3533775,22.3171057],[114.3537005,22.3172992],[114.3533894,22.3192521],[114.3537944,22.3192034],[114.3539414,22.3195628],[114.3537635,22.3197114],[114.3536799,22.3201096],[114.3527495,22.3207699],[114.3528291,22.3210874],[114.3534015,22.3214233],[114.3531901,22.3224798],[114.354517,22.3224583],[114.354558,22.3230433],[114.3553628,22.3228451],[114.3553767,22.3230976],[114.3550016,22.3232678],[114.3552511,22.323474],[114.3552002,22.3238676],[114.3555957,22.3236209],[114.3557722,22.3238186],[114.3562103,22.3236087],[114.3564843,22.3236366],[114.3567352,22.324967],[114.3570249,22.325236],[114.356894,22.3253523],[114.3569716,22.3256359]]],[[[114.3274462,22.3229476],[114.327144,22.3231153],[114.3268442,22.3232255],[114.3268136,22.3229764],[114.3274462,22.3229476]]],[[[114.319808,22.3257316],[114.3205778,22.3256314],[114.3202133,22.3259608],[114.3198296,22.3262413],[114.319808,22.3257316]]],[[[114.3300396,22.3343375],[114.3296681,22.3344316],[114.3293117,22.3348232],[114.328652,22.3349843],[114.3283056,22.3354334],[114.3274405,22.3360613],[114.327363,22.3364353],[114.3275358,22.3367412],[114.3275224,22.3374431],[114.3272914,22.3377718],[114.3267344,22.3379058],[114.3264716,22.3391263],[114.3265297,22.3396837],[114.3260403,22.3406041],[114.325067,22.3406958],[114.3244707,22.3412228],[114.3239661,22.3411951],[114.3235038,22.341501],[114.3221917,22.3417087],[114.3204658,22.3412431],[114.3195641,22.340603],[114.3190376,22.3404521],[114.3181937,22.3406565],[114.3178053,22.3406201],[114.3176227,22.3404419],[114.3171843,22.3405642],[114.3168106,22.3397988],[114.3166096,22.3390954],[114.3157388,22.3384483],[114.3157571,22.3375727],[114.3161099,22.3372755],[114.3161701,22.3368699],[114.3163951,22.3367397],[114.3166807,22.3359863],[114.3175011,22.3351537],[114.3178111,22.3347174],[114.3179009,22.3342059],[114.3181944,22.3339645],[114.3173905,22.333998],[114.3174088,22.3337604],[114.3175911,22.3336751],[114.3174265,22.3335165],[114.317457,22.3330982],[114.3177509,22.3320871],[114.3187212,22.3314258],[114.3198045,22.3313518],[114.319878,22.3312476],[114.3191495,22.3306246],[114.3188329,22.3306531],[114.3184159,22.3304699],[114.3184217,22.3300217],[114.3188066,22.3297343],[114.3186981,22.3294646],[114.3189442,22.3293821],[114.3191994,22.328634],[114.3199313,22.3277215],[114.3197461,22.3274731],[114.3200619,22.3272743],[114.3198792,22.326969],[114.3199277,22.3266572],[114.3204141,22.3263449],[114.3214063,22.3261266],[114.3217893,22.3263494],[114.3218448,22.3267521],[114.322271,22.3269266],[114.322741,22.327559],[114.3238108,22.3269879],[114.3240848,22.3270107],[114.3241699,22.3268633],[114.3245077,22.3269476],[114.3244078,22.327282],[114.3246782,22.3273922],[114.3251257,22.3271737],[114.3258028,22.3260656],[114.3262991,22.3258362],[114.3261771,22.3256096],[114.3269561,22.3255128],[114.327117,22.3256398],[114.3270355,22.3257561],[114.3266911,22.3257478],[114.3267035,22.3258444],[114.3269747,22.3261439],[114.3273704,22.3260872],[114.3273561,22.3271153],[114.3275749,22.3270466],[114.3278819,22.326169],[114.3281551,22.3260778],[114.3282958,22.3264119],[114.3284181,22.3268249],[114.3281323,22.3272952],[114.3281411,22.32742],[114.3284676,22.3280175],[114.3292294,22.3279454],[114.3299248,22.3277359],[114.3303362,22.3278679],[114.3304289,22.3283487],[114.3307391,22.3287707],[114.3307059,22.3289692],[114.330515,22.3296149],[114.3304796,22.3306286],[114.3308088,22.3313751],[114.3305326,22.3321773],[114.3306761,22.3327514],[114.3305065,22.3331709],[114.3303056,22.3332672],[114.3302756,22.3334968],[114.3305012,22.3334373],[114.3305744,22.3336184],[114.3300396,22.3343375]]],[[[114.3348842,22.3343841],[114.3352583,22.3343497],[114.3354873,22.3345192],[114.3355786,22.3348643],[114.3357576,22.334573],[114.3359221,22.3345556],[114.3360226,22.3348576],[114.3359684,22.3350457],[114.3353299,22.3352897],[114.3352413,22.3357],[114.3349039,22.3359],[114.335087,22.3365073],[114.3349658,22.3370114],[114.334699,22.3373459],[114.3338954,22.33712],[114.3336209,22.3371911],[114.3333405,22.3369785],[114.3330601,22.3362153],[114.3330661,22.3360398],[114.3332733,22.3360534],[114.3333128,22.3359314],[114.332712,22.3350886],[114.3328235,22.3347738],[114.3332467,22.3343632],[114.3337462,22.3342045],[114.3343721,22.3342586],[114.3345828,22.3346536],[114.3348842,22.3343841]]],[[[114.3520805,22.3420502],[114.3520831,22.3426733],[114.3516206,22.3427134],[114.3514064,22.3420515],[114.3518905,22.3419376],[114.3520805,22.3420502]]],[[[114.3480895,22.3494667],[114.3484056,22.3495349],[114.3485433,22.3498287],[114.3487229,22.3500523],[114.3484159,22.3504036],[114.3481639,22.3501708],[114.3480895,22.3494667]]],[[[114.3287183,22.351094],[114.3284867,22.3508003],[114.3289887,22.3506497],[114.3291591,22.3509101],[114.3287183,22.351094]]],[[[114.3512886,22.3528018],[114.3513137,22.3530135],[114.3508305,22.3534392],[114.3505084,22.3539884],[114.3501409,22.3539163],[114.3500997,22.3536206],[114.3505071,22.3529695],[114.3510579,22.3527566],[114.3512886,22.3528018]]],[[[114.3053187,22.3789778],[114.3056237,22.3799119],[114.3053047,22.3800463],[114.3047851,22.3799265],[114.303765,22.3794273],[114.3033107,22.3794156],[114.303218,22.3794132],[114.3030546,22.379591],[114.3030885,22.3797855],[114.3032797,22.3798713],[114.3033168,22.3802476],[114.302764,22.3806203],[114.3016238,22.3806008],[114.3006314,22.3803617],[114.3004186,22.3798329],[114.3009559,22.3794899],[114.3010017,22.3790293],[114.3007864,22.3784006],[114.3004753,22.3782894],[114.3008499,22.377544],[114.3009422,22.3774383],[114.3010525,22.3771751],[114.3007262,22.3767637],[114.3006948,22.3758038],[114.3009938,22.3757182],[114.3011301,22.3757881],[114.3016047,22.3760313],[114.3017338,22.3758199],[114.3019974,22.3759741],[114.302058,22.3752732],[114.3027065,22.3750218],[114.3031002,22.3754646],[114.3033216,22.3751444],[114.3030777,22.3747556],[114.3033759,22.3744011],[114.3033601,22.374195],[114.3035352,22.373872],[114.3040055,22.3739604],[114.3047203,22.3731736],[114.3047451,22.3729796],[114.3049386,22.3729336],[114.3048857,22.3724424],[114.3055459,22.3720847],[114.305509,22.3719471],[114.3053154,22.371956],[114.3048056,22.3722706],[114.3044058,22.3720967],[114.3044484,22.3715246],[114.304233,22.3714818],[114.3041628,22.3712281],[114.3048871,22.3705389],[114.3045027,22.3701594],[114.3027887,22.3706665],[114.3022539,22.3703133],[114.3022199,22.3699666],[114.3024292,22.3694555],[114.3020835,22.3689041],[114.3019964,22.3678693],[114.3026199,22.3675831],[114.3027822,22.3669309],[114.3031013,22.3669829],[114.3039432,22.3666361],[114.3042844,22.3669698],[114.3038827,22.3680508],[114.3042457,22.3683275],[114.3055482,22.3677864],[114.305474,22.3672209],[114.3057194,22.366597],[114.305418,22.3660491],[114.3051688,22.3659923],[114.3049054,22.3653549],[114.305343,22.3653232],[114.3054784,22.3651861],[114.3053052,22.36426],[114.305631,22.3641401],[114.3063285,22.3642366],[114.3057287,22.3638143],[114.3056178,22.3632825],[114.3059004,22.3630476],[114.3058758,22.362791],[114.3061699,22.3621787],[114.3064338,22.3620304],[114.3070822,22.3616815],[114.3073153,22.3612266],[114.308,22.3610774],[114.3084689,22.3597826],[114.3078664,22.359757],[114.3069146,22.3600208],[114.3063461,22.3603209],[114.3063222,22.3608528],[114.3059659,22.3610529],[114.3054189,22.360871],[114.3051663,22.3597847],[114.305467,22.3595446],[114.3053846,22.3588554],[114.3058655,22.3584015],[114.3060744,22.3581551],[114.3070036,22.3577415],[114.3062941,22.3567235],[114.3056546,22.3565301],[114.3052641,22.3562011],[114.3047333,22.3550745],[114.3044941,22.3547676],[114.3039642,22.3549579],[114.3035711,22.3546095],[114.3040459,22.3543687],[114.3042191,22.3536972],[114.3032527,22.3519317],[114.303438,22.3517164],[114.3036971,22.3516765],[114.3037274,22.350997],[114.304231,22.3503937],[114.3045507,22.3503532],[114.3048396,22.3505146],[114.3049005,22.349391],[114.3056649,22.3473739],[114.3065262,22.3470994],[114.3071247,22.3463113],[114.3072375,22.3458412],[114.3074377,22.3456828],[114.3079124,22.3454103],[114.3082074,22.3453819],[114.3083388,22.345693],[114.3089051,22.3454774],[114.3093107,22.3453839],[114.3097654,22.344837],[114.3099441,22.3442057],[114.3105465,22.3436184],[114.3109787,22.3435168],[114.3113248,22.3432386],[114.3120341,22.3432041],[114.3126827,22.3436655],[114.3128321,22.3440698],[114.3131075,22.3442629],[114.313306,22.3461532],[114.3137446,22.3462892],[114.31453,22.3461861],[114.3146429,22.3459312],[114.314815,22.3454386],[114.3157149,22.3443171],[114.3164629,22.3439166],[114.3165237,22.3435236],[114.3167369,22.3433871],[114.317108,22.3434063],[114.3173024,22.3435793],[114.3177066,22.3433557],[114.3185507,22.3433061],[114.3199193,22.3426145],[114.3205764,22.3423591],[114.3208503,22.3423019],[114.321614,22.3422644],[114.3227797,22.3421586],[114.3235382,22.3424243],[114.3245467,22.3440147],[114.3242382,22.3453117],[114.3241809,22.3461241],[114.3231557,22.3468701],[114.3229682,22.3473961],[114.323589,22.3478914],[114.3248253,22.3478224],[114.3254854,22.348037],[114.3254159,22.3484104],[114.3258179,22.3483738],[114.3261006,22.3485036],[114.3260342,22.348854],[114.3255024,22.3495236],[114.3251871,22.3507688],[114.3256926,22.350995],[114.3263749,22.3510347],[114.3266363,22.3508359],[114.3270681,22.3509828],[114.3270542,22.3518435],[114.3259519,22.3539852],[114.3261044,22.3543079],[114.3263902,22.3543749],[114.3263966,22.3546073],[114.327199,22.3547953],[114.3272775,22.3550552],[114.3271535,22.3554053],[114.3273293,22.3557222],[114.3272683,22.3558965],[114.3274145,22.356016],[114.327719,22.3558589],[114.3278178,22.35599],[114.3277202,22.3563763],[114.3274867,22.3563475],[114.3274708,22.3561617],[114.3271053,22.3564111],[114.327198,22.3567368],[114.3270025,22.3571963],[114.326652,22.3575265],[114.3257122,22.3578984],[114.3255004,22.3577331],[114.3249136,22.3577621],[114.3245774,22.3575063],[114.3246868,22.3582135],[114.324493,22.3585795],[114.3240362,22.3587402],[114.3239927,22.3589801],[114.3235815,22.3591576],[114.322961,22.3592296],[114.3227799,22.3591269],[114.3223106,22.3599078],[114.3220859,22.3599911],[114.3215514,22.3598487],[114.3210876,22.3599658],[114.3205717,22.3603722],[114.3201752,22.3603348],[114.3202129,22.3593566],[114.3211036,22.3578736],[114.3210759,22.3576883],[114.3205021,22.3581888],[114.3201285,22.3591508],[114.3196005,22.35997],[114.3192441,22.3600302],[114.3190778,22.3598277],[114.3189517,22.359822],[114.3189488,22.3599851],[114.3191215,22.360471],[114.3187724,22.3609167],[114.3191635,22.3611719],[114.3195092,22.3610421],[114.3194711,22.3628307],[114.320034,22.3632761],[114.319607,22.3638508],[114.3189778,22.3639861],[114.3187965,22.3644148],[114.3190641,22.3647456],[114.3193569,22.3647883],[114.3194211,22.3646599],[114.3197439,22.3646968],[114.3201708,22.3645222],[114.3205269,22.3641613],[114.3207998,22.364168],[114.3205329,22.3645614],[114.3206873,22.3653336],[114.3203658,22.3659854],[114.3203721,22.366576],[114.3201666,22.3671539],[114.3198911,22.3676315],[114.3192764,22.3678318],[114.3195267,22.3689808],[114.3194535,22.3695209],[114.3190269,22.3699185],[114.3185818,22.3699903],[114.3184311,22.3697663],[114.3180124,22.3694049],[114.3177488,22.3705601],[114.3171044,22.3710914],[114.3171697,22.371409],[114.316623,22.3716812],[114.317379,22.3722061],[114.3174379,22.3724575],[114.317101,22.3738869],[114.316567,22.3750255],[114.3169222,22.3755978],[114.3172874,22.3755144],[114.3175544,22.375272],[114.3177412,22.3753723],[114.317908,22.3754123],[114.3179537,22.3756201],[114.3178016,22.3758148],[114.3177703,22.3763839],[114.3171066,22.3763874],[114.3171598,22.3770929],[114.3178145,22.3775092],[114.3174592,22.3781071],[114.3166505,22.3779905],[114.3162576,22.3784716],[114.3158133,22.3786544],[114.3154952,22.3783864],[114.3152067,22.3783808],[114.3152008,22.3780835],[114.3146249,22.3778836],[114.3140779,22.3772157],[114.3138405,22.3764041],[114.3134774,22.3760676],[114.3135101,22.3750473],[114.3131496,22.3742102],[114.3130125,22.3750529],[114.3127535,22.3749442],[114.3116211,22.3754112],[114.3112737,22.3758006],[114.3114069,22.3760438],[114.312067,22.376214],[114.3121835,22.3759229],[114.3126418,22.3758964],[114.312448,22.3763025],[114.312553,22.3764598],[114.3122983,22.3765088],[114.3121693,22.376697],[114.3123995,22.3771742],[114.3123636,22.377529],[114.3123388,22.3776945],[114.3128644,22.3775599],[114.3131507,22.3778448],[114.3134524,22.378639],[114.3136768,22.3788618],[114.3136407,22.3796335],[114.3133827,22.3801715],[114.3128185,22.3804164],[114.3118281,22.3803354],[114.3108934,22.3797363],[114.310457,22.3797593],[114.3098836,22.3793896],[114.3084732,22.3803236],[114.3086575,22.3804524],[114.3085411,22.3807579],[114.3082339,22.3808499],[114.3078123,22.3807277],[114.3076253,22.3809706],[114.306731,22.3808424],[114.3067003,22.3806996],[114.3076375,22.3806959],[114.3079474,22.3802875],[114.3082397,22.3802954],[114.3096936,22.379354],[114.3097997,22.3792657],[114.3097103,22.3791624],[114.3093438,22.3785227],[114.3093989,22.3780599],[114.3088787,22.3773176],[114.3089102,22.3769041],[114.3086291,22.3767656],[114.3085187,22.3769375],[114.3082332,22.3767403],[114.3081742,22.3763862],[114.30869,22.3757801],[114.3083884,22.3757826],[114.3085237,22.3756112],[114.3083582,22.3755115],[114.3081348,22.3761273],[114.3079342,22.3761436],[114.3077372,22.3758261],[114.3077987,22.3754846],[114.3074018,22.3750837],[114.3073663,22.3737894],[114.3071902,22.3737157],[114.3070124,22.373976],[114.3067638,22.3730947],[114.3063671,22.3729156],[114.3063212,22.3732501],[114.3065183,22.3734051],[114.3064358,22.3735869],[114.3066533,22.3737082],[114.3065132,22.374193],[114.3066149,22.3748474],[114.3063536,22.3751589],[114.3058809,22.3751134],[114.3060435,22.374705],[114.305505,22.3744052],[114.3056956,22.3739591],[114.3054682,22.3738333],[114.3053379,22.3733566],[114.3046985,22.3732973],[114.3041403,22.3739319],[114.3043346,22.3740403],[114.3044605,22.3744717],[114.304796,22.3746973],[114.305067,22.3754741],[114.3056047,22.3755195],[114.3054979,22.376188],[114.3058143,22.3766854],[114.3062729,22.3769963],[114.3061814,22.3780253],[114.3059737,22.3782822],[114.3060378,22.3787281],[114.3054752,22.3787343],[114.3053187,22.3789778]]],[[[114.3250419,22.3663749],[114.3252881,22.366521],[114.3253378,22.3669263],[114.3251204,22.3673521],[114.3248009,22.3675301],[114.3238174,22.367405],[114.3234608,22.3672683],[114.3236013,22.3667078],[114.3239085,22.3667191],[114.3246367,22.3663898],[114.3250419,22.3663749]]],[[[114.3247773,22.3694592],[114.3245944,22.3700621],[114.324404,22.3700739],[114.3243182,22.3698737],[114.3245324,22.3692905],[114.3243535,22.3689765],[114.3246081,22.3688247],[114.3247773,22.3694592]]],[[[114.3224634,22.3771741],[114.3221962,22.3772173],[114.3220943,22.3770717],[114.32218,22.3766198],[114.3218873,22.3762084],[114.3213688,22.3765236],[114.3208836,22.3765037],[114.3210368,22.3761354],[114.3206306,22.3757926],[114.3203587,22.3757655],[114.3206873,22.3756427],[114.3207163,22.3753006],[114.3208911,22.3752407],[114.3209431,22.3748544],[114.320599,22.3747438],[114.3205276,22.3745807],[114.3209071,22.3745092],[114.3206495,22.3741056],[114.3211534,22.3734826],[114.320487,22.3733346],[114.3203879,22.3728608],[114.3206274,22.3726266],[114.3211961,22.3725454],[114.3216777,22.3721048],[114.3217926,22.3716064],[114.3225749,22.3713496],[114.3227312,22.3711388],[114.3224904,22.3707437],[114.3228499,22.3706526],[114.3231604,22.3707725],[114.3231145,22.3711268],[114.3232867,22.3715267],[114.3241389,22.3720886],[114.3243236,22.3726],[114.3242918,22.3743776],[114.3247923,22.3742198],[114.3251758,22.3736677],[114.3255996,22.3736017],[114.3257841,22.3733013],[114.3260756,22.3731675],[114.3261921,22.3729183],[114.3260719,22.372678],[114.3257129,22.3726504],[114.3257604,22.3715784],[114.3259692,22.3712101],[114.3254987,22.370858],[114.3255963,22.3698667],[114.3258296,22.3691243],[114.3264116,22.3686488],[114.3264472,22.3680001],[114.3267122,22.3677333],[114.3270184,22.3667906],[114.3272393,22.3666928],[114.3268238,22.3657989],[114.3272254,22.365413],[114.3275819,22.3653952],[114.3276377,22.3655781],[114.3278438,22.3656325],[114.3283374,22.3654799],[114.3285722,22.3660517],[114.3287691,22.366246],[114.3288421,22.3668243],[114.3285491,22.3683164],[114.3285717,22.3684691],[114.3288883,22.3685176],[114.3289347,22.3686888],[114.3287013,22.368818],[114.3287113,22.3694352],[114.3283637,22.3695471],[114.328251,22.3698091],[114.3283063,22.3701272],[114.3286872,22.3702297],[114.3289948,22.3705639],[114.3293019,22.3705438],[114.3295608,22.3709257],[114.3293146,22.3736128],[114.3288705,22.3740046],[114.3282015,22.374252],[114.3267761,22.3755129],[114.3246136,22.3764376],[114.324177,22.3763015],[114.3239618,22.3758581],[114.3236177,22.3763613],[114.3232924,22.3764016],[114.3229945,22.3769768],[114.3224634,22.3771741]]],[[[114.3185556,22.376111],[114.3183016,22.3763255],[114.3182866,22.3759435],[114.3182773,22.3759421],[114.3181414,22.375372],[114.3186485,22.3754343],[114.3188731,22.3758429],[114.3189688,22.3760338],[114.3191258,22.3763426],[114.3186896,22.3765259],[114.3185708,22.3761493],[114.3185556,22.376111]]],[[[114.3084628,22.3792435],[114.3074301,22.3792873],[114.3076167,22.3785242],[114.3080406,22.3784524],[114.3083668,22.378678],[114.3084628,22.3792435]]],[[[114.3148925,22.3839366],[114.3147488,22.3845191],[114.3144513,22.3848057],[114.3142723,22.3843999],[114.3143462,22.3840166],[114.3146863,22.3837509],[114.3148925,22.3839366]]],[[[114.3173771,22.3852091],[114.3175493,22.385695],[114.3179649,22.3860291],[114.3179094,22.3861459],[114.3178635,22.3864316],[114.3182202,22.3866252],[114.3184482,22.3872766],[114.3182858,22.3878255],[114.3180157,22.3881201],[114.3172626,22.3875041],[114.3168191,22.3873471],[114.3165926,22.3874785],[114.3166327,22.3876725],[114.3168814,22.3878099],[114.3167898,22.3879702],[114.3160277,22.3877194],[114.3154116,22.3867252],[114.3155185,22.3861595],[114.3150816,22.3857197],[114.3150414,22.3855026],[114.3154583,22.3839762],[114.3158117,22.3840502],[114.3158577,22.3844015],[114.3160456,22.3843897],[114.3160374,22.3842621],[114.3160374,22.3842612],[114.3160383,22.3842614],[114.3163678,22.3843267],[114.3168044,22.3845064],[114.3170385,22.3850607],[114.3173771,22.3852091]]],[[[114.3137733,22.3894129],[114.3135612,22.3896843],[114.3135154,22.3900763],[114.3129752,22.3900483],[114.3132386,22.3892938],[114.3137697,22.3889641],[114.3137733,22.3894129]]],[[[114.3321712,22.4749096],[114.3320472,22.4754024],[114.3316881,22.4755143],[114.3313907,22.4755119],[114.3311957,22.475209],[114.3314747,22.4746417],[114.3321712,22.4749096]]],[[[114.3309302,22.476787],[114.3311491,22.4767978],[114.3314484,22.477202],[114.3317732,22.4786706],[114.3317165,22.4800895],[114.3312456,22.4805285],[114.3309026,22.480493],[114.3307697,22.4790894],[114.3306072,22.4787415],[114.33079,22.4777945],[114.3307023,22.4771077],[114.3309302,22.476787]]],[[[114.3333891,22.4798119],[114.3337875,22.479491],[114.3341719,22.4795224],[114.3341605,22.4799342],[114.334105,22.4802318],[114.3338083,22.4803676],[114.3334069,22.4801894],[114.3333891,22.4798119]]],[[[114.2989024,22.5042605],[114.2991164,22.5042989],[114.3001065,22.5046531],[114.3001696,22.5050085],[114.3004842,22.5053462],[114.301053,22.5053141],[114.3014011,22.5056008],[114.3030673,22.505925],[114.3036588,22.5069885],[114.3035479,22.5072443],[114.30464,22.5078082],[114.3046032,22.5080535],[114.3041978,22.5084367],[114.3043154,22.5089431],[114.304673,22.5092532],[114.3052884,22.5093942],[114.3055078,22.5098711],[114.3068504,22.5097726],[114.3072802,22.509573],[114.307526,22.509261],[114.3085015,22.5086955],[114.3091785,22.5081613],[114.3105261,22.5080817],[114.310823,22.5084543],[114.3114313,22.5104471],[114.3121781,22.5110337],[114.3134037,22.5109895],[114.3141918,22.5113185],[114.3152233,22.5114559],[114.3161988,22.5119128],[114.3169658,22.5129366],[114.3182755,22.5139157],[114.3183872,22.5143969],[114.3184466,22.5149602],[114.318707,22.5154242],[114.3197588,22.5159991],[114.3212043,22.5163495],[114.3214062,22.516679],[114.3211678,22.5169148],[114.320803,22.516838],[114.3205599,22.516969],[114.3203283,22.5173714],[114.3201278,22.5177197],[114.3201404,22.5179911],[114.3193357,22.5183219],[114.3189596,22.5188733],[114.3183629,22.5186704],[114.3182656,22.5182269],[114.3176864,22.5183137],[114.3176307,22.5181411],[114.3176304,22.5181401],[114.3176296,22.5181393],[114.3170535,22.5174947],[114.3168296,22.5175146],[114.3167325,22.5177273],[114.316559,22.5179906],[114.3172923,22.5181359],[114.3164852,22.5185999],[114.3162221,22.5189303],[114.3161267,22.5194052],[114.3162013,22.5200029],[114.3164779,22.520104],[114.3172851,22.5203119],[114.3173624,22.5204611],[114.316313,22.5213478],[114.3162893,22.521773],[114.3156969,22.5225151],[114.3156211,22.522815],[114.3150164,22.5235681],[114.314049,22.5238995],[114.3140539,22.5243306],[114.3133531,22.5243739],[114.3129793,22.5247177],[114.3124606,22.5245726],[114.311948,22.5249629],[114.3115076,22.5249288],[114.3111395,22.5251004],[114.3109562,22.5256368],[114.3106058,22.5257225],[114.310441,22.5260124],[114.3097797,22.5259583],[114.3092738,22.5262393],[114.308989,22.5261128],[114.308811,22.5255348],[114.3083995,22.5251692],[114.3084574,22.5247509],[114.3086446,22.52459],[114.3097584,22.5243926],[114.3101279,22.5241801],[114.3102586,22.5239063],[114.3101857,22.5236079],[114.3094423,22.5230672],[114.3091234,22.5214126],[114.3094229,22.5208476],[114.3094647,22.5200973],[114.3099122,22.5198039],[114.3101106,22.5195627],[114.3101719,22.5190433],[114.3100039,22.5185274],[114.3091198,22.5175666],[114.3091825,22.5169747],[114.3095394,22.5166107],[114.308929,22.5165681],[114.3078911,22.5159968],[114.307715,22.5153109],[114.3079685,22.5147156],[114.3075209,22.5143275],[114.3061204,22.5144508],[114.3058816,22.5143247],[114.3057743,22.5137867],[114.3059125,22.5136194],[114.3066009,22.5134967],[114.3074595,22.5137265],[114.3074662,22.5135121],[114.3070235,22.5130983],[114.3060237,22.5130293],[114.3062396,22.5123899],[114.3061948,22.5120805],[114.3057772,22.5120781],[114.3052751,22.5125969],[114.3047421,22.512888],[114.3040342,22.512703],[114.3038368,22.5124548],[114.3039926,22.5120253],[114.3046488,22.5119798],[114.3050794,22.5115556],[114.3056796,22.5113146],[114.305826,22.5109145],[114.3056986,22.5108664],[114.3052703,22.5107046],[114.3047109,22.5107097],[114.3039659,22.5098608],[114.3037331,22.5104258],[114.3032172,22.5103917],[114.3028794,22.5101978],[114.302389,22.5105733],[114.3024852,22.5124696],[114.3022975,22.5126029],[114.3021689,22.512524],[114.3019464,22.5118736],[114.3009908,22.5121135],[114.3009468,22.5121612],[114.3008408,22.5122762],[114.3009414,22.5123443],[114.3016483,22.5128224],[114.3017336,22.5132136],[114.3015421,22.5134782],[114.3012722,22.5134146],[114.3009649,22.5129883],[114.3006027,22.5129858],[114.3002307,22.5132014],[114.3000409,22.5131313],[114.2996196,22.5122955],[114.2999449,22.5118388],[114.2999542,22.5117892],[114.300069,22.5111807],[114.3000757,22.5111449],[114.2991862,22.5117673],[114.2980065,22.5123445],[114.2976964,22.5131579],[114.2972852,22.5131058],[114.2970612,22.5124512],[114.2965063,22.5119883],[114.2959539,22.5120429],[114.2951857,22.5123961],[114.2950376,22.5125928],[114.2950504,22.5131846],[114.2947585,22.5133185],[114.2946418,22.5132368],[114.2946968,22.5123083],[114.2952075,22.5118695],[114.2951567,22.5111947],[114.295146,22.5110513],[114.2955274,22.5108976],[114.296002,22.5111117],[114.2973485,22.5102929],[114.2977785,22.5097976],[114.2980088,22.5087468],[114.2979038,22.5084324],[114.2976432,22.5082769],[114.2967564,22.5084971],[114.2972567,22.5076785],[114.2968694,22.5072402],[114.2962344,22.5072274],[114.2960741,22.5069924],[114.2964452,22.5064021],[114.2973625,22.5065121],[114.2976983,22.506853],[114.2982034,22.5068503],[114.2973692,22.5056718],[114.2973368,22.505428],[114.2979039,22.5051158],[114.2979837,22.5048265],[114.2985524,22.5046855],[114.2989024,22.5042605]]],[[[114.3204203,22.5325231],[114.3209114,22.532317],[114.3212739,22.5324562],[114.3216141,22.5339974],[114.321012,22.5354213],[114.3207329,22.5355405],[114.320479,22.535257],[114.3202507,22.5353527],[114.3201018,22.5375421],[114.3197762,22.5376733],[114.3192481,22.5375608],[114.3188875,22.5372994],[114.3184916,22.5372919],[114.3183134,22.537096],[114.3182439,22.5358127],[114.3180226,22.5349317],[114.3183777,22.5332187],[114.3190147,22.5326029],[114.3188578,22.5319207],[114.3172797,22.5296037],[114.3165788,22.5290942],[114.3163346,22.5291099],[114.3161113,22.5291869],[114.3156916,22.5285467],[114.3151941,22.5282991],[114.314527,22.528516],[114.3141357,22.5291133],[114.3141081,22.5302075],[114.3133043,22.531571],[114.3126857,22.5318103],[114.3126361,22.5322066],[114.3120339,22.5329707],[114.3119932,22.5338863],[114.3106795,22.5344706],[114.3098518,22.5352418],[114.3093598,22.5350245],[114.3079792,22.5334195],[114.3078027,22.5322763],[114.3078179,22.5314698],[114.3078172,22.5313933],[114.3079636,22.5299146],[114.308115,22.5296014],[114.3080359,22.5290826],[114.3081964,22.5289291],[114.3089748,22.5287884],[114.3094217,22.5283904],[114.3100128,22.5283426],[114.3105196,22.5280685],[114.3107337,22.5280107],[114.3115035,22.5278418],[114.314245,22.525702],[114.3160881,22.5246972],[114.3165521,22.5246306],[114.3171499,22.5249263],[114.3178878,22.5248444],[114.3181623,22.5245952],[114.3185575,22.5234561],[114.3188829,22.5230991],[114.3201973,22.5237532],[114.3203095,22.5242683],[114.3206193,22.5246252],[114.3206952,22.5254296],[114.3205552,22.5262659],[114.320118,22.5268852],[114.3201344,22.5284491],[114.3200042,22.5296739],[114.3197804,22.5302613],[114.3197381,22.5314006],[114.3202423,22.5319833],[114.3204203,22.5325231]]],[[[114.3071393,22.5379825],[114.3086951,22.5392958],[114.3092741,22.53949],[114.3096177,22.5400233],[114.3095942,22.5407915],[114.3086069,22.541678],[114.307783,22.5418362],[114.3072694,22.5417558],[114.3064182,22.541262],[114.3058967,22.5407683],[114.3055509,22.540433],[114.3055768,22.540067],[114.3052771,22.5393941],[114.3055101,22.5385302],[114.3055475,22.537256],[114.3071393,22.5379825]]],[[[114.3303879,22.5405177],[114.3306863,22.5399255],[114.3310675,22.5396152],[114.3313654,22.5403377],[114.3314265,22.5410319],[114.3311749,22.5419473],[114.3305941,22.5424359],[114.3297818,22.5422402],[114.3293532,22.541836],[114.3293623,22.5415197],[114.3296973,22.5409817],[114.3303879,22.5405177]]],[[[114.3118987,22.5419054],[114.3118722,22.5420909],[114.3116533,22.542114],[114.3115096,22.5417794],[114.3117844,22.5417117],[114.3118987,22.5419054]]],[[[114.3532877,22.2573832],[114.3533639,22.2575194],[114.3529912,22.2580503],[114.3526462,22.2579868],[114.3526282,22.2578481],[114.3528712,22.2574854],[114.3532877,22.2573832]]],[[[114.3532603,22.2596793],[114.3530472,22.2598406],[114.352816,22.2597902],[114.3528102,22.2596464],[114.3529893,22.259473],[114.3532452,22.2594837],[114.3532603,22.2596793]]],[[[114.3517539,22.2615783],[114.3518055,22.2613464],[114.3522673,22.2613649],[114.3522379,22.2616313],[114.351885,22.2616771],[114.3517539,22.2615783]]],[[[114.3695758,22.2661646],[114.3692778,22.266119],[114.3691859,22.2658303],[114.3693376,22.2655361],[114.370033,22.2647287],[114.3703981,22.264524],[114.3706534,22.2645628],[114.3706751,22.2650817],[114.3704332,22.2653611],[114.3695758,22.2661646]]],[[[114.3672488,22.2662773],[114.3674206,22.2667385],[114.367253,22.2671558],[114.3666201,22.2671531],[114.3665713,22.266694],[114.3669509,22.2663346],[114.3672488,22.2662773]]],[[[114.3683711,22.307015],[114.3682145,22.3073327],[114.3679219,22.3072025],[114.3681012,22.3067806],[114.3685178,22.3067093],[114.3683711,22.307015]]],[[[114.3648548,22.3073729],[114.3648912,22.3077485],[114.364564,22.3081154],[114.3644598,22.3074274],[114.3648548,22.3073729]]],[[[114.3700526,22.3122794],[114.3700008,22.3118853],[114.3705931,22.3114238],[114.3708728,22.3115535],[114.3710711,22.3114652],[114.371187,22.3116607],[114.3709924,22.311749],[114.3705796,22.3124174],[114.3702965,22.3124488],[114.3700526,22.3122794]]],[[[114.3717902,22.3123538],[114.3712183,22.3123936],[114.3710691,22.3122557],[114.3719568,22.3116908],[114.3717902,22.3123538]]],[[[114.3665663,22.3193247],[114.3661434,22.3198602],[114.3652799,22.3200649],[114.3650486,22.3200036],[114.364593,22.3205587],[114.3640389,22.3205082],[114.3630623,22.3208154],[114.3628419,22.3206482],[114.3621222,22.3206352],[114.3619088,22.3201257],[114.3613579,22.3201747],[114.3609282,22.319719],[114.3608593,22.3185926],[114.3610294,22.318196],[114.3609859,22.3175051],[114.3611736,22.3168536],[114.3611307,22.3166638],[114.3608387,22.3165083],[114.360862,22.3159364],[114.3612452,22.315772],[114.3612238,22.3154803],[114.3617862,22.3153266],[114.3621386,22.314797],[114.3618703,22.3143497],[114.362277,22.3133413],[114.3630604,22.3124066],[114.3639701,22.3120581],[114.3643253,22.3117879],[114.3652504,22.3119479],[114.3647139,22.3111137],[114.3648385,22.310918],[114.3654626,22.311064],[114.3651486,22.3107134],[114.3651577,22.3105356],[114.3648833,22.3083267],[114.3650805,22.3078967],[114.3658397,22.307339],[114.367094,22.3067518],[114.367465,22.3067928],[114.3676239,22.3072028],[114.367579,22.3079019],[114.3667008,22.3086192],[114.3668531,22.3087272],[114.3672851,22.3086501],[114.3674858,22.3088904],[114.3673354,22.3097115],[114.3670343,22.3101336],[114.3674542,22.3102292],[114.3678007,22.3099267],[114.3678711,22.3103679],[114.368319,22.3105428],[114.3683926,22.3109817],[114.3689616,22.3106951],[114.3695551,22.3106035],[114.3692602,22.3110911],[114.3696495,22.3109348],[114.3698988,22.3110334],[114.3704587,22.3108061],[114.3708724,22.3108177],[114.3709425,22.3109815],[114.369766,22.3115266],[114.3697357,22.3120306],[114.3694146,22.3123405],[114.3692588,22.312767],[114.3684413,22.3131615],[114.3681985,22.3137371],[114.3683548,22.3141212],[114.3682184,22.3147278],[114.3685593,22.3148602],[114.3690432,22.3146957],[114.3694273,22.3152412],[114.369041,22.3158481],[114.368685,22.315902],[114.3683514,22.3165738],[114.3680187,22.3174682],[114.3680771,22.3181476],[114.367408,22.3185505],[114.3676456,22.3186745],[114.3676217,22.3188109],[114.3670318,22.3192476],[114.3665663,22.3193247]]],[[[114.3660049,22.3207498],[114.3663615,22.3210491],[114.3656982,22.3212116],[114.3651904,22.3211184],[114.3652326,22.3207444],[114.3656828,22.3207698],[114.3662722,22.3204377],[114.3663243,22.320559],[114.3660049,22.3207498]]],[[[114.3664782,22.3218924],[114.3660591,22.3224279],[114.3657854,22.3225704],[114.3654964,22.3224205],[114.3655255,22.3219919],[114.3659246,22.3217602],[114.3664782,22.3218924]]],[[[114.368976,22.3257009],[114.3687808,22.3258139],[114.367683,22.3261805],[114.3674734,22.3261641],[114.3674088,22.3259605],[114.3675968,22.3255127],[114.3678248,22.3253623],[114.3689448,22.325514],[114.368976,22.3257009]]],[[[114.3667484,22.3259555],[114.3665139,22.3258563],[114.3667352,22.3253405],[114.3669362,22.3253432],[114.3672565,22.3257979],[114.367126,22.3262634],[114.3668557,22.3262154],[114.3667484,22.3259555]]],[[[114.368955,22.3261733],[114.3693175,22.3262718],[114.3691592,22.3266885],[114.3689496,22.3267739],[114.3677964,22.3268006],[114.3675771,22.3265178],[114.3678929,22.3263529],[114.368955,22.3261733]]],[[[114.368063,22.3304523],[114.3678383,22.3307983],[114.3672445,22.3306828],[114.3676462,22.3299989],[114.3680169,22.3302263],[114.368063,22.3304523]]],[[[114.3730374,22.3314486],[114.3728189,22.3317152],[114.3726265,22.3316786],[114.3722895,22.3321352],[114.3717591,22.3318442],[114.3715161,22.331864],[114.3716873,22.3321952],[114.3715137,22.3323369],[114.3718765,22.3326564],[114.3718036,22.3331662],[114.3713026,22.3335033],[114.3710008,22.3335181],[114.3704743,22.3332869],[114.3698366,22.3323361],[114.3702016,22.3319876],[114.3704268,22.3320632],[114.3706764,22.3318622],[114.3705814,22.3316442],[114.370682,22.3315026],[114.3711075,22.3314854],[114.3709425,22.3306756],[114.3711332,22.3299648],[114.3713787,22.3295313],[114.3719149,22.3295445],[114.3715307,22.3290047],[114.3716272,22.3285628],[114.3718905,22.3282067],[114.3722811,22.32831],[114.3725158,22.3285732],[114.3731849,22.3281081],[114.3732335,22.3283854],[114.3736656,22.3283227],[114.3743951,22.3277385],[114.3745568,22.3279477],[114.3743808,22.3280975],[114.3744508,22.3281946],[114.3747611,22.3280803],[114.3750291,22.328256],[114.3749462,22.3278143],[114.375242,22.327998],[114.3756433,22.3279803],[114.3758329,22.3286796],[114.3761001,22.3282628],[114.3763502,22.3284408],[114.3767577,22.3279956],[114.3770341,22.3280327],[114.3772285,22.3277661],[114.3776211,22.3276637],[114.3779257,22.3279378],[114.3780054,22.3283398],[114.3774977,22.3287846],[114.3774399,22.3290067],[114.375737,22.3295145],[114.3752209,22.3305628],[114.3729145,22.3306738],[114.3730374,22.3314486]]],[[[114.3676808,22.3354447],[114.3676749,22.3360873],[114.3673319,22.3367016],[114.3677009,22.3370383],[114.367848,22.3379103],[114.367566,22.3387914],[114.3673443,22.3390235],[114.3664623,22.3393559],[114.3666357,22.3395565],[114.3658171,22.3396909],[114.3653938,22.3395217],[114.3653048,22.3386209],[114.3650329,22.3378175],[114.3646187,22.3374929],[114.3644085,22.3375553],[114.3639283,22.3381979],[114.3634757,22.3382698],[114.3631624,22.3388984],[114.3622735,22.3387826],[114.3621818,22.3385992],[114.3618564,22.3385541],[114.3613936,22.3388268],[114.3609705,22.3387875],[114.3609552,22.3384263],[114.3608118,22.338026],[114.3609012,22.3368753],[114.3610535,22.3365305],[114.3609497,22.3361176],[114.3602334,22.3355212],[114.3603791,22.3348249],[114.3607645,22.3344954],[114.3608976,22.3341305],[114.3608857,22.3340114],[114.3605326,22.3340176],[114.3604781,22.3339043],[114.3609765,22.3334694],[114.3612798,22.3331693],[114.361175,22.3324681],[114.3610665,22.3322784],[114.3607096,22.3321821],[114.3608348,22.3319444],[114.3606637,22.3316385],[114.360371,22.3314945],[114.3600875,22.3308297],[114.3601115,22.3306853],[114.3604125,22.3306027],[114.36057,22.3299461],[114.3610814,22.3299961],[114.3613772,22.3306476],[114.3621962,22.3307876],[114.3623603,22.3304704],[114.3626337,22.3305915],[114.3628165,22.3303595],[114.3630906,22.330526],[114.363084,22.330175],[114.3634708,22.3299853],[114.3639993,22.329299],[114.3641812,22.329381],[114.3641911,22.3298522],[114.3646895,22.329358],[114.3648873,22.3293382],[114.3650032,22.3290832],[114.3654285,22.328986],[114.3655652,22.3285274],[114.366186,22.3284674],[114.3664021,22.3287157],[114.3662723,22.3292428],[114.3654511,22.3296885],[114.3654608,22.3299686],[114.3659905,22.3302229],[114.3663006,22.3300327],[114.3666358,22.330072],[114.3667057,22.3304878],[114.3665579,22.3314143],[114.3662782,22.331723],[114.3664034,22.331927],[114.3663456,22.3322015],[114.3661848,22.3321931],[114.3662339,22.3328443],[114.365791,22.3336629],[114.3659742,22.333745],[114.3659777,22.3340631],[114.3661846,22.334297],[114.3669306,22.3344463],[114.3668334,22.3348819],[114.3670716,22.3354144],[114.3676808,22.3354447]]],[[[114.3707593,22.3345718],[114.370022,22.3344478],[114.369937,22.334315],[114.3692098,22.3343245],[114.369571,22.3339219],[114.3701167,22.3341054],[114.3705149,22.3340422],[114.3708771,22.3343507],[114.3707593,22.3345718]]],[[[114.3754641,22.3389597],[114.375282,22.3391808],[114.3744176,22.3392952],[114.3743075,22.3388311],[114.3746572,22.3386523],[114.3753542,22.3386659],[114.3754641,22.3389597]]],[[[114.3695724,22.3457112],[114.3692763,22.3453916],[114.3688383,22.3452984],[114.3686397,22.3447354],[114.3691925,22.3442365],[114.3697801,22.3442841],[114.3701337,22.3446629],[114.3699821,22.3450255],[114.3699526,22.3456313],[114.3695724,22.3457112]]],[[[114.371482,22.3513768],[114.3717258,22.3514559],[114.3714614,22.3516743],[114.371482,22.3513768]]],[[[114.3782941,22.3578487],[114.3792995,22.3575033],[114.3794884,22.3576923],[114.379293,22.3581468],[114.378632,22.3587636],[114.3772534,22.3592953],[114.3772123,22.3590372],[114.3782941,22.3578487]]],[[[114.3918367,22.3627281],[114.3921933,22.3627445],[114.3919449,22.3632227],[114.3919792,22.3636135],[114.3917835,22.3642595],[114.3918915,22.3646199],[114.3916155,22.3646174],[114.3913636,22.3648517],[114.3906779,22.3647185],[114.3906007,22.3644474],[114.391045,22.3634719],[114.3918367,22.3627281]]],[[[114.38678,22.4020002],[114.3862382,22.4021873],[114.3856029,22.4020702],[114.3857493,22.4014127],[114.3861181,22.4012008],[114.3869324,22.40118],[114.38678,22.4020002]]],[[[114.3864885,22.4025406],[114.3866077,22.4028737],[114.3862996,22.4031262],[114.3863191,22.4032597],[114.3864992,22.403418],[114.3863917,22.4037555],[114.3859687,22.4040702],[114.3854272,22.4040024],[114.3850518,22.4035343],[114.3849831,22.4027191],[114.3856035,22.4024819],[114.3864885,22.4025406]]],[[[114.3875629,22.4056052],[114.3878272,22.4056566],[114.3878125,22.4058854],[114.3875877,22.4058712],[114.3875629,22.4056052]]],[[[114.4062206,22.4126869],[114.4063931,22.4128017],[114.4063599,22.413113],[114.4061017,22.4132904],[114.4057669,22.4132909],[114.4058394,22.4129453],[114.4062206,22.4126869]]],[[[114.401567,22.4331692],[114.4018949,22.4331746],[114.4022253,22.4335289],[114.402084,22.4338142],[114.4017448,22.4338141],[114.4014259,22.4335927],[114.4013943,22.4333814],[114.401567,22.4331692]]],[[[114.4014309,22.4355671],[114.401545,22.4350443],[114.4018549,22.4350665],[114.4023109,22.435509],[114.4022928,22.4358719],[114.4020265,22.4361295],[114.4015896,22.4359524],[114.4014309,22.4355671]]],[[[114.3917998,22.4406218],[114.3922577,22.4406299],[114.3922456,22.4408691],[114.3919935,22.4410785],[114.3917998,22.4406218]]],[[[114.3942459,22.4481512],[114.394646,22.4479509],[114.3948361,22.447676],[114.3949438,22.4478326],[114.3954104,22.4478041],[114.3954726,22.448027],[114.395743,22.4479808],[114.3957389,22.448166],[114.3960075,22.4481314],[114.396033,22.4484577],[114.39586,22.4485148],[114.3957898,22.448332],[114.3951624,22.4482272],[114.3949946,22.449196],[114.39462,22.4492912],[114.3945575,22.4489254],[114.3942041,22.4486199],[114.3942459,22.4481512]]],[[[114.4282466,22.4658686],[114.4278742,22.4659215],[114.4278256,22.4657746],[114.4286119,22.4651586],[114.4286176,22.4655751],[114.4282466,22.4658686]]],[[[114.4277728,22.4661182],[114.428021,22.4662354],[114.4279101,22.4666208],[114.4274046,22.4671041],[114.4272662,22.4670681],[114.4272811,22.4665864],[114.4277728,22.4661182]]],[[[114.3632543,22.4805442],[114.3634742,22.481308],[114.3637174,22.4817196],[114.3644823,22.4820842],[114.3645904,22.4830966],[114.3640718,22.4844031],[114.3635717,22.4850901],[114.3633921,22.4852492],[114.3627679,22.4851549],[114.3620361,22.4850116],[114.3617928,22.4850072],[114.3615755,22.4851092],[114.360758,22.4859695],[114.3603787,22.4861568],[114.3594589,22.4862859],[114.3589221,22.4858297],[114.3582181,22.4855008],[114.3573536,22.4845283],[114.3571793,22.4838342],[114.3568882,22.4834837],[114.3566772,22.4830225],[114.3562668,22.4823806],[114.3546097,22.4820656],[114.354301,22.4817812],[114.353541,22.4809436],[114.3534923,22.4806907],[114.353651,22.4805386],[114.3541653,22.4803286],[114.3543399,22.4800933],[114.3551814,22.4801603],[114.3555461,22.4798683],[114.3559887,22.478618],[114.3567729,22.4774921],[114.3566695,22.4770349],[114.3563804,22.4766335],[114.3563775,22.4762409],[114.357377,22.4755143],[114.3575424,22.4746035],[114.3574928,22.4737495],[114.3578615,22.4730796],[114.3576172,22.4721492],[114.357762,22.4718101],[114.3585016,22.4717662],[114.3587111,22.47213],[114.3600012,22.4733353],[114.3609085,22.4735193],[114.3612365,22.4734514],[114.3613407,22.4730605],[114.3613207,22.4729136],[114.3608907,22.4727966],[114.360766,22.4722292],[114.3602021,22.4724736],[114.3597368,22.4721647],[114.3590564,22.4702424],[114.3588141,22.4693547],[114.3585905,22.4690886],[114.3587215,22.4687808],[114.3583851,22.4684561],[114.3583311,22.4679681],[114.3579918,22.4672893],[114.3581478,22.4672111],[114.358271,22.4665245],[114.3582826,22.4664594],[114.3593856,22.4654492],[114.3605545,22.4651136],[114.3612671,22.4652258],[114.3619942,22.465539],[114.3626112,22.4665577],[114.3636601,22.4673471],[114.36406,22.4685938],[114.3639803,22.4692096],[114.3634641,22.4700767],[114.363757,22.471121],[114.3642495,22.4718027],[114.3653242,22.4718534],[114.3657865,22.4720925],[114.3660593,22.47251],[114.3667118,22.4728077],[114.3665323,22.4733727],[114.3662019,22.4734682],[114.366665,22.4746785],[114.3665056,22.4752168],[114.3669069,22.4756502],[114.366609,22.47636],[114.3667967,22.4766964],[114.3664997,22.4770085],[114.3650113,22.4779754],[114.3640474,22.4783329],[114.3635587,22.4786686],[114.3633069,22.4792273],[114.3632543,22.4805442]]],[[[114.3701541,22.483248],[114.3704843,22.482967],[114.3713057,22.4827562],[114.3713692,22.4829797],[114.3707445,22.4835384],[114.3702522,22.4837722],[114.3700766,22.483614],[114.3701541,22.483248]]],[[[114.3601329,22.4972562],[114.3605097,22.4974546],[114.3607391,22.497902],[114.3606536,22.4982566],[114.3606223,22.498516],[114.3608764,22.4989184],[114.3607015,22.4993167],[114.3611308,22.4999802],[114.3613627,22.5008588],[114.3618031,22.5009377],[114.3620266,22.5006188],[114.3622388,22.5012081],[114.3619592,22.501213],[114.3619919,22.501719],[114.3622931,22.5018977],[114.3626458,22.5018087],[114.3628121,22.5026718],[114.3631414,22.5031912],[114.3635427,22.5032224],[114.3639618,22.5036696],[114.3638501,22.5040219],[114.363334,22.5038825],[114.3625857,22.5041207],[114.3624225,22.5040373],[114.3621299,22.5032695],[114.3614939,22.5040177],[114.3607475,22.5046403],[114.3604558,22.504602],[114.3602345,22.5045729],[114.3593912,22.5047137],[114.3580909,22.5039417],[114.3576938,22.5037346],[114.3572639,22.5037222],[114.3568718,22.5032075],[114.3567711,22.5025074],[114.3570428,22.5017021],[114.3570539,22.5010515],[114.3566403,22.5007218],[114.3557496,22.5005579],[114.3552847,22.5002581],[114.3554981,22.4998286],[114.3560422,22.4993959],[114.3563818,22.4987385],[114.3566253,22.4986431],[114.3568387,22.4981438],[114.3574453,22.4972863],[114.3574274,22.4968432],[114.3575372,22.4966318],[114.3578109,22.4961044],[114.35802,22.4961533],[114.3581739,22.4967115],[114.35868,22.4967536],[114.358834,22.4970248],[114.3592401,22.4969211],[114.3597109,22.4964793],[114.3599665,22.4965873],[114.3599882,22.4962503],[114.3601425,22.4962135],[114.3601535,22.4967093],[114.3601329,22.4972562]]],[[[114.4272349,22.5520693],[114.4262243,22.551407],[114.4260215,22.5510528],[114.4256744,22.5499274],[114.4257213,22.5490687],[114.4256383,22.5488071],[114.425365,22.5485881],[114.4248811,22.5485842],[114.4245816,22.5483928],[114.4245222,22.5480264],[114.4246292,22.5479184],[114.4248581,22.5478905],[114.4253691,22.548111],[114.4256153,22.5481028],[114.4257702,22.5479478],[114.4261095,22.5472383],[114.4262566,22.5465599],[114.4261343,22.5461758],[114.4261132,22.5451321],[114.4259274,22.5446439],[114.4259659,22.5443371],[114.4261209,22.544228],[114.4262617,22.543916],[114.4260922,22.5433529],[114.4262432,22.5429716],[114.4265663,22.542578],[114.4272462,22.5421747],[114.4275228,22.5417537],[114.4278058,22.5408225],[114.4279011,22.5407319],[114.4282213,22.540668],[114.4286768,22.5408166],[114.4289566,22.5408207],[114.4299259,22.5405685],[114.4308235,22.5399954],[114.4313049,22.5399809],[114.4316695,22.5398582],[114.4335741,22.5385309],[114.4342366,22.5383398],[114.4348528,22.5379595],[114.4351714,22.5378575],[114.4372147,22.5380962],[114.4382362,22.5379586],[114.4392176,22.5383501],[114.4396795,22.5384623],[114.4401379,22.5388096],[114.440475,22.5396227],[114.4408262,22.5399812],[114.4413932,22.5402672],[114.4416443,22.5405382],[114.4415259,22.5409181],[114.4410622,22.5414248],[114.4409308,22.5414751],[114.4401964,22.5415121],[114.4397345,22.5416846],[114.4391514,22.542029],[114.4386992,22.5420977],[114.4379157,22.5420604],[114.4375313,22.5418962],[114.4373167,22.5415981],[114.4367026,22.5415169],[114.4360741,22.5416364],[114.4354652,22.5419725],[114.4344947,22.5429246],[114.4335343,22.5434845],[114.4329586,22.544406],[114.4324766,22.544343],[114.4319217,22.5444811],[114.4311342,22.5452418],[114.4308052,22.5459293],[114.4308794,22.5467336],[114.4306668,22.5475563],[114.4306773,22.5478952],[114.4304903,22.5483647],[114.4303575,22.548718],[114.4301745,22.5497354],[114.4302495,22.5507744],[114.4305577,22.5517051],[114.4306659,22.5524781],[114.4305649,22.5529388],[114.4303997,22.5531361],[114.4301906,22.5531226],[114.4292121,22.5527789],[114.428983,22.5526318],[114.4287877,22.5523631],[114.4280178,22.5519643],[114.4272349,22.5520693]]]]}}]}